match_id,date,league,home_team,away_team,home_goals,away_goals,matchday,result,season
435943,2023-08-11,PL,Burnley FC,Manchester City FC,0,3,1.0,A,2023.0
438479,2023-08-11,PD,Sevilla FC,Valencia CF,1,2,1.0,A,2023.0
442710,2023-08-11,FL1,OGC Nice,Lille OSC,1,1,1.0,D,2023.0
438482,2023-08-11,PD,UD Almería,Rayo Vallecano de Madrid,0,2,1.0,A,2023.0
435946,2023-08-12,PL,Brighton & Hove Albion FC,Luton Town FC,4,1,1.0,H,2023.0
435948,2023-08-12,PL,Sheffield United FC,Crystal Palace FC,0,1,1.0,A,2023.0
435949,2023-08-12,PL,Newcastle United FC,Aston Villa FC,5,1,1.0,H,2023.0
442712,2023-08-12,FL1,Paris Saint-Germain FC,FC Lorient,0,0,1.0,D,2023.0
435944,2023-08-12,PL,Arsenal FC,Nottingham Forest FC,2,1,1.0,H,2023.0
442711,2023-08-12,FL1,Olympique de Marseille,Stade de Reims,2,1,1.0,H,2023.0
435945,2023-08-12,PL,AFC Bournemouth,West Ham United FC,1,1,1.0,D,2023.0
438474,2023-08-12,PD,Athletic Club,Real Madrid CF,0,2,1.0,A,2023.0
438483,2023-08-12,PD,UD Las Palmas,RCD Mallorca,1,1,1.0,D,2023.0
438481,2023-08-12,PD,Real Sociedad de Fútbol,Girona FC,1,1,1.0,D,2023.0
435947,2023-08-12,PL,Everton FC,Fulham FC,0,1,1.0,A,2023.0
435951,2023-08-13,PL,Chelsea FC,Liverpool FC,1,1,1.0,D,2023.0
435950,2023-08-13,PL,Brentford FC,Tottenham Hotspur FC,2,2,1.0,D,2023.0
438478,2023-08-13,PD,Getafe CF,FC Barcelona,0,0,1.0,D,2023.0
442707,2023-08-13,FL1,Clermont Foot 63,AS Monaco FC,2,4,1.0,A,2023.0
438476,2023-08-13,PD,RC Celta de Vigo,CA Osasuna,0,2,1.0,A,2023.0
442713,2023-08-13,FL1,RC Strasbourg Alsace,Olympique Lyonnais,2,1,1.0,H,2023.0
442715,2023-08-13,FL1,Stade Rennais FC 1901,FC Metz,5,1,1.0,H,2023.0
442709,2023-08-13,FL1,Montpellier HSC,Le Havre AC,2,2,1.0,D,2023.0
442708,2023-08-13,FL1,FC Nantes,Toulouse FC,1,2,1.0,A,2023.0
442714,2023-08-13,FL1,Stade Brestois 29,Racing Club de Lens,3,2,1.0,H,2023.0
438480,2023-08-13,PD,Villarreal CF,Real Betis Balompié,1,2,1.0,A,2023.0
438475,2023-08-14,PD,Club Atlético de Madrid,Granada CF,3,1,1.0,H,2023.0
435952,2023-08-14,PL,Manchester United FC,Wolverhampton Wanderers FC,1,0,1.0,H,2023.0
438477,2023-08-14,PD,Cádiz CF,Deportivo Alavés,1,0,1.0,H,2023.0
441789,2023-08-18,BL1,SV Werder Bremen,FC Bayern München,0,4,1.0,A,2023.0
442719,2023-08-18,FL1,FC Metz,Olympique de Marseille,2,2,2.0,D,2023.0
435959,2023-08-18,PL,Nottingham Forest FC,Sheffield United FC,2,1,2.0,H,2023.0
438490,2023-08-18,PD,Valencia CF,UD Las Palmas,1,0,2.0,H,2023.0
438491,2023-08-18,PD,RCD Mallorca,Villarreal CF,0,1,2.0,A,2023.0
438492,2023-08-19,PD,Real Sociedad de Fútbol,RC Celta de Vigo,1,1,2.0,D,2023.0
442721,2023-08-19,FL1,Olympique Lyonnais,Montpellier HSC,1,4,2.0,A,2023.0
444255,2023-08-19,SA,Empoli FC,Hellas Verona FC,0,1,1.0,A,2023.0
438493,2023-08-19,PD,UD Almería,Real Madrid CF,1,3,2.0,A,2023.0
444257,2023-08-19,SA,Genoa CFC,ACF Fiorentina,1,4,1.0,A,2023.0
444258,2023-08-19,SA,FC Internazionale Milano,AC Monza,2,0,1.0,H,2023.0
441796,2023-08-19,BL1,FC Augsburg,Borussia Mönchengladbach,4,4,1.0,D,2023.0
444256,2023-08-19,SA,Frosinone Calcio,SSC Napoli,1,3,1.0,A,2023.0
441797,2023-08-19,BL1,VfB Stuttgart,VfL Bochum 1848,5,0,1.0,H,2023.0
438485,2023-08-19,PD,CA Osasuna,Athletic Club,0,2,2.0,A,2023.0
441795,2023-08-19,BL1,TSG 1899 Hoffenheim,SC Freiburg,1,2,1.0,A,2023.0
442720,2023-08-19,FL1,Toulouse FC,Paris Saint-Germain FC,1,1,2.0,D,2023.0
441792,2023-08-19,BL1,Bayer 04 Leverkusen,RB Leipzig,3,2,1.0,H,2023.0
435960,2023-08-19,PL,Tottenham Hotspur FC,Manchester United FC,2,0,2.0,H,2023.0
441790,2023-08-19,BL1,Borussia Dortmund,1. FC Köln,1,0,1.0,H,2023.0
435958,2023-08-19,PL,Manchester City FC,Newcastle United FC,1,0,2.0,H,2023.0
435956,2023-08-19,PL,Liverpool FC,AFC Bournemouth,3,1,2.0,H,2023.0
435955,2023-08-19,PL,Fulham FC,Brentford FC,0,3,2.0,A,2023.0
435962,2023-08-19,PL,Wolverhampton Wanderers FC,Brighton & Hove Albion FC,1,4,2.0,A,2023.0
441794,2023-08-19,BL1,VfL Wolfsburg,1. FC Heidenheim 1846,2,0,1.0,H,2023.0
442722,2023-08-20,FL1,Lille OSC,FC Nantes,2,0,2.0,H,2023.0
435961,2023-08-20,PL,West Ham United FC,Chelsea FC,3,1,2.0,H,2023.0
435953,2023-08-20,PL,Aston Villa FC,Everton FC,4,0,2.0,H,2023.0
438484,2023-08-20,PD,Real Betis Balompié,Club Atlético de Madrid,0,0,2.0,D,2023.0
438488,2023-08-20,PD,Girona FC,Getafe CF,3,0,2.0,H,2023.0
442723,2023-08-20,FL1,Racing Club de Lens,Stade Rennais FC 1901,1,1,2.0,D,2023.0
442718,2023-08-20,FL1,FC Lorient,OGC Nice,1,1,2.0,D,2023.0
442724,2023-08-20,FL1,Stade de Reims,Clermont Foot 63,2,0,2.0,H,2023.0
438487,2023-08-20,PD,FC Barcelona,Cádiz CF,2,0,2.0,H,2023.0
442716,2023-08-20,FL1,Le Havre AC,Stade Brestois 29,1,2,2.0,A,2023.0
444259,2023-08-20,SA,US Lecce,SS Lazio,2,1,1.0,H,2023.0
444261,2023-08-20,SA,US Sassuolo Calcio,Atalanta BC,0,2,1.0,A,2023.0
444260,2023-08-20,SA,AS Roma,US Salernitana 1919,2,2,1.0,D,2023.0
441793,2023-08-20,BL1,Eintracht Frankfurt,SV Darmstadt 98,1,0,1.0,H,2023.0
441791,2023-08-20,BL1,1. FC Union Berlin,1. FSV Mainz 05,4,1,1.0,H,2023.0
444263,2023-08-20,SA,Udinese Calcio,Juventus FC,0,3,1.0,A,2023.0
442717,2023-08-20,FL1,AS Monaco FC,RC Strasbourg Alsace,3,0,2.0,H,2023.0
444262,2023-08-21,SA,Torino FC,Cagliari Calcio,0,0,1.0,D,2023.0
435954,2023-08-21,PL,Crystal Palace FC,Arsenal FC,0,1,2.0,A,2023.0
438486,2023-08-21,PD,Deportivo Alavés,Sevilla FC,4,3,2.0,H,2023.0
444254,2023-08-21,SA,Bologna FC 1909,AC Milan,0,2,1.0,A,2023.0
438489,2023-08-21,PD,Granada CF,Rayo Vallecano de Madrid,0,2,2.0,A,2023.0
438495,2023-08-25,PD,RC Celta de Vigo,Real Madrid CF,0,1,3.0,A,2023.0
442727,2023-08-25,FL1,FC Nantes,AS Monaco FC,3,3,3.0,D,2023.0
441799,2023-08-25,BL1,RB Leipzig,VfB Stuttgart,5,1,2.0,H,2023.0
438503,2023-08-25,PD,UD Las Palmas,Real Sociedad de Fútbol,0,0,3.0,D,2023.0
435968,2023-08-25,PL,Chelsea FC,Luton Town FC,3,0,3.0,H,2023.0
441806,2023-08-26,BL1,SV Darmstadt 98,1. FC Union Berlin,1,4,2.0,A,2023.0
444267,2023-08-26,SA,Hellas Verona FC,AS Roma,2,1,2.0,H,2023.0
442730,2023-08-26,FL1,Olympique de Marseille,Stade Brestois 29,2,0,3.0,H,2023.0
442731,2023-08-26,FL1,Paris Saint-Germain FC,Racing Club de Lens,3,1,3.0,H,2023.0
438498,2023-08-26,PD,Granada CF,RCD Mallorca,3,2,3.0,H,2023.0
438496,2023-08-26,PD,Cádiz CF,UD Almería,1,1,3.0,D,2023.0
438499,2023-08-26,PD,Sevilla FC,Girona FC,1,2,3.0,A,2023.0
441802,2023-08-26,BL1,Borussia Mönchengladbach,Bayer 04 Leverkusen,0,3,2.0,A,2023.0
435963,2023-08-26,PL,AFC Bournemouth,Tottenham Hotspur FC,0,2,3.0,A,2023.0
444266,2023-08-26,SA,Frosinone Calcio,Atalanta BC,2,1,2.0,H,2023.0
444271,2023-08-26,SA,AC Monza,Empoli FC,2,0,2.0,H,2023.0
435970,2023-08-26,PL,Manchester United FC,Nottingham Forest FC,3,2,3.0,H,2023.0
435966,2023-08-26,PL,Brighton & Hove Albion FC,West Ham United FC,1,3,3.0,A,2023.0
441800,2023-08-26,BL1,SC Freiburg,SV Werder Bremen,1,0,2.0,H,2023.0
441803,2023-08-26,BL1,1. FC Köln,VfL Wolfsburg,1,2,2.0,A,2023.0
435965,2023-08-26,PL,Brentford FC,Crystal Palace FC,1,1,3.0,D,2023.0
441805,2023-08-26,BL1,1. FC Heidenheim 1846,TSG 1899 Hoffenheim,2,3,2.0,A,2023.0
435969,2023-08-26,PL,Everton FC,Wolverhampton Wanderers FC,0,1,3.0,A,2023.0
441804,2023-08-26,BL1,VfL Bochum 1848,Borussia Dortmund,1,1,2.0,D,2023.0
444270,2023-08-26,SA,AC Milan,Torino FC,4,1,2.0,H,2023.0
435964,2023-08-26,PL,Arsenal FC,Fulham FC,2,2,3.0,D,2023.0
442729,2023-08-27,FL1,OGC Nice,Olympique Lyonnais,0,0,3.0,D,2023.0
442728,2023-08-27,FL1,Montpellier HSC,Stade de Reims,1,3,3.0,A,2023.0
442733,2023-08-27,FL1,Stade Rennais FC 1901,Le Havre AC,2,2,3.0,D,2023.0
444269,2023-08-27,SA,SS Lazio,Genoa CFC,0,1,2.0,A,2023.0
442725,2023-08-27,FL1,Clermont Foot 63,FC Metz,0,1,3.0,A,2023.0
442732,2023-08-27,FL1,RC Strasbourg Alsace,Toulouse FC,2,0,3.0,H,2023.0
442726,2023-08-27,FL1,FC Lorient,Lille OSC,4,1,3.0,H,2023.0
435971,2023-08-27,PL,Newcastle United FC,Liverpool FC,1,2,3.0,A,2023.0
444265,2023-08-27,SA,ACF Fiorentina,US Lecce,2,2,2.0,D,2023.0
435972,2023-08-27,PL,Sheffield United FC,Manchester City FC,1,2,3.0,A,2023.0
444272,2023-08-27,SA,SSC Napoli,US Sassuolo Calcio,2,0,2.0,H,2023.0
444268,2023-08-27,SA,Juventus FC,Bologna FC 1909,1,1,2.0,D,2023.0
441798,2023-08-27,BL1,FC Bayern München,FC Augsburg,3,1,2.0,H,2023.0
441801,2023-08-27,BL1,1. FSV Mainz 05,Eintracht Frankfurt,1,1,2.0,D,2023.0
438501,2023-08-27,PD,Villarreal CF,FC Barcelona,3,4,3.0,A,2023.0
438500,2023-08-27,PD,Valencia CF,CA Osasuna,1,2,3.0,A,2023.0
438494,2023-08-27,PD,Athletic Club,Real Betis Balompié,4,2,3.0,H,2023.0
435967,2023-08-27,PL,Burnley FC,Aston Villa FC,1,3,3.0,A,2023.0
438497,2023-08-28,PD,Getafe CF,Deportivo Alavés,1,0,3.0,H,2023.0
438502,2023-08-28,PD,Rayo Vallecano de Madrid,Club Atlético de Madrid,0,7,3.0,A,2023.0
444264,2023-08-28,SA,Cagliari Calcio,FC Internazionale Milano,0,2,2.0,A,2023.0
444273,2023-08-28,SA,US Salernitana 1919,Udinese Calcio,1,1,2.0,D,2023.0
438513,2023-09-01,PD,UD Almería,RC Celta de Vigo,2,3,4.0,A,2023.0
438508,2023-09-01,PD,Cádiz CF,Villarreal CF,3,1,4.0,H,2023.0
442737,2023-09-01,FL1,FC Nantes,Olympique de Marseille,1,1,4.0,D,2023.0
435980,2023-09-01,PL,Luton Town FC,West Ham United FC,1,2,4.0,A,2023.0
441807,2023-09-01,BL1,Borussia Dortmund,1. FC Heidenheim 1846,2,2,3.0,D,2023.0
444280,2023-09-01,SA,AS Roma,AC Milan,1,2,3.0,A,2023.0
444281,2023-09-01,SA,US Sassuolo Calcio,Hellas Verona FC,3,1,3.0,H,2023.0
435976,2023-09-02,PL,Burnley FC,Tottenham Hotspur FC,2,5,4.0,A,2023.0
438512,2023-09-02,PD,Real Sociedad de Fútbol,Granada CF,5,3,4.0,H,2023.0
444275,2023-09-02,SA,Bologna FC 1909,Cagliari Calcio,2,1,3.0,H,2023.0
444283,2023-09-02,SA,Udinese Calcio,Frosinone Calcio,0,0,3.0,D,2023.0
438505,2023-09-02,PD,Real Betis Balompié,Rayo Vallecano de Madrid,1,0,4.0,H,2023.0
438507,2023-09-02,PD,Deportivo Alavés,Valencia CF,1,0,4.0,H,2023.0
441811,2023-09-02,BL1,Borussia Mönchengladbach,FC Bayern München,1,2,3.0,A,2023.0
444274,2023-09-02,SA,Atalanta BC,AC Monza,3,0,3.0,H,2023.0
438511,2023-09-02,PD,Real Madrid CF,Getafe CF,2,1,4.0,H,2023.0
441815,2023-09-02,BL1,VfB Stuttgart,SC Freiburg,5,0,3.0,H,2023.0
442735,2023-09-02,FL1,AS Monaco FC,Racing Club de Lens,3,0,4.0,H,2023.0
435981,2023-09-02,PL,Manchester City FC,Fulham FC,5,1,4.0,H,2023.0
441809,2023-09-02,BL1,Bayer 04 Leverkusen,SV Darmstadt 98,5,1,3.0,H,2023.0
441813,2023-09-02,BL1,SV Werder Bremen,1. FSV Mainz 05,4,0,3.0,H,2023.0
441814,2023-09-02,BL1,FC Augsburg,VfL Bochum 1848,2,2,3.0,D,2023.0
442741,2023-09-02,FL1,Stade Brestois 29,Stade Rennais FC 1901,0,0,4.0,D,2023.0
444279,2023-09-02,SA,SSC Napoli,SS Lazio,1,2,3.0,A,2023.0
441812,2023-09-02,BL1,TSG 1899 Hoffenheim,VfL Wolfsburg,3,1,3.0,H,2023.0
435974,2023-09-02,PL,Brentford FC,AFC Bournemouth,2,2,4.0,D,2023.0
435977,2023-09-02,PL,Chelsea FC,Nottingham Forest FC,0,1,4.0,A,2023.0
435975,2023-09-02,PL,Brighton & Hove Albion FC,Newcastle United FC,3,1,4.0,H,2023.0
435982,2023-09-02,PL,Sheffield United FC,Everton FC,2,2,4.0,D,2023.0
435973,2023-09-03,PL,Arsenal FC,Manchester United FC,3,1,4.0,H,2023.0
435978,2023-09-03,PL,Crystal Palace FC,Wolverhampton Wanderers FC,3,2,4.0,H,2023.0
435979,2023-09-03,PL,Liverpool FC,Aston Villa FC,3,0,4.0,H,2023.0
442739,2023-09-03,FL1,OGC Nice,RC Strasbourg Alsace,2,0,4.0,H,2023.0
441810,2023-09-03,BL1,Eintracht Frankfurt,1. FC Köln,1,1,3.0,D,2023.0
438509,2023-09-03,PD,Girona FC,UD Las Palmas,1,0,4.0,H,2023.0
444276,2023-09-03,SA,Empoli FC,Juventus FC,0,2,3.0,A,2023.0
442742,2023-09-03,FL1,Olympique Lyonnais,Paris Saint-Germain FC,1,4,4.0,A,2023.0
442740,2023-09-03,FL1,Lille OSC,Montpellier HSC,1,0,4.0,H,2023.0
442738,2023-09-03,FL1,Toulouse FC,Clermont Foot 63,2,2,4.0,D,2023.0
442736,2023-09-03,FL1,FC Metz,Stade de Reims,2,2,4.0,D,2023.0
441808,2023-09-03,BL1,1. FC Union Berlin,RB Leipzig,0,3,3.0,A,2023.0
444278,2023-09-03,SA,US Lecce,US Salernitana 1919,2,0,3.0,H,2023.0
438510,2023-09-03,PD,RCD Mallorca,Athletic Club,0,0,4.0,D,2023.0
438506,2023-09-03,PD,CA Osasuna,FC Barcelona,1,2,4.0,A,2023.0
444282,2023-09-03,SA,Torino FC,Genoa CFC,1,0,3.0,H,2023.0
444277,2023-09-03,SA,FC Internazionale Milano,ACF Fiorentina,4,0,3.0,H,2023.0
442734,2023-09-03,FL1,Le Havre AC,FC Lorient,3,0,4.0,H,2023.0
442747,2023-09-15,FL1,Paris Saint-Germain FC,OGC Nice,2,3,5.0,A,2023.0
441816,2023-09-15,BL1,FC Bayern München,Bayer 04 Leverkusen,2,2,4.0,D,2023.0
438522,2023-09-15,PD,Rayo Vallecano de Madrid,Deportivo Alavés,2,0,5.0,H,2023.0
435988,2023-09-16,PL,Newcastle United FC,Brentford FC,1,0,5.0,H,2023.0
438516,2023-09-16,PD,FC Barcelona,Real Betis Balompié,5,0,5.0,H,2023.0
441819,2023-09-16,BL1,VfL Wolfsburg,1. FC Union Berlin,2,1,4.0,H,2023.0
438515,2023-09-16,PD,RC Celta de Vigo,RCD Mallorca,0,1,5.0,A,2023.0
438520,2023-09-16,PD,Valencia CF,Club Atlético de Madrid,3,0,5.0,H,2023.0
441822,2023-09-16,BL1,VfL Bochum 1848,Eintracht Frankfurt,1,1,4.0,D,2023.0
441821,2023-09-16,BL1,1. FC Köln,TSG 1899 Hoffenheim,1,3,4.0,A,2023.0
442749,2023-09-16,FL1,Racing Club de Lens,FC Metz,0,1,5.0,A,2023.0
442751,2023-09-16,FL1,Stade Rennais FC 1901,Lille OSC,2,2,5.0,D,2023.0
435987,2023-09-16,PL,Manchester United FC,Brighton & Hove Albion FC,1,3,5.0,A,2023.0
438514,2023-09-16,PD,Athletic Club,Cádiz CF,3,0,5.0,H,2023.0
435991,2023-09-16,PL,West Ham United FC,Manchester City FC,1,3,5.0,A,2023.0
444290,2023-09-16,SA,Juventus FC,SS Lazio,3,1,4.0,H,2023.0
441817,2023-09-16,BL1,RB Leipzig,FC Augsburg,3,0,4.0,H,2023.0
441818,2023-09-16,BL1,SC Freiburg,Borussia Dortmund,2,4,4.0,A,2023.0
441820,2023-09-16,BL1,1. FSV Mainz 05,VfB Stuttgart,1,3,4.0,A,2023.0
444289,2023-09-16,SA,FC Internazionale Milano,AC Milan,5,1,4.0,H,2023.0
435990,2023-09-16,PL,Tottenham Hotspur FC,Sheffield United FC,2,1,5.0,H,2023.0
444287,2023-09-16,SA,Genoa CFC,SSC Napoli,2,2,4.0,D,2023.0
435986,2023-09-16,PL,Fulham FC,Luton Town FC,1,0,5.0,H,2023.0
435984,2023-09-16,PL,Aston Villa FC,Crystal Palace FC,3,1,5.0,H,2023.0
435992,2023-09-16,PL,Wolverhampton Wanderers FC,Liverpool FC,1,3,5.0,A,2023.0
444284,2023-09-17,SA,Cagliari Calcio,Udinese Calcio,0,0,4.0,D,2023.0
442746,2023-09-17,FL1,Olympique de Marseille,Toulouse FC,0,0,5.0,D,2023.0
442750,2023-09-17,FL1,Stade de Reims,Stade Brestois 29,1,2,5.0,A,2023.0
442748,2023-09-17,FL1,RC Strasbourg Alsace,Montpellier HSC,2,2,5.0,D,2023.0
442743,2023-09-17,FL1,Clermont Foot 63,FC Nantes,0,1,5.0,A,2023.0
441824,2023-09-17,BL1,SV Darmstadt 98,Borussia Mönchengladbach,3,3,4.0,D,2023.0
441823,2023-09-17,BL1,1. FC Heidenheim 1846,SV Werder Bremen,4,2,4.0,H,2023.0
442744,2023-09-17,FL1,FC Lorient,AS Monaco FC,2,2,5.0,D,2023.0
435985,2023-09-17,PL,Everton FC,Arsenal FC,0,1,5.0,A,2023.0
442745,2023-09-17,FL1,Olympique Lyonnais,Le Havre AC,0,0,5.0,D,2023.0
438517,2023-09-17,PD,Getafe CF,CA Osasuna,3,2,5.0,H,2023.0
435983,2023-09-17,PL,AFC Bournemouth,Chelsea FC,0,0,5.0,D,2023.0
438519,2023-09-17,PD,Sevilla FC,UD Las Palmas,1,0,5.0,H,2023.0
438521,2023-09-17,PD,Villarreal CF,UD Almería,2,1,5.0,H,2023.0
438523,2023-09-17,PD,Real Madrid CF,Real Sociedad de Fútbol,2,1,5.0,H,2023.0
444285,2023-09-17,SA,ACF Fiorentina,Atalanta BC,3,2,4.0,H,2023.0
444291,2023-09-17,SA,AC Monza,US Lecce,1,1,4.0,D,2023.0
444286,2023-09-17,SA,Frosinone Calcio,US Sassuolo Calcio,4,2,4.0,H,2023.0
444292,2023-09-17,SA,AS Roma,Empoli FC,7,0,4.0,H,2023.0
444293,2023-09-18,SA,US Salernitana 1919,Torino FC,0,3,4.0,A,2023.0
444288,2023-09-18,SA,Hellas Verona FC,Bologna FC 1909,0,0,4.0,D,2023.0
438518,2023-09-18,PD,Granada CF,Girona FC,2,4,5.0,A,2023.0
435989,2023-09-18,PL,Nottingham Forest FC,Burnley FC,1,1,5.0,D,2023.0
451654,2023-09-19,CL,FK Shakhtar Donetsk,FC Porto,1,3,1.0,A,2023.0
451637,2023-09-19,CL,BSC Young Boys,RB Leipzig,1,3,1.0,A,2023.0
451647,2023-09-19,CL,FC Barcelona,Royal Antwerp FC,5,0,1.0,H,2023.0
451640,2023-09-19,CL,Manchester City FC,FK Crvena Zvezda,3,1,1.0,H,2023.0
451616,2023-09-19,CL,Feyenoord Rotterdam,Celtic FC,2,0,1.0,H,2023.0
451614,2023-09-19,CL,SS Lazio,Club Atlético de Madrid,1,1,1.0,D,2023.0
451623,2023-09-19,CL,AC Milan,Newcastle United FC,0,0,1.0,D,2023.0
451630,2023-09-19,CL,Paris Saint-Germain FC,Borussia Dortmund,2,0,1.0,H,2023.0
451595,2023-09-20,CL,Sporting Clube de Braga,SSC Napoli,1,2,1.0,A,2023.0
451586,2023-09-20,CL,Real Madrid CF,1. FC Union Berlin,1,0,1.0,H,2023.0
451568,2023-09-20,CL,Galatasaray SK,FC København,2,2,1.0,D,2023.0
451584,2023-09-20,CL,Sevilla FC,Racing Club de Lens,1,1,1.0,D,2023.0
451600,2023-09-20,CL,Real Sociedad de Fútbol,FC Internazionale Milano,1,1,1.0,D,2023.0
451565,2023-09-20,CL,FC Bayern München,Manchester United FC,4,3,1.0,H,2023.0
451573,2023-09-20,CL,Arsenal FC,PSV,4,0,1.0,H,2023.0
451606,2023-09-20,CL,Sport Lisboa e Benfica,FC Red Bull Salzburg,0,2,1.0,A,2023.0
441833,2023-09-22,BL1,VfB Stuttgart,SV Darmstadt 98,3,1,5.0,H,2023.0
444298,2023-09-22,SA,US Lecce,Genoa CFC,1,0,5.0,H,2023.0
438527,2023-09-22,PD,Deportivo Alavés,Athletic Club,0,2,6.0,A,2023.0
444300,2023-09-22,SA,US Salernitana 1919,Frosinone Calcio,1,1,5.0,D,2023.0
442753,2023-09-22,FL1,AS Monaco FC,OGC Nice,0,1,6.0,A,2023.0
442755,2023-09-23,FL1,FC Nantes,FC Lorient,5,3,6.0,H,2023.0
435994,2023-09-23,PL,Brentford FC,Everton FC,1,3,6.0,A,2023.0
438532,2023-09-23,PD,UD Almería,Valencia CF,2,2,6.0,D,2023.0
438528,2023-09-23,PD,FC Barcelona,RC Celta de Vigo,3,2,6.0,H,2023.0
438526,2023-09-23,PD,CA Osasuna,Sevilla FC,0,0,6.0,D,2023.0
438529,2023-09-23,PD,Girona FC,RCD Mallorca,5,3,6.0,H,2023.0
436001,2023-09-23,PL,Manchester City FC,Nottingham Forest FC,2,0,6.0,H,2023.0
436000,2023-09-23,PL,Luton Town FC,Wolverhampton Wanderers FC,1,1,6.0,D,2023.0
435998,2023-09-23,PL,Crystal Palace FC,Fulham FC,0,0,6.0,D,2023.0
435996,2023-09-23,PL,Burnley FC,Manchester United FC,0,1,6.0,A,2023.0
441826,2023-09-23,BL1,Borussia Dortmund,VfL Wolfsburg,1,0,5.0,H,2023.0
441825,2023-09-23,BL1,FC Bayern München,VfL Bochum 1848,7,0,5.0,H,2023.0
441830,2023-09-23,BL1,Borussia Mönchengladbach,RB Leipzig,0,1,5.0,A,2023.0
444297,2023-09-23,SA,SS Lazio,AC Monza,1,1,5.0,D,2023.0
444301,2023-09-23,SA,US Sassuolo Calcio,Juventus FC,4,2,5.0,H,2023.0
444299,2023-09-23,SA,AC Milan,Hellas Verona FC,1,0,5.0,H,2023.0
442760,2023-09-23,FL1,Stade Brestois 29,Olympique Lyonnais,1,0,6.0,H,2023.0
441831,2023-09-23,BL1,SV Werder Bremen,1. FC Köln,2,1,5.0,H,2023.0
441832,2023-09-23,BL1,FC Augsburg,1. FSV Mainz 05,2,1,5.0,H,2023.0
441827,2023-09-23,BL1,1. FC Union Berlin,TSG 1899 Hoffenheim,0,2,5.0,A,2023.0
436002,2023-09-24,PL,Sheffield United FC,Newcastle United FC,0,8,6.0,A,2023.0
444294,2023-09-24,SA,Atalanta BC,Cagliari Calcio,2,0,5.0,H,2023.0
444296,2023-09-24,SA,Empoli FC,FC Internazionale Milano,0,1,5.0,A,2023.0
444295,2023-09-24,SA,Bologna FC 1909,SSC Napoli,0,0,5.0,D,2023.0
442752,2023-09-24,FL1,Le Havre AC,Clermont Foot 63,2,1,6.0,H,2023.0
435999,2023-09-24,PL,Liverpool FC,West Ham United FC,3,1,6.0,H,2023.0
438530,2023-09-24,PD,Rayo Vallecano de Madrid,Villarreal CF,1,1,6.0,D,2023.0
438531,2023-09-24,PD,Real Sociedad de Fútbol,Getafe CF,4,3,6.0,H,2023.0
444303,2023-09-24,SA,Udinese Calcio,ACF Fiorentina,0,2,5.0,A,2023.0
444302,2023-09-24,SA,Torino FC,AS Roma,1,1,5.0,D,2023.0
438525,2023-09-24,PD,Real Betis Balompié,Cádiz CF,1,1,6.0,D,2023.0
438533,2023-09-24,PD,UD Las Palmas,Granada CF,1,0,6.0,H,2023.0
435997,2023-09-24,PL,Chelsea FC,Aston Villa FC,0,1,6.0,A,2023.0
441828,2023-09-24,BL1,Bayer 04 Leverkusen,1. FC Heidenheim 1846,4,1,5.0,H,2023.0
441829,2023-09-24,BL1,Eintracht Frankfurt,SC Freiburg,0,0,5.0,D,2023.0
435995,2023-09-24,PL,Brighton & Hove Albion FC,AFC Bournemouth,3,1,6.0,H,2023.0
435993,2023-09-24,PL,Arsenal FC,Tottenham Hotspur FC,2,2,6.0,D,2023.0
442754,2023-09-24,FL1,FC Metz,RC Strasbourg Alsace,0,1,6.0,A,2023.0
442758,2023-09-24,FL1,Paris Saint-Germain FC,Olympique de Marseille,4,0,6.0,H,2023.0
442759,2023-09-24,FL1,Racing Club de Lens,Toulouse FC,2,1,6.0,H,2023.0
442756,2023-09-24,FL1,Montpellier HSC,Stade Rennais FC 1901,0,0,6.0,D,2023.0
438524,2023-09-24,PD,Club Atlético de Madrid,Real Madrid CF,3,1,6.0,H,2023.0
438539,2023-09-26,PD,Sevilla FC,UD Almería,5,1,7.0,H,2023.0
438542,2023-09-26,PD,RCD Mallorca,FC Barcelona,2,2,7.0,D,2023.0
442757,2023-09-26,FL1,Lille OSC,Stade de Reims,1,2,6.0,A,2023.0
444310,2023-09-26,SA,Juventus FC,US Lecce,1,0,6.0,H,2023.0
444304,2023-09-27,SA,Cagliari Calcio,AC Milan,1,3,6.0,A,2023.0
438534,2023-09-27,PD,Athletic Club,Getafe CF,2,2,7.0,D,2023.0
438541,2023-09-27,PD,Villarreal CF,Girona FC,1,2,7.0,A,2023.0
444313,2023-09-27,SA,SSC Napoli,Udinese Calcio,4,1,6.0,H,2023.0
444311,2023-09-27,SA,SS Lazio,Torino FC,2,0,6.0,H,2023.0
444309,2023-09-27,SA,FC Internazionale Milano,US Sassuolo Calcio,1,2,6.0,A,2023.0
444308,2023-09-27,SA,Hellas Verona FC,Atalanta BC,0,1,6.0,A,2023.0
444305,2023-09-27,SA,Empoli FC,US Salernitana 1919,1,0,6.0,H,2023.0
438543,2023-09-27,PD,Real Madrid CF,UD Las Palmas,2,0,7.0,H,2023.0
438537,2023-09-27,PD,Cádiz CF,Rayo Vallecano de Madrid,0,0,7.0,D,2023.0
438540,2023-09-27,PD,Valencia CF,Real Sociedad de Fútbol,0,1,7.0,A,2023.0
444307,2023-09-28,SA,Genoa CFC,AS Roma,4,1,6.0,H,2023.0
438538,2023-09-28,PD,Granada CF,Real Betis Balompié,1,1,7.0,D,2023.0
438536,2023-09-28,PD,RC Celta de Vigo,Deportivo Alavés,1,1,7.0,D,2023.0
444306,2023-09-28,SA,Frosinone Calcio,ACF Fiorentina,1,1,6.0,D,2023.0
438535,2023-09-28,PD,CA Osasuna,Club Atlético de Madrid,0,2,7.0,A,2023.0
444312,2023-09-28,SA,AC Monza,Bologna FC 1909,0,0,6.0,D,2023.0
442767,2023-09-29,FL1,RC Strasbourg Alsace,Racing Club de Lens,0,1,7.0,A,2023.0
438547,2023-09-29,PD,FC Barcelona,Sevilla FC,1,0,8.0,H,2023.0
441839,2023-09-29,BL1,TSG 1899 Hoffenheim,Borussia Dortmund,1,3,6.0,A,2023.0
441840,2023-09-30,BL1,VfL Bochum 1848,Borussia Mönchengladbach,1,3,6.0,A,2023.0
436003,2023-09-30,PL,AFC Bournemouth,Arsenal FC,0,4,7.0,A,2023.0
441837,2023-09-30,BL1,1. FSV Mainz 05,Bayer 04 Leverkusen,0,3,6.0,A,2023.0
444320,2023-09-30,SA,US Salernitana 1919,FC Internazionale Milano,0,4,7.0,A,2023.0
438549,2023-09-30,PD,Girona FC,Real Madrid CF,0,3,8.0,A,2023.0
436007,2023-09-30,PL,Manchester United FC,Crystal Palace FC,0,1,7.0,A,2023.0
436004,2023-09-30,PL,Aston Villa FC,Brighton & Hove Albion FC,6,1,7.0,H,2023.0
436005,2023-09-30,PL,Everton FC,Luton Town FC,1,2,7.0,A,2023.0
436008,2023-09-30,PL,Newcastle United FC,Burnley FC,2,0,7.0,H,2023.0
441838,2023-09-30,BL1,1. FC Köln,VfB Stuttgart,0,2,6.0,A,2023.0
438551,2023-09-30,PD,Real Sociedad de Fútbol,Athletic Club,3,0,8.0,H,2023.0
436012,2023-09-30,PL,Wolverhampton Wanderers FC,Manchester City FC,2,1,7.0,H,2023.0
436010,2023-09-30,PL,Tottenham Hotspur FC,Liverpool FC,2,1,7.0,H,2023.0
441834,2023-09-30,BL1,RB Leipzig,FC Bayern München,2,2,6.0,D,2023.0
444318,2023-09-30,SA,AC Milan,SS Lazio,2,0,7.0,H,2023.0
444317,2023-09-30,SA,US Lecce,SSC Napoli,0,4,7.0,A,2023.0
438550,2023-09-30,PD,Rayo Vallecano de Madrid,RCD Mallorca,2,2,8.0,D,2023.0
438548,2023-09-30,PD,Getafe CF,Villarreal CF,0,0,8.0,D,2023.0
436011,2023-09-30,PL,West Ham United FC,Sheffield United FC,2,0,7.0,H,2023.0
441836,2023-09-30,BL1,VfL Wolfsburg,Eintracht Frankfurt,2,0,6.0,H,2023.0
442762,2023-09-30,FL1,AS Monaco FC,Olympique de Marseille,3,2,7.0,H,2023.0
442763,2023-09-30,FL1,Clermont Foot 63,Paris Saint-Germain FC,0,0,7.0,D,2023.0
441841,2023-09-30,BL1,1. FC Heidenheim 1846,1. FC Union Berlin,1,0,6.0,H,2023.0
444323,2023-10-01,SA,Udinese Calcio,Genoa CFC,2,2,7.0,D,2023.0
444315,2023-10-01,SA,Bologna FC 1909,Empoli FC,3,0,7.0,H,2023.0
436009,2023-10-01,PL,Nottingham Forest FC,Brentford FC,1,1,7.0,D,2023.0
438544,2023-10-01,PD,Club Atlético de Madrid,Cádiz CF,3,2,8.0,H,2023.0
441842,2023-10-01,BL1,SV Darmstadt 98,SV Werder Bremen,4,2,6.0,H,2023.0
444319,2023-10-01,SA,AS Roma,Frosinone Calcio,2,0,7.0,H,2023.0
442765,2023-10-01,FL1,Toulouse FC,FC Metz,3,0,7.0,H,2023.0
441835,2023-10-01,BL1,SC Freiburg,FC Augsburg,2,0,6.0,H,2023.0
444314,2023-10-01,SA,Atalanta BC,Juventus FC,0,0,7.0,D,2023.0
442764,2023-10-01,FL1,FC Lorient,Montpellier HSC,0,3,7.0,A,2023.0
438552,2023-10-01,PD,UD Almería,Granada CF,3,3,8.0,D,2023.0
438546,2023-10-01,PD,Deportivo Alavés,CA Osasuna,0,2,8.0,A,2023.0
442768,2023-10-01,FL1,Stade de Reims,Olympique Lyonnais,2,0,7.0,H,2023.0
442769,2023-10-01,FL1,Stade Rennais FC 1901,FC Nantes,3,1,7.0,H,2023.0
442766,2023-10-01,FL1,OGC Nice,Stade Brestois 29,0,0,7.0,D,2023.0
442761,2023-10-01,FL1,Le Havre AC,Lille OSC,0,2,7.0,A,2023.0
438545,2023-10-01,PD,Real Betis Balompié,Valencia CF,3,0,8.0,H,2023.0
444316,2023-10-02,SA,ACF Fiorentina,Cagliari Calcio,3,0,7.0,H,2023.0
444321,2023-10-02,SA,US Sassuolo Calcio,AC Monza,0,1,7.0,A,2023.0
436006,2023-10-02,PL,Fulham FC,Chelsea FC,0,2,7.0,A,2023.0
444322,2023-10-02,SA,Torino FC,Hellas Verona FC,0,0,7.0,D,2023.0
438553,2023-10-02,PD,UD Las Palmas,RC Celta de Vigo,2,1,8.0,H,2023.0
451576,2023-10-03,CL,Racing Club de Lens,Arsenal FC,2,1,2.0,H,2023.0
451581,2023-10-03,CL,PSV,Sevilla FC,2,2,2.0,D,2023.0
451562,2023-10-03,CL,FC København,FC Bayern München,1,2,2.0,A,2023.0
451601,2023-10-03,CL,FC Internazionale Milano,Sport Lisboa e Benfica,1,0,2.0,H,2023.0
451572,2023-10-03,CL,Manchester United FC,Galatasaray SK,2,3,2.0,A,2023.0
451594,2023-10-03,CL,SSC Napoli,Real Madrid CF,2,3,2.0,A,2023.0
451603,2023-10-03,CL,FC Red Bull Salzburg,Real Sociedad de Fútbol,0,2,2.0,A,2023.0
451587,2023-10-03,CL,1. FC Union Berlin,Sporting Clube de Braga,2,3,2.0,A,2023.0
435957,2023-10-03,PL,Luton Town FC,Burnley FC,1,2,2.0,A,2023.0
451655,2023-10-04,CL,Royal Antwerp FC,FK Shakhtar Donetsk,2,3,2.0,A,2023.0
451622,2023-10-04,CL,Borussia Dortmund,AC Milan,0,0,2.0,D,2023.0
451644,2023-10-04,CL,RB Leipzig,Manchester City FC,1,3,2.0,A,2023.0
451611,2023-10-04,CL,Club Atlético de Madrid,Feyenoord Rotterdam,3,2,2.0,H,2023.0
451646,2023-10-04,CL,FC Porto,FC Barcelona,0,1,2.0,A,2023.0
451631,2023-10-04,CL,Newcastle United FC,Paris Saint-Germain FC,4,1,2.0,H,2023.0
451634,2023-10-04,CL,FK Crvena Zvezda,BSC Young Boys,2,2,2.0,D,2023.0
451617,2023-10-04,CL,Celtic FC,SS Lazio,1,2,2.0,A,2023.0
444331,2023-10-06,SA,US Lecce,US Sassuolo Calcio,1,1,8.0,D,2023.0
442774,2023-10-06,FL1,RC Strasbourg Alsace,FC Nantes,1,2,8.0,A,2023.0
438554,2023-10-06,PD,Athletic Club,UD Almería,3,0,9.0,H,2023.0
441848,2023-10-06,BL1,Borussia Mönchengladbach,1. FSV Mainz 05,2,2,7.0,D,2023.0
444325,2023-10-06,SA,Empoli FC,Udinese Calcio,0,0,8.0,D,2023.0
436018,2023-10-07,PL,Fulham FC,Sheffield United FC,3,1,8.0,H,2023.0
436015,2023-10-07,PL,Burnley FC,Chelsea FC,1,4,8.0,A,2023.0
436017,2023-10-07,PL,Everton FC,AFC Bournemouth,3,0,8.0,H,2023.0
441849,2023-10-07,BL1,SV Werder Bremen,TSG 1899 Hoffenheim,2,3,7.0,A,2023.0
441845,2023-10-07,BL1,RB Leipzig,VfL Bochum 1848,0,0,7.0,D,2023.0
441844,2023-10-07,BL1,Borussia Dortmund,1. FC Union Berlin,4,2,7.0,H,2023.0
436019,2023-10-07,PL,Luton Town FC,Tottenham Hotspur FC,0,1,8.0,A,2023.0
441850,2023-10-07,BL1,FC Augsburg,SV Darmstadt 98,1,2,7.0,A,2023.0
441851,2023-10-07,BL1,VfB Stuttgart,VfL Wolfsburg,3,1,7.0,H,2023.0
438558,2023-10-07,PD,Cádiz CF,Girona FC,0,1,9.0,A,2023.0
436016,2023-10-07,PL,Crystal Palace FC,Nottingham Forest FC,0,0,8.0,D,2023.0
438562,2023-10-07,PD,RCD Mallorca,Valencia CF,1,1,9.0,D,2023.0
438560,2023-10-07,PD,Sevilla FC,Rayo Vallecano de Madrid,2,2,9.0,D,2023.0
436020,2023-10-07,PL,Manchester United FC,Brentford FC,2,1,8.0,H,2023.0
442770,2023-10-07,FL1,FC Metz,OGC Nice,0,1,8.0,A,2023.0
442777,2023-10-07,FL1,Stade de Reims,AS Monaco FC,1,3,8.0,A,2023.0
438563,2023-10-07,PD,Real Madrid CF,CA Osasuna,4,0,9.0,H,2023.0
444329,2023-10-07,SA,Juventus FC,Torino FC,2,0,8.0,H,2023.0
444328,2023-10-07,SA,FC Internazionale Milano,Bologna FC 1909,2,2,8.0,D,2023.0
444327,2023-10-07,SA,Genoa CFC,AC Milan,0,1,8.0,A,2023.0
436022,2023-10-08,PL,Wolverhampton Wanderers FC,Aston Villa FC,1,1,8.0,D,2023.0
436013,2023-10-08,PL,Arsenal FC,Manchester City FC,1,0,8.0,H,2023.0
442778,2023-10-08,FL1,Stade Rennais FC 1901,Paris Saint-Germain FC,1,3,8.0,A,2023.0
442776,2023-10-08,FL1,Stade Brestois 29,Toulouse FC,1,1,8.0,D,2023.0
441846,2023-10-08,BL1,Bayer 04 Leverkusen,1. FC Köln,3,0,7.0,H,2023.0
441847,2023-10-08,BL1,Eintracht Frankfurt,1. FC Heidenheim 1846,2,0,7.0,H,2023.0
441843,2023-10-08,BL1,FC Bayern München,SC Freiburg,3,0,7.0,H,2023.0
436014,2023-10-08,PL,Brighton & Hove Albion FC,Liverpool FC,2,2,8.0,D,2023.0
442775,2023-10-08,FL1,Racing Club de Lens,Lille OSC,1,1,8.0,D,2023.0
442772,2023-10-08,FL1,Olympique de Marseille,Le Havre AC,3,0,8.0,H,2023.0
436021,2023-10-08,PL,West Ham United FC,Newcastle United FC,2,2,8.0,D,2023.0
444326,2023-10-08,SA,Frosinone Calcio,Hellas Verona FC,2,1,8.0,H,2023.0
438555,2023-10-08,PD,Club Atlético de Madrid,Real Sociedad de Fútbol,2,1,9.0,H,2023.0
438556,2023-10-08,PD,RC Celta de Vigo,Getafe CF,2,2,9.0,D,2023.0
438557,2023-10-08,PD,Deportivo Alavés,Real Betis Balompié,1,1,9.0,D,2023.0
444324,2023-10-08,SA,Cagliari Calcio,AS Roma,1,4,8.0,A,2023.0
444330,2023-10-08,SA,SS Lazio,Atalanta BC,3,2,8.0,H,2023.0
444332,2023-10-08,SA,AC Monza,US Salernitana 1919,3,0,8.0,H,2023.0
444333,2023-10-08,SA,SSC Napoli,ACF Fiorentina,1,3,8.0,A,2023.0
442773,2023-10-08,FL1,Olympique Lyonnais,FC Lorient,3,3,8.0,D,2023.0
438559,2023-10-08,PD,Granada CF,FC Barcelona,2,2,9.0,D,2023.0
438561,2023-10-08,PD,Villarreal CF,UD Las Palmas,1,2,9.0,A,2023.0
438564,2023-10-20,PD,CA Osasuna,Granada CF,2,0,10.0,H,2023.0
441852,2023-10-20,BL1,Borussia Dortmund,SV Werder Bremen,1,0,8.0,H,2023.0
442779,2023-10-20,FL1,Le Havre AC,Racing Club de Lens,0,0,9.0,D,2023.0
436028,2023-10-21,PL,Manchester City FC,Brighton & Hove Albion FC,2,1,9.0,H,2023.0
436031,2023-10-21,PL,Sheffield United FC,Manchester United FC,1,2,9.0,A,2023.0
436025,2023-10-21,PL,Brentford FC,Burnley FC,3,0,9.0,H,2023.0
436026,2023-10-21,PL,Chelsea FC,Arsenal FC,2,2,9.0,D,2023.0
444341,2023-10-21,SA,US Sassuolo Calcio,SS Lazio,0,2,9.0,A,2023.0
436029,2023-10-21,PL,Newcastle United FC,Crystal Palace FC,4,0,9.0,H,2023.0
436030,2023-10-21,PL,Nottingham Forest FC,Luton Town FC,2,2,9.0,D,2023.0
438572,2023-10-21,PD,Real Sociedad de Fútbol,RCD Mallorca,1,0,10.0,H,2023.0
436023,2023-10-21,PL,AFC Bournemouth,Wolverhampton Wanderers FC,1,2,9.0,A,2023.0
436027,2023-10-21,PL,Liverpool FC,Everton FC,2,0,9.0,H,2023.0
441853,2023-10-21,BL1,1. FC Union Berlin,VfB Stuttgart,0,3,8.0,A,2023.0
438567,2023-10-21,PD,Getafe CF,Real Betis Balompié,1,1,10.0,D,2023.0
444342,2023-10-21,SA,Torino FC,FC Internazionale Milano,0,3,9.0,A,2023.0
442787,2023-10-21,FL1,Paris Saint-Germain FC,RC Strasbourg Alsace,3,0,9.0,H,2023.0
441855,2023-10-21,BL1,VfL Wolfsburg,Bayer 04 Leverkusen,1,2,8.0,A,2023.0
438569,2023-10-21,PD,Sevilla FC,Real Madrid CF,1,1,10.0,D,2023.0
438565,2023-10-21,PD,RC Celta de Vigo,Club Atlético de Madrid,0,3,10.0,A,2023.0
442784,2023-10-21,FL1,OGC Nice,Olympique de Marseille,1,0,9.0,H,2023.0
441856,2023-10-21,BL1,1. FSV Mainz 05,FC Bayern München,1,3,8.0,A,2023.0
441854,2023-10-21,BL1,SC Freiburg,VfL Bochum 1848,2,1,8.0,H,2023.0
444337,2023-10-21,SA,Hellas Verona FC,SSC Napoli,1,3,9.0,A,2023.0
441858,2023-10-21,BL1,TSG 1899 Hoffenheim,Eintracht Frankfurt,1,3,8.0,A,2023.0
441860,2023-10-21,BL1,SV Darmstadt 98,RB Leipzig,1,3,8.0,A,2023.0
442782,2023-10-22,FL1,FC Nantes,Montpellier HSC,2,0,9.0,H,2023.0
436024,2023-10-22,PL,Aston Villa FC,West Ham United FC,4,1,9.0,H,2023.0
444334,2023-10-22,SA,Atalanta BC,Genoa CFC,2,0,9.0,H,2023.0
444335,2023-10-22,SA,Bologna FC 1909,Frosinone Calcio,2,1,9.0,H,2023.0
444340,2023-10-22,SA,US Salernitana 1919,Cagliari Calcio,2,2,9.0,D,2023.0
441857,2023-10-22,BL1,1. FC Köln,Borussia Mönchengladbach,3,1,8.0,H,2023.0
441859,2023-10-22,BL1,1. FC Heidenheim 1846,FC Augsburg,2,5,8.0,A,2023.0
438573,2023-10-22,PD,UD Las Palmas,Rayo Vallecano de Madrid,0,1,10.0,A,2023.0
444339,2023-10-22,SA,AS Roma,AC Monza,1,0,9.0,H,2023.0
442783,2023-10-22,FL1,Toulouse FC,Stade de Reims,1,1,9.0,D,2023.0
442786,2023-10-22,FL1,Lille OSC,Stade Brestois 29,1,0,9.0,H,2023.0
442781,2023-10-22,FL1,FC Lorient,Stade Rennais FC 1901,2,1,9.0,H,2023.0
442780,2023-10-22,FL1,AS Monaco FC,FC Metz,2,1,9.0,H,2023.0
442785,2023-10-22,FL1,Olympique Lyonnais,Clermont Foot 63,1,2,9.0,A,2023.0
438568,2023-10-22,PD,Girona FC,UD Almería,5,2,10.0,H,2023.0
438571,2023-10-22,PD,Villarreal CF,Deportivo Alavés,1,1,10.0,D,2023.0
438566,2023-10-22,PD,FC Barcelona,Athletic Club,1,0,10.0,H,2023.0
444338,2023-10-22,SA,AC Milan,Juventus FC,0,1,9.0,A,2023.0
436032,2023-10-23,PL,Tottenham Hotspur FC,Fulham FC,2,0,9.0,H,2023.0
438570,2023-10-23,PD,Valencia CF,Cádiz CF,2,0,10.0,H,2023.0
444343,2023-10-23,SA,Udinese Calcio,US Lecce,1,1,9.0,D,2023.0
444336,2023-10-23,SA,ACF Fiorentina,Empoli FC,0,2,9.0,A,2023.0
451597,2023-10-24,CL,FC Internazionale Milano,FC Red Bull Salzburg,2,1,3.0,H,2023.0
451564,2023-10-24,CL,Galatasaray SK,FC Bayern München,1,3,3.0,A,2023.0
451589,2023-10-24,CL,1. FC Union Berlin,SSC Napoli,0,1,3.0,A,2023.0
451592,2023-10-24,CL,Sporting Clube de Braga,Real Madrid CF,1,2,3.0,A,2023.0
451608,2023-10-24,CL,Sport Lisboa e Benfica,Real Sociedad de Fútbol,0,1,3.0,A,2023.0
451578,2023-10-24,CL,Sevilla FC,Arsenal FC,1,2,3.0,A,2023.0
451580,2023-10-24,CL,Racing Club de Lens,PSV,1,1,3.0,D,2023.0
451570,2023-10-24,CL,Manchester United FC,FC København,1,0,3.0,H,2023.0
451649,2023-10-25,CL,FC Barcelona,FK Shakhtar Donetsk,2,1,3.0,H,2023.0
451619,2023-10-25,CL,Feyenoord Rotterdam,SS Lazio,3,1,3.0,H,2023.0
451610,2023-10-25,CL,Celtic FC,Club Atlético de Madrid,2,2,3.0,D,2023.0
451626,2023-10-25,CL,Paris Saint-Germain FC,AC Milan,3,0,3.0,H,2023.0
451652,2023-10-25,CL,Royal Antwerp FC,FC Porto,1,4,3.0,A,2023.0
451635,2023-10-25,CL,BSC Young Boys,Manchester City FC,1,3,3.0,A,2023.0
451642,2023-10-25,CL,RB Leipzig,FK Crvena Zvezda,3,1,3.0,H,2023.0
451628,2023-10-25,CL,Newcastle United FC,Borussia Dortmund,0,1,3.0,A,2023.0
436038,2023-10-27,PL,Crystal Palace FC,Tottenham Hotspur FC,1,2,10.0,A,2023.0
444346,2023-10-27,SA,Genoa CFC,US Salernitana 1919,1,0,10.0,H,2023.0
442788,2023-10-27,FL1,Clermont Foot 63,OGC Nice,0,1,10.0,A,2023.0
438579,2023-10-27,PD,Girona FC,RC Celta de Vigo,1,0,11.0,H,2023.0
441867,2023-10-27,BL1,VfL Bochum 1848,1. FSV Mainz 05,2,2,9.0,D,2023.0
438578,2023-10-28,PD,Cádiz CF,Sevilla FC,2,2,11.0,D,2023.0
441865,2023-10-28,BL1,Borussia Mönchengladbach,1. FC Heidenheim 1846,2,1,9.0,H,2023.0
441866,2023-10-28,BL1,SV Werder Bremen,1. FC Union Berlin,2,0,9.0,H,2023.0
441869,2023-10-28,BL1,VfB Stuttgart,TSG 1899 Hoffenheim,2,3,9.0,A,2023.0
441861,2023-10-28,BL1,FC Bayern München,SV Darmstadt 98,8,0,9.0,H,2023.0
438577,2023-10-28,PD,FC Barcelona,Real Madrid CF,1,2,11.0,A,2023.0
441868,2023-10-28,BL1,FC Augsburg,VfL Wolfsburg,3,2,9.0,H,2023.0
438583,2023-10-28,PD,UD Almería,UD Las Palmas,1,2,11.0,A,2023.0
441862,2023-10-28,BL1,RB Leipzig,1. FC Köln,6,0,9.0,H,2023.0
438582,2023-10-28,PD,RCD Mallorca,Getafe CF,0,0,11.0,D,2023.0
442795,2023-10-28,FL1,Stade de Reims,FC Lorient,1,0,10.0,H,2023.0
436037,2023-10-28,PL,Chelsea FC,Brentford FC,0,2,10.0,A,2023.0
436033,2023-10-28,PL,AFC Bournemouth,Burnley FC,2,1,10.0,H,2023.0
436034,2023-10-28,PL,Arsenal FC,Sheffield United FC,5,0,10.0,H,2023.0
442793,2023-10-28,FL1,Racing Club de Lens,FC Nantes,4,0,10.0,H,2023.0
444350,2023-10-28,SA,US Lecce,Torino FC,0,1,10.0,A,2023.0
444353,2023-10-28,SA,US Sassuolo Calcio,Bologna FC 1909,1,1,10.0,D,2023.0
444348,2023-10-28,SA,Juventus FC,Hellas Verona FC,1,0,10.0,H,2023.0
436042,2023-10-28,PL,Wolverhampton Wanderers FC,Newcastle United FC,2,2,10.0,D,2023.0
444347,2023-10-29,SA,FC Internazionale Milano,AS Roma,1,0,10.0,H,2023.0
442790,2023-10-29,FL1,Montpellier HSC,Toulouse FC,3,0,10.0,H,2023.0
442789,2023-10-29,FL1,FC Metz,Le Havre AC,0,0,10.0,D,2023.0
442794,2023-10-29,FL1,Stade Brestois 29,Paris Saint-Germain FC,2,3,10.0,A,2023.0
441864,2023-10-29,BL1,Eintracht Frankfurt,Borussia Dortmund,3,3,9.0,D,2023.0
444352,2023-10-29,SA,SSC Napoli,AC Milan,2,2,10.0,D,2023.0
444344,2023-10-29,SA,Cagliari Calcio,Frosinone Calcio,4,3,10.0,H,2023.0
444351,2023-10-29,SA,AC Monza,Udinese Calcio,1,1,10.0,D,2023.0
442792,2023-10-29,FL1,Lille OSC,AS Monaco FC,2,0,10.0,H,2023.0
441863,2023-10-29,BL1,Bayer 04 Leverkusen,SC Freiburg,2,1,9.0,H,2023.0
442796,2023-10-29,FL1,Stade Rennais FC 1901,RC Strasbourg Alsace,1,1,10.0,D,2023.0
436036,2023-10-29,PL,Brighton & Hove Albion FC,Fulham FC,1,1,10.0,D,2023.0
436035,2023-10-29,PL,Aston Villa FC,Luton Town FC,3,1,10.0,H,2023.0
436041,2023-10-29,PL,West Ham United FC,Everton FC,0,1,10.0,A,2023.0
436039,2023-10-29,PL,Liverpool FC,Nottingham Forest FC,3,0,10.0,H,2023.0
436040,2023-10-29,PL,Manchester United FC,Manchester City FC,0,3,10.0,A,2023.0
438574,2023-10-29,PD,Athletic Club,Valencia CF,2,2,11.0,D,2023.0
438581,2023-10-29,PD,Rayo Vallecano de Madrid,Real Sociedad de Fútbol,2,2,11.0,D,2023.0
438576,2023-10-29,PD,Real Betis Balompié,CA Osasuna,2,1,11.0,H,2023.0
438575,2023-10-29,PD,Club Atlético de Madrid,Deportivo Alavés,2,1,11.0,H,2023.0
444349,2023-10-30,SA,SS Lazio,ACF Fiorentina,1,0,10.0,H,2023.0
438580,2023-10-30,PD,Granada CF,Villarreal CF,2,3,11.0,A,2023.0
444345,2023-10-30,SA,Empoli FC,Atalanta BC,0,3,10.0,A,2023.0
438593,2023-11-03,PD,UD Las Palmas,Club Atlético de Madrid,2,1,12.0,H,2023.0
442804,2023-11-03,FL1,Paris Saint-Germain FC,Montpellier HSC,3,0,11.0,H,2023.0
441878,2023-11-03,BL1,SV Darmstadt 98,VfL Bochum 1848,1,2,10.0,A,2023.0
444355,2023-11-03,SA,Bologna FC 1909,SS Lazio,1,0,11.0,H,2023.0
441874,2023-11-04,BL1,1. FSV Mainz 05,RB Leipzig,2,0,10.0,H,2023.0
436049,2023-11-04,PL,Newcastle United FC,Arsenal FC,1,0,11.0,H,2023.0
436051,2023-11-04,PL,Sheffield United FC,Wolverhampton Wanderers FC,2,1,11.0,H,2023.0
436048,2023-11-04,PL,Manchester City FC,AFC Bournemouth,6,1,11.0,H,2023.0
436045,2023-11-04,PL,Everton FC,Brighton & Hove Albion FC,1,1,11.0,D,2023.0
436044,2023-11-04,PL,Burnley FC,Crystal Palace FC,0,2,11.0,A,2023.0
436043,2023-11-04,PL,Brentford FC,West Ham United FC,3,2,11.0,H,2023.0
441872,2023-11-04,BL1,SC Freiburg,Borussia Mönchengladbach,3,3,10.0,D,2023.0
438592,2023-11-04,PD,Real Sociedad de Fútbol,FC Barcelona,0,1,12.0,A,2023.0
441871,2023-11-04,BL1,1. FC Union Berlin,Eintracht Frankfurt,0,3,10.0,A,2023.0
441875,2023-11-04,BL1,1. FC Köln,FC Augsburg,1,1,10.0,D,2023.0
442798,2023-11-04,FL1,FC Lorient,Racing Club de Lens,0,0,11.0,D,2023.0
438584,2023-11-04,PD,Real Betis Balompié,RCD Mallorca,2,0,12.0,H,2023.0
438586,2023-11-04,PD,RC Celta de Vigo,Sevilla FC,1,1,12.0,D,2023.0
441876,2023-11-04,BL1,TSG 1899 Hoffenheim,Bayer 04 Leverkusen,2,3,10.0,A,2023.0
441870,2023-11-04,BL1,Borussia Dortmund,FC Bayern München,0,4,10.0,A,2023.0
444362,2023-11-04,SA,US Salernitana 1919,SSC Napoli,0,2,11.0,A,2023.0
436046,2023-11-04,PL,Fulham FC,Manchester United FC,0,1,11.0,A,2023.0
442803,2023-11-04,FL1,Olympique de Marseille,Lille OSC,0,0,11.0,D,2023.0
444360,2023-11-04,SA,AC Milan,Udinese Calcio,0,1,11.0,A,2023.0
438585,2023-11-04,PD,CA Osasuna,Girona FC,2,4,12.0,A,2023.0
444354,2023-11-04,SA,Atalanta BC,FC Internazionale Milano,1,2,11.0,A,2023.0
442797,2023-11-05,FL1,AS Monaco FC,Stade Brestois 29,2,0,11.0,H,2023.0
442800,2023-11-05,FL1,Toulouse FC,Le Havre AC,1,2,11.0,A,2023.0
436050,2023-11-05,PL,Nottingham Forest FC,Aston Villa FC,2,0,11.0,H,2023.0
441873,2023-11-05,BL1,VfL Wolfsburg,SV Werder Bremen,2,2,10.0,D,2023.0
444356,2023-11-05,SA,Cagliari Calcio,Genoa CFC,2,1,11.0,H,2023.0
444359,2023-11-05,SA,Hellas Verona FC,AC Monza,1,3,11.0,A,2023.0
444361,2023-11-05,SA,AS Roma,US Lecce,2,1,11.0,H,2023.0
438587,2023-11-05,PD,Deportivo Alavés,UD Almería,1,0,12.0,H,2023.0
436047,2023-11-05,PL,Luton Town FC,Liverpool FC,1,1,11.0,D,2023.0
442802,2023-11-05,FL1,Olympique Lyonnais,FC Metz,1,1,11.0,D,2023.0
442799,2023-11-05,FL1,FC Nantes,Stade de Reims,0,1,11.0,A,2023.0
442801,2023-11-05,FL1,OGC Nice,Stade Rennais FC 1901,2,0,11.0,H,2023.0
444357,2023-11-05,SA,ACF Fiorentina,Juventus FC,0,1,11.0,A,2023.0
438589,2023-11-05,PD,Valencia CF,Granada CF,1,0,12.0,H,2023.0
438590,2023-11-05,PD,Villarreal CF,Athletic Club,2,3,12.0,A,2023.0
438591,2023-11-05,PD,Real Madrid CF,Rayo Vallecano de Madrid,0,0,12.0,D,2023.0
441877,2023-11-05,BL1,1. FC Heidenheim 1846,VfB Stuttgart,2,0,10.0,H,2023.0
442805,2023-11-05,FL1,RC Strasbourg Alsace,Clermont Foot 63,0,0,11.0,D,2023.0
436052,2023-11-06,PL,Tottenham Hotspur FC,Chelsea FC,1,4,11.0,A,2023.0
438588,2023-11-06,PD,Getafe CF,Cádiz CF,1,0,12.0,H,2023.0
444358,2023-11-06,SA,Frosinone Calcio,Empoli FC,2,1,11.0,H,2023.0
444363,2023-11-06,SA,Torino FC,US Sassuolo Calcio,2,1,11.0,H,2023.0
451641,2023-11-07,CL,FK Crvena Zvezda,RB Leipzig,1,2,4.0,A,2023.0
451609,2023-11-07,CL,Club Atlético de Madrid,Celtic FC,6,0,4.0,H,2023.0
451627,2023-11-07,CL,Borussia Dortmund,Newcastle United FC,2,0,4.0,H,2023.0
451650,2023-11-07,CL,FK Shakhtar Donetsk,FC Barcelona,1,0,4.0,H,2023.0
451620,2023-11-07,CL,SS Lazio,Feyenoord Rotterdam,1,0,4.0,H,2023.0
451625,2023-11-07,CL,AC Milan,Paris Saint-Germain FC,2,1,4.0,H,2023.0
451636,2023-11-07,CL,Manchester City FC,BSC Young Boys,3,0,4.0,H,2023.0
451651,2023-11-07,CL,FC Porto,Royal Antwerp FC,2,0,4.0,H,2023.0
451590,2023-11-08,CL,SSC Napoli,1. FC Union Berlin,1,1,4.0,D,2023.0
451577,2023-11-08,CL,Arsenal FC,Sevilla FC,2,0,4.0,H,2023.0
451591,2023-11-08,CL,Real Madrid CF,Sporting Clube de Braga,3,0,4.0,H,2023.0
451598,2023-11-08,CL,FC Red Bull Salzburg,FC Internazionale Milano,0,1,4.0,A,2023.0
451579,2023-11-08,CL,PSV,Racing Club de Lens,1,0,4.0,H,2023.0
451569,2023-11-08,CL,FC København,Manchester United FC,4,3,4.0,H,2023.0
451563,2023-11-08,CL,FC Bayern München,Galatasaray SK,2,1,4.0,H,2023.0
451607,2023-11-08,CL,Real Sociedad de Fútbol,Sport Lisboa e Benfica,3,1,4.0,H,2023.0
438594,2023-11-10,PD,Athletic Club,RC Celta de Vigo,4,3,13.0,H,2023.0
442809,2023-11-10,FL1,Montpellier HSC,OGC Nice,0,0,12.0,D,2023.0
444372,2023-11-10,SA,US Sassuolo Calcio,US Salernitana 1919,2,2,12.0,D,2023.0
444365,2023-11-10,SA,Genoa CFC,Hellas Verona FC,1,0,12.0,H,2023.0
441882,2023-11-10,BL1,Borussia Mönchengladbach,VfL Wolfsburg,4,0,11.0,H,2023.0
438596,2023-11-11,PD,CA Osasuna,UD Las Palmas,1,1,13.0,D,2023.0
438598,2023-11-11,PD,Granada CF,Getafe CF,1,1,13.0,D,2023.0
438602,2023-11-11,PD,Real Madrid CF,Valencia CF,5,1,13.0,H,2023.0
436058,2023-11-11,PL,Crystal Palace FC,Everton FC,2,3,12.0,A,2023.0
444370,2023-11-11,SA,AC Monza,Torino FC,1,1,12.0,D,2023.0
436054,2023-11-11,PL,Arsenal FC,Burnley FC,3,1,12.0,H,2023.0
441884,2023-11-11,BL1,VfL Bochum 1848,1. FC Köln,1,1,11.0,D,2023.0
438603,2023-11-11,PD,UD Almería,Real Sociedad de Fútbol,1,3,13.0,A,2023.0
436062,2023-11-11,PL,Wolverhampton Wanderers FC,Tottenham Hotspur FC,2,1,12.0,H,2023.0
444367,2023-11-11,SA,Juventus FC,Cagliari Calcio,2,1,12.0,H,2023.0
442813,2023-11-11,FL1,Stade de Reims,Paris Saint-Germain FC,0,3,12.0,A,2023.0
442806,2023-11-11,FL1,Le Havre AC,AS Monaco FC,0,0,12.0,D,2023.0
438600,2023-11-11,PD,Rayo Vallecano de Madrid,Girona FC,1,2,13.0,A,2023.0
436060,2023-11-11,PL,Manchester United FC,Luton Town FC,1,0,12.0,H,2023.0
436053,2023-11-11,PL,AFC Bournemouth,Newcastle United FC,2,0,12.0,H,2023.0
441886,2023-11-11,BL1,VfB Stuttgart,Borussia Dortmund,2,1,11.0,H,2023.0
444369,2023-11-11,SA,US Lecce,AC Milan,2,2,12.0,D,2023.0
441885,2023-11-11,BL1,FC Augsburg,TSG 1899 Hoffenheim,1,1,11.0,D,2023.0
441879,2023-11-11,BL1,FC Bayern München,1. FC Heidenheim 1846,4,2,11.0,H,2023.0
441887,2023-11-11,BL1,SV Darmstadt 98,1. FSV Mainz 05,0,0,11.0,D,2023.0
441881,2023-11-12,BL1,Bayer 04 Leverkusen,1. FC Union Berlin,4,0,11.0,H,2023.0
441883,2023-11-12,BL1,SV Werder Bremen,Eintracht Frankfurt,2,2,11.0,D,2023.0
441880,2023-11-12,BL1,RB Leipzig,SC Freiburg,3,1,11.0,H,2023.0
444373,2023-11-12,SA,Udinese Calcio,Atalanta BC,1,1,12.0,D,2023.0
436056,2023-11-12,PL,Brighton & Hove Albion FC,Sheffield United FC,1,1,12.0,D,2023.0
444371,2023-11-12,SA,SSC Napoli,Empoli FC,0,1,12.0,A,2023.0
442814,2023-11-12,FL1,Stade Rennais FC 1901,Olympique Lyonnais,0,1,12.0,A,2023.0
442810,2023-11-12,FL1,Lille OSC,Toulouse FC,1,1,12.0,D,2023.0
444364,2023-11-12,SA,ACF Fiorentina,Bologna FC 1909,2,1,12.0,H,2023.0
444366,2023-11-12,SA,FC Internazionale Milano,Frosinone Calcio,2,0,12.0,H,2023.0
442811,2023-11-12,FL1,Racing Club de Lens,Olympique de Marseille,1,0,12.0,H,2023.0
436055,2023-11-12,PL,Aston Villa FC,Fulham FC,3,1,12.0,H,2023.0
436059,2023-11-12,PL,Liverpool FC,Brentford FC,3,0,12.0,H,2023.0
436061,2023-11-12,PL,West Ham United FC,Nottingham Forest FC,3,2,12.0,H,2023.0
436057,2023-11-12,PL,Chelsea FC,Manchester City FC,4,4,12.0,D,2023.0
438597,2023-11-12,PD,FC Barcelona,Deportivo Alavés,2,1,13.0,H,2023.0
438595,2023-11-12,PD,Club Atlético de Madrid,Villarreal CF,3,1,13.0,H,2023.0
438599,2023-11-12,PD,Sevilla FC,Real Betis Balompié,1,1,13.0,D,2023.0
444368,2023-11-12,SA,SS Lazio,AS Roma,0,0,12.0,D,2023.0
442807,2023-11-12,FL1,Clermont Foot 63,FC Lorient,1,0,12.0,H,2023.0
442808,2023-11-12,FL1,FC Metz,FC Nantes,3,1,12.0,H,2023.0
438606,2023-11-24,PD,Deportivo Alavés,Granada CF,3,1,14.0,H,2023.0
441893,2023-11-24,BL1,1. FC Köln,FC Bayern München,0,1,12.0,A,2023.0
442821,2023-11-24,FL1,Paris Saint-Germain FC,AS Monaco FC,5,2,13.0,H,2023.0
441890,2023-11-25,BL1,SC Freiburg,SV Darmstadt 98,1,1,12.0,D,2023.0
444381,2023-11-25,SA,AC Milan,ACF Fiorentina,1,0,13.0,H,2023.0
441888,2023-11-25,BL1,Borussia Dortmund,Borussia Mönchengladbach,4,2,12.0,H,2023.0
444383,2023-11-25,SA,US Salernitana 1919,SS Lazio,2,1,13.0,H,2023.0
438608,2023-11-25,PD,Getafe CF,UD Almería,2,1,14.0,H,2023.0
438610,2023-11-25,PD,Valencia CF,RC Celta de Vigo,0,0,14.0,D,2023.0
438612,2023-11-25,PD,Rayo Vallecano de Madrid,FC Barcelona,1,1,14.0,D,2023.0
441891,2023-11-25,BL1,Eintracht Frankfurt,VfB Stuttgart,1,2,12.0,A,2023.0
441895,2023-11-25,BL1,SV Werder Bremen,Bayer 04 Leverkusen,0,3,12.0,A,2023.0
436068,2023-11-25,PL,Manchester City FC,Liverpool FC,1,1,13.0,D,2023.0
438604,2023-11-25,PD,Club Atlético de Madrid,RCD Mallorca,1,0,14.0,H,2023.0
436064,2023-11-25,PL,Burnley FC,West Ham United FC,1,2,13.0,A,2023.0
436069,2023-11-25,PL,Newcastle United FC,Chelsea FC,4,1,13.0,H,2023.0
444374,2023-11-25,SA,Atalanta BC,SSC Napoli,1,2,13.0,A,2023.0
441892,2023-11-25,BL1,VfL Wolfsburg,RB Leipzig,2,1,12.0,H,2023.0
442822,2023-11-25,FL1,RC Strasbourg Alsace,Olympique de Marseille,1,1,13.0,D,2023.0
441889,2023-11-25,BL1,1. FC Union Berlin,FC Augsburg,1,1,12.0,D,2023.0
436071,2023-11-25,PL,Sheffield United FC,AFC Bournemouth,1,3,13.0,A,2023.0
436063,2023-11-25,PL,Brentford FC,Arsenal FC,0,1,13.0,A,2023.0
436070,2023-11-25,PL,Nottingham Forest FC,Brighton & Hove Albion FC,2,3,13.0,A,2023.0
436067,2023-11-25,PL,Luton Town FC,Crystal Palace FC,2,1,13.0,H,2023.0
442815,2023-11-25,FL1,Clermont Foot 63,Racing Club de Lens,0,3,13.0,A,2023.0
444376,2023-11-26,SA,Cagliari Calcio,AC Monza,1,1,13.0,D,2023.0
438611,2023-11-26,PD,Villarreal CF,CA Osasuna,3,1,14.0,H,2023.0
444378,2023-11-26,SA,Frosinone Calcio,Genoa CFC,2,1,13.0,H,2023.0
444382,2023-11-26,SA,AS Roma,Udinese Calcio,3,1,13.0,H,2023.0
444380,2023-11-26,SA,Juventus FC,FC Internazionale Milano,1,1,13.0,D,2023.0
438605,2023-11-26,PD,Real Betis Balompié,UD Las Palmas,1,0,14.0,H,2023.0
438613,2023-11-26,PD,Real Sociedad de Fútbol,Sevilla FC,2,1,14.0,H,2023.0
436065,2023-11-26,PL,Everton FC,Manchester United FC,0,3,13.0,A,2023.0
442823,2023-11-26,FL1,Stade Rennais FC 1901,Stade de Reims,3,1,13.0,H,2023.0
442818,2023-11-26,FL1,Montpellier HSC,Stade Brestois 29,1,3,13.0,A,2023.0
442817,2023-11-26,FL1,FC Nantes,Le Havre AC,0,0,13.0,D,2023.0
442820,2023-11-26,FL1,Olympique Lyonnais,Lille OSC,0,2,13.0,A,2023.0
442819,2023-11-26,FL1,OGC Nice,Toulouse FC,1,0,13.0,H,2023.0
442816,2023-11-26,FL1,FC Lorient,FC Metz,2,3,13.0,A,2023.0
444377,2023-11-26,SA,Empoli FC,US Sassuolo Calcio,3,4,13.0,A,2023.0
438607,2023-11-26,PD,Cádiz CF,Real Madrid CF,0,3,14.0,A,2023.0
436072,2023-11-26,PL,Tottenham Hotspur FC,Aston Villa FC,1,2,13.0,A,2023.0
441894,2023-11-26,BL1,TSG 1899 Hoffenheim,1. FSV Mainz 05,1,1,12.0,D,2023.0
441896,2023-11-26,BL1,1. FC Heidenheim 1846,VfL Bochum 1848,0,0,12.0,D,2023.0
444375,2023-11-27,SA,Bologna FC 1909,Torino FC,2,0,13.0,H,2023.0
438609,2023-11-27,PD,Girona FC,Athletic Club,1,1,14.0,D,2023.0
436066,2023-11-27,PL,Fulham FC,Wolverhampton Wanderers FC,3,2,13.0,H,2023.0
444379,2023-11-27,SA,Hellas Verona FC,US Lecce,2,2,13.0,D,2023.0
451618,2023-11-28,CL,SS Lazio,Celtic FC,2,0,5.0,H,2023.0
451632,2023-11-28,CL,Paris Saint-Germain FC,Newcastle United FC,1,1,5.0,D,2023.0
451612,2023-11-28,CL,Feyenoord Rotterdam,Club Atlético de Madrid,1,3,5.0,A,2023.0
451621,2023-11-28,CL,AC Milan,Borussia Dortmund,1,3,5.0,A,2023.0
451633,2023-11-28,CL,BSC Young Boys,FK Crvena Zvezda,2,0,5.0,H,2023.0
451643,2023-11-28,CL,Manchester City FC,RB Leipzig,3,2,5.0,H,2023.0
451645,2023-11-28,CL,FC Barcelona,FC Porto,2,1,5.0,H,2023.0
451656,2023-11-28,CL,FK Shakhtar Donetsk,Royal Antwerp FC,1,0,5.0,H,2023.0
451571,2023-11-29,CL,Galatasaray SK,Manchester United FC,3,3,5.0,D,2023.0
438601,2023-11-29,PD,RCD Mallorca,Cádiz CF,1,1,13.0,D,2023.0
451593,2023-11-29,CL,Real Madrid CF,SSC Napoli,4,2,5.0,H,2023.0
451582,2023-11-29,CL,Sevilla FC,PSV,2,3,5.0,A,2023.0
442771,2023-11-29,FL1,Montpellier HSC,Clermont Foot 63,1,1,8.0,D,2023.0
451602,2023-11-29,CL,Sport Lisboa e Benfica,FC Internazionale Milano,3,3,5.0,D,2023.0
451604,2023-11-29,CL,Real Sociedad de Fútbol,FC Red Bull Salzburg,0,0,5.0,D,2023.0
451561,2023-11-29,CL,FC Bayern München,FC København,0,0,5.0,D,2023.0
451575,2023-11-29,CL,Arsenal FC,Racing Club de Lens,6,0,5.0,H,2023.0
451588,2023-11-29,CL,Sporting Clube de Braga,1. FC Union Berlin,1,1,5.0,D,2023.0
442832,2023-12-01,FL1,Stade de Reims,RC Strasbourg Alsace,2,1,14.0,H,2023.0
441905,2023-12-01,BL1,SV Darmstadt 98,1. FC Köln,0,1,13.0,A,2023.0
444389,2023-12-01,SA,AC Monza,Juventus FC,1,2,14.0,A,2023.0
438623,2023-12-01,PD,UD Las Palmas,Getafe CF,2,0,15.0,H,2023.0
436075,2023-12-02,PL,Brentford FC,Luton Town FC,3,1,14.0,H,2023.0
441901,2023-12-02,BL1,Borussia Mönchengladbach,TSG 1899 Hoffenheim,2,1,13.0,H,2023.0
444385,2023-12-02,SA,Genoa CFC,Empoli FC,1,1,14.0,D,2023.0
444386,2023-12-02,SA,SS Lazio,Cagliari Calcio,1,0,14.0,H,2023.0
444388,2023-12-02,SA,AC Milan,Frosinone Calcio,3,1,14.0,H,2023.0
442826,2023-12-02,FL1,FC Nantes,OGC Nice,1,0,14.0,H,2023.0
442830,2023-12-02,FL1,Racing Club de Lens,Olympique Lyonnais,3,2,14.0,H,2023.0
436074,2023-12-02,PL,Arsenal FC,Wolverhampton Wanderers FC,2,1,14.0,H,2023.0
436080,2023-12-02,PL,Newcastle United FC,Manchester United FC,1,0,14.0,H,2023.0
436081,2023-12-02,PL,Nottingham Forest FC,Everton FC,0,1,14.0,A,2023.0
441902,2023-12-02,BL1,VfL Bochum 1848,VfL Wolfsburg,3,1,13.0,H,2023.0
441898,2023-12-02,BL1,RB Leipzig,1. FC Heidenheim 1846,2,1,13.0,H,2023.0
438615,2023-12-02,PD,CA Osasuna,Real Sociedad de Fútbol,1,1,15.0,D,2023.0
438621,2023-12-02,PD,Real Madrid CF,Granada CF,2,0,15.0,H,2023.0
438614,2023-12-02,PD,Athletic Club,Rayo Vallecano de Madrid,4,0,15.0,H,2023.0
438618,2023-12-02,PD,Girona FC,Valencia CF,2,1,15.0,H,2023.0
441904,2023-12-02,BL1,VfB Stuttgart,SV Werder Bremen,2,0,13.0,H,2023.0
436076,2023-12-02,PL,Burnley FC,Sheffield United FC,5,0,14.0,H,2023.0
438622,2023-12-03,PD,UD Almería,Real Betis Balompié,0,0,15.0,D,2023.0
438620,2023-12-03,PD,RCD Mallorca,Deportivo Alavés,0,0,15.0,D,2023.0
442829,2023-12-03,FL1,Lille OSC,FC Metz,2,0,14.0,H,2023.0
444390,2023-12-03,SA,SSC Napoli,FC Internazionale Milano,0,3,14.0,A,2023.0
438619,2023-12-03,PD,Sevilla FC,Villarreal CF,1,1,15.0,D,2023.0
444384,2023-12-03,SA,ACF Fiorentina,US Salernitana 1919,3,0,14.0,H,2023.0
444391,2023-12-03,SA,US Sassuolo Calcio,AS Roma,1,2,14.0,A,2023.0
444387,2023-12-03,SA,US Lecce,Bologna FC 1909,1,1,14.0,D,2023.0
438617,2023-12-03,PD,FC Barcelona,Club Atlético de Madrid,1,0,15.0,H,2023.0
444393,2023-12-03,SA,Udinese Calcio,Hellas Verona FC,3,3,14.0,D,2023.0
442828,2023-12-03,FL1,Olympique de Marseille,Stade Rennais FC 1901,2,0,14.0,H,2023.0
442825,2023-12-03,FL1,AS Monaco FC,Montpellier HSC,2,0,14.0,H,2023.0
442831,2023-12-03,FL1,Stade Brestois 29,Clermont Foot 63,3,0,14.0,H,2023.0
441900,2023-12-03,BL1,1. FSV Mainz 05,SC Freiburg,0,1,13.0,A,2023.0
442824,2023-12-03,FL1,Le Havre AC,Paris Saint-Germain FC,0,2,14.0,A,2023.0
436073,2023-12-03,PL,AFC Bournemouth,Aston Villa FC,2,2,14.0,D,2023.0
442827,2023-12-03,FL1,Toulouse FC,FC Lorient,1,1,14.0,D,2023.0
441903,2023-12-03,BL1,FC Augsburg,Eintracht Frankfurt,2,1,13.0,H,2023.0
436078,2023-12-03,PL,Liverpool FC,Fulham FC,4,3,14.0,H,2023.0
436082,2023-12-03,PL,West Ham United FC,Crystal Palace FC,1,1,14.0,D,2023.0
436079,2023-12-03,PL,Manchester City FC,Tottenham Hotspur FC,3,3,14.0,D,2023.0
441899,2023-12-03,BL1,Bayer 04 Leverkusen,Borussia Dortmund,1,1,13.0,D,2023.0
436077,2023-12-03,PL,Chelsea FC,Brighton & Hove Albion FC,3,2,14.0,H,2023.0
444392,2023-12-04,SA,Torino FC,Atalanta BC,3,0,14.0,H,2023.0
438616,2023-12-04,PD,RC Celta de Vigo,Cádiz CF,1,1,15.0,D,2023.0
436090,2023-12-05,PL,Wolverhampton Wanderers FC,Burnley FC,1,0,15.0,H,2023.0
436087,2023-12-05,PL,Luton Town FC,Arsenal FC,3,4,15.0,A,2023.0
442791,2023-12-06,FL1,Olympique de Marseille,Olympique Lyonnais,3,0,10.0,H,2023.0
436088,2023-12-06,PL,Sheffield United FC,Liverpool FC,0,2,15.0,A,2023.0
436092,2023-12-06,PL,Manchester United FC,Chelsea FC,2,1,15.0,H,2023.0
436084,2023-12-06,PL,Brighton & Hove Albion FC,Brentford FC,2,1,15.0,H,2023.0
436083,2023-12-06,PL,Aston Villa FC,Manchester City FC,1,0,15.0,H,2023.0
436091,2023-12-06,PL,Crystal Palace FC,AFC Bournemouth,0,2,15.0,A,2023.0
436086,2023-12-06,PL,Fulham FC,Nottingham Forest FC,5,0,15.0,H,2023.0
436089,2023-12-07,PL,Tottenham Hotspur FC,West Ham United FC,1,2,15.0,A,2023.0
436085,2023-12-07,PL,Everton FC,Newcastle United FC,3,0,15.0,H,2023.0
442812,2023-12-07,FL1,Stade Brestois 29,RC Strasbourg Alsace,1,1,12.0,D,2023.0
441911,2023-12-08,BL1,TSG 1899 Hoffenheim,VfL Bochum 1848,3,1,14.0,H,2023.0
442836,2023-12-08,FL1,Montpellier HSC,Racing Club de Lens,0,0,15.0,D,2023.0
438629,2023-12-08,PD,Getafe CF,Valencia CF,1,0,16.0,H,2023.0
444400,2023-12-08,SA,Juventus FC,SSC Napoli,1,0,15.0,H,2023.0
438633,2023-12-09,PD,RCD Mallorca,Sevilla FC,1,0,16.0,H,2023.0
441906,2023-12-09,BL1,Borussia Dortmund,RB Leipzig,2,3,14.0,A,2023.0
438625,2023-12-09,PD,Real Betis Balompié,Real Madrid CF,1,1,16.0,D,2023.0
438626,2023-12-09,PD,Deportivo Alavés,UD Las Palmas,0,1,16.0,A,2023.0
441912,2023-12-09,BL1,SV Werder Bremen,FC Augsburg,2,0,14.0,H,2023.0
438631,2023-12-09,PD,Villarreal CF,Real Sociedad de Fútbol,0,3,16.0,A,2023.0
441909,2023-12-09,BL1,VfL Wolfsburg,SC Freiburg,0,1,14.0,A,2023.0
441908,2023-12-09,BL1,Eintracht Frankfurt,FC Bayern München,5,1,14.0,H,2023.0
441907,2023-12-09,BL1,1. FC Union Berlin,Borussia Mönchengladbach,3,1,14.0,H,2023.0
441914,2023-12-09,BL1,1. FC Heidenheim 1846,SV Darmstadt 98,3,2,14.0,H,2023.0
436102,2023-12-09,PL,Wolverhampton Wanderers FC,Nottingham Forest FC,1,1,16.0,D,2023.0
442839,2023-12-09,FL1,Paris Saint-Germain FC,FC Nantes,2,1,15.0,H,2023.0
436094,2023-12-09,PL,Brighton & Hove Albion FC,Burnley FC,1,1,16.0,D,2023.0
444394,2023-12-09,SA,Atalanta BC,AC Milan,3,2,15.0,H,2023.0
444399,2023-12-09,SA,FC Internazionale Milano,Udinese Calcio,4,0,15.0,H,2023.0
442841,2023-12-09,FL1,Stade Rennais FC 1901,AS Monaco FC,1,2,15.0,A,2023.0
436100,2023-12-09,PL,Sheffield United FC,Brentford FC,1,0,16.0,H,2023.0
444398,2023-12-09,SA,Hellas Verona FC,SS Lazio,1,1,15.0,D,2023.0
436093,2023-12-09,PL,Aston Villa FC,Arsenal FC,1,0,16.0,H,2023.0
436099,2023-12-09,PL,Manchester United FC,AFC Bournemouth,0,3,16.0,A,2023.0
436095,2023-12-09,PL,Crystal Palace FC,Liverpool FC,1,2,16.0,A,2023.0
441913,2023-12-10,BL1,VfB Stuttgart,Bayer 04 Leverkusen,1,1,14.0,D,2023.0
444402,2023-12-10,SA,AS Roma,ACF Fiorentina,1,1,15.0,D,2023.0
436101,2023-12-10,PL,Tottenham Hotspur FC,Newcastle United FC,4,1,16.0,H,2023.0
438624,2023-12-10,PD,Club Atlético de Madrid,UD Almería,2,1,16.0,H,2023.0
444403,2023-12-10,SA,US Salernitana 1919,Bologna FC 1909,1,2,15.0,A,2023.0
436097,2023-12-10,PL,Fulham FC,West Ham United FC,5,0,16.0,H,2023.0
436096,2023-12-10,PL,Everton FC,Chelsea FC,2,0,16.0,H,2023.0
436098,2023-12-10,PL,Luton Town FC,Manchester City FC,1,2,16.0,A,2023.0
444401,2023-12-10,SA,AC Monza,Genoa CFC,1,0,15.0,H,2023.0
442840,2023-12-10,FL1,RC Strasbourg Alsace,Le Havre AC,2,1,15.0,H,2023.0
438627,2023-12-10,PD,FC Barcelona,Girona FC,2,4,16.0,A,2023.0
442838,2023-12-10,FL1,Olympique Lyonnais,Toulouse FC,3,0,15.0,H,2023.0
442834,2023-12-10,FL1,FC Lorient,Olympique de Marseille,2,4,15.0,A,2023.0
442835,2023-12-10,FL1,FC Metz,Stade Brestois 29,0,1,15.0,A,2023.0
442833,2023-12-10,FL1,Clermont Foot 63,Lille OSC,0,0,15.0,D,2023.0
442837,2023-12-10,FL1,OGC Nice,Stade de Reims,2,1,15.0,H,2023.0
444397,2023-12-10,SA,Frosinone Calcio,Torino FC,0,0,15.0,D,2023.0
441910,2023-12-10,BL1,1. FC Köln,1. FSV Mainz 05,0,0,14.0,D,2023.0
438628,2023-12-10,PD,Cádiz CF,CA Osasuna,1,1,16.0,D,2023.0
438632,2023-12-11,PD,Rayo Vallecano de Madrid,RC Celta de Vigo,0,0,16.0,D,2023.0
444396,2023-12-11,SA,Empoli FC,US Lecce,1,1,15.0,D,2023.0
444395,2023-12-11,SA,Cagliari Calcio,US Sassuolo Calcio,2,1,15.0,H,2023.0
438630,2023-12-11,PD,Granada CF,Athletic Club,1,1,16.0,D,2023.0
451585,2023-12-12,CL,1. FC Union Berlin,Real Madrid CF,2,3,6.0,A,2023.0
451583,2023-12-12,CL,Racing Club de Lens,Sevilla FC,2,1,6.0,H,2023.0
451605,2023-12-12,CL,FC Red Bull Salzburg,Sport Lisboa e Benfica,1,3,6.0,A,2023.0
451566,2023-12-12,CL,Manchester United FC,FC Bayern München,0,1,6.0,A,2023.0
451596,2023-12-12,CL,SSC Napoli,Sporting Clube de Braga,2,0,6.0,H,2023.0
451567,2023-12-12,CL,FC København,Galatasaray SK,1,0,6.0,H,2023.0
451574,2023-12-12,CL,PSV,Arsenal FC,1,1,6.0,D,2023.0
451599,2023-12-12,CL,FC Internazionale Milano,Real Sociedad de Fútbol,0,0,6.0,D,2023.0
451653,2023-12-13,CL,FC Porto,FK Shakhtar Donetsk,5,3,6.0,H,2023.0
451629,2023-12-13,CL,Borussia Dortmund,Paris Saint-Germain FC,1,1,6.0,D,2023.0
451613,2023-12-13,CL,Club Atlético de Madrid,SS Lazio,2,0,6.0,H,2023.0
451624,2023-12-13,CL,Newcastle United FC,AC Milan,1,2,6.0,A,2023.0
451639,2023-12-13,CL,FK Crvena Zvezda,Manchester City FC,2,3,6.0,A,2023.0
451615,2023-12-13,CL,Celtic FC,Feyenoord Rotterdam,2,1,6.0,H,2023.0
451638,2023-12-13,CL,RB Leipzig,BSC Young Boys,2,1,6.0,H,2023.0
451648,2023-12-13,CL,Royal Antwerp FC,FC Barcelona,3,2,6.0,H,2023.0
436111,2023-12-15,PL,Nottingham Forest FC,Tottenham Hotspur FC,0,2,17.0,A,2023.0
438635,2023-12-15,PD,CA Osasuna,Rayo Vallecano de Madrid,1,0,17.0,H,2023.0
441920,2023-12-15,BL1,Borussia Mönchengladbach,SV Werder Bremen,2,2,15.0,D,2023.0
444407,2023-12-15,SA,Genoa CFC,Juventus FC,1,1,16.0,D,2023.0
442843,2023-12-15,FL1,AS Monaco FC,Olympique Lyonnais,0,1,16.0,A,2023.0
441922,2023-12-16,BL1,FC Augsburg,Borussia Dortmund,1,1,15.0,D,2023.0
441921,2023-12-16,BL1,VfL Bochum 1848,1. FC Union Berlin,3,0,15.0,H,2023.0
441923,2023-12-16,BL1,SV Darmstadt 98,VfL Wolfsburg,0,1,15.0,A,2023.0
441919,2023-12-16,BL1,1. FSV Mainz 05,1. FC Heidenheim 1846,0,1,15.0,A,2023.0
444411,2023-12-16,SA,SSC Napoli,Cagliari Calcio,2,1,16.0,H,2023.0
442842,2023-12-16,FL1,Le Havre AC,OGC Nice,3,1,16.0,H,2023.0
438639,2023-12-16,PD,Valencia CF,FC Barcelona,1,1,17.0,D,2023.0
444409,2023-12-16,SA,US Lecce,Frosinone Calcio,2,1,16.0,H,2023.0
442850,2023-12-16,FL1,Racing Club de Lens,Stade de Reims,2,0,16.0,H,2023.0
436109,2023-12-16,PL,Manchester City FC,Crystal Palace FC,2,2,17.0,D,2023.0
436107,2023-12-16,PL,Chelsea FC,Sheffield United FC,2,0,17.0,H,2023.0
436106,2023-12-16,PL,Burnley FC,Everton FC,0,2,17.0,A,2023.0
438636,2023-12-16,PD,RC Celta de Vigo,Granada CF,1,0,17.0,H,2023.0
441916,2023-12-16,BL1,RB Leipzig,TSG 1899 Hoffenheim,3,1,15.0,H,2023.0
444412,2023-12-16,SA,Torino FC,Empoli FC,1,0,16.0,H,2023.0
438634,2023-12-16,PD,Athletic Club,Club Atlético de Madrid,2,0,17.0,H,2023.0
438638,2023-12-16,PD,Sevilla FC,Getafe CF,0,3,17.0,A,2023.0
436110,2023-12-16,PL,Newcastle United FC,Fulham FC,3,0,17.0,H,2023.0
442847,2023-12-17,FL1,Toulouse FC,Stade Rennais FC 1901,0,0,16.0,D,2023.0
436105,2023-12-17,PL,Brentford FC,Aston Villa FC,1,2,17.0,A,2023.0
438640,2023-12-17,PD,Real Madrid CF,Villarreal CF,4,1,17.0,H,2023.0
436108,2023-12-17,PL,Liverpool FC,Manchester United FC,0,0,17.0,D,2023.0
438643,2023-12-17,PD,UD Las Palmas,Cádiz CF,1,1,17.0,D,2023.0
438642,2023-12-17,PD,UD Almería,RCD Mallorca,0,0,17.0,D,2023.0
438641,2023-12-17,PD,Real Sociedad de Fútbol,Real Betis Balompié,0,0,17.0,D,2023.0
441917,2023-12-17,BL1,SC Freiburg,1. FC Köln,2,0,15.0,H,2023.0
436112,2023-12-17,PL,West Ham United FC,Wolverhampton Wanderers FC,3,0,17.0,H,2023.0
444408,2023-12-17,SA,SS Lazio,FC Internazionale Milano,0,2,16.0,A,2023.0
444405,2023-12-17,SA,Bologna FC 1909,AS Roma,2,0,16.0,H,2023.0
436104,2023-12-17,PL,Arsenal FC,Brighton & Hove Albion FC,2,0,17.0,H,2023.0
441915,2023-12-17,BL1,FC Bayern München,VfB Stuttgart,3,0,15.0,H,2023.0
442848,2023-12-17,FL1,Olympique de Marseille,Clermont Foot 63,2,1,16.0,H,2023.0
442849,2023-12-17,FL1,Lille OSC,Paris Saint-Germain FC,1,1,16.0,D,2023.0
442844,2023-12-17,FL1,FC Lorient,RC Strasbourg Alsace,1,2,16.0,A,2023.0
442846,2023-12-17,FL1,FC Nantes,Stade Brestois 29,0,2,16.0,A,2023.0
442845,2023-12-17,FL1,FC Metz,Montpellier HSC,0,1,16.0,A,2023.0
444406,2023-12-17,SA,ACF Fiorentina,Hellas Verona FC,1,0,16.0,H,2023.0
444410,2023-12-17,SA,AC Milan,AC Monza,3,0,16.0,H,2023.0
441918,2023-12-17,BL1,Bayer 04 Leverkusen,Eintracht Frankfurt,3,0,15.0,H,2023.0
444413,2023-12-17,SA,Udinese Calcio,US Sassuolo Calcio,2,2,16.0,D,2023.0
444404,2023-12-18,SA,Atalanta BC,US Salernitana 1919,4,1,16.0,H,2023.0
438637,2023-12-18,PD,Girona FC,Deportivo Alavés,3,0,17.0,H,2023.0
441929,2023-12-19,BL1,TSG 1899 Hoffenheim,SV Darmstadt 98,3,3,16.0,D,2023.0
441930,2023-12-19,BL1,SV Werder Bremen,RB Leipzig,1,1,16.0,D,2023.0
438645,2023-12-19,PD,Club Atlético de Madrid,Getafe CF,3,3,18.0,D,2023.0
438652,2023-12-19,PD,Rayo Vallecano de Madrid,Valencia CF,0,1,18.0,A,2023.0
441924,2023-12-19,BL1,Borussia Dortmund,1. FSV Mainz 05,1,1,16.0,D,2023.0
438650,2023-12-19,PD,Granada CF,Sevilla FC,0,3,18.0,A,2023.0
438651,2023-12-20,PD,Villarreal CF,RC Celta de Vigo,3,2,18.0,H,2023.0
442851,2023-12-20,FL1,Clermont Foot 63,Stade Rennais FC 1901,1,3,17.0,A,2023.0
442856,2023-12-20,FL1,Paris Saint-Germain FC,FC Metz,3,1,17.0,H,2023.0
442855,2023-12-20,FL1,Olympique Lyonnais,FC Nantes,1,0,17.0,H,2023.0
442858,2023-12-20,FL1,Stade Brestois 29,FC Lorient,4,0,17.0,H,2023.0
442852,2023-12-20,FL1,Toulouse FC,AS Monaco FC,1,2,17.0,A,2023.0
442854,2023-12-20,FL1,OGC Nice,Racing Club de Lens,2,0,17.0,H,2023.0
438644,2023-12-20,PD,Athletic Club,UD Las Palmas,1,0,18.0,H,2023.0
438648,2023-12-20,PD,FC Barcelona,UD Almería,3,2,18.0,H,2023.0
442853,2023-12-20,FL1,Montpellier HSC,Olympique de Marseille,1,1,17.0,D,2023.0
441931,2023-12-20,BL1,VfB Stuttgart,FC Augsburg,3,0,16.0,H,2023.0
441928,2023-12-20,BL1,VfL Wolfsburg,FC Bayern München,1,2,16.0,A,2023.0
441927,2023-12-20,BL1,Eintracht Frankfurt,Borussia Mönchengladbach,2,1,16.0,H,2023.0
441926,2023-12-20,BL1,Bayer 04 Leverkusen,VfL Bochum 1848,4,0,16.0,H,2023.0
441925,2023-12-20,BL1,1. FC Union Berlin,1. FC Köln,2,0,16.0,H,2023.0
442857,2023-12-20,FL1,RC Strasbourg Alsace,Lille OSC,2,1,17.0,H,2023.0
442859,2023-12-20,FL1,Stade de Reims,Le Havre AC,1,0,17.0,H,2023.0
441932,2023-12-20,BL1,1. FC Heidenheim 1846,SC Freiburg,3,2,16.0,H,2023.0
438646,2023-12-21,PD,Real Betis Balompié,Girona FC,1,1,18.0,D,2023.0
438647,2023-12-21,PD,Deportivo Alavés,Real Madrid CF,0,1,18.0,A,2023.0
438649,2023-12-21,PD,Cádiz CF,Real Sociedad de Fútbol,0,0,18.0,D,2023.0
436114,2023-12-21,PL,Crystal Palace FC,Brighton & Hove Albion FC,1,1,18.0,D,2023.0
438653,2023-12-21,PD,RCD Mallorca,CA Osasuna,3,2,18.0,H,2023.0
436113,2023-12-22,PL,Aston Villa FC,Sheffield United FC,1,1,18.0,D,2023.0
444415,2023-12-22,SA,Empoli FC,SS Lazio,0,2,17.0,A,2023.0
444422,2023-12-22,SA,US Sassuolo Calcio,Genoa CFC,1,2,17.0,A,2023.0
444419,2023-12-22,SA,AC Monza,ACF Fiorentina,0,1,17.0,A,2023.0
444421,2023-12-22,SA,US Salernitana 1919,AC Milan,2,2,17.0,D,2023.0
436121,2023-12-23,PL,West Ham United FC,Manchester United FC,2,0,18.0,H,2023.0
436116,2023-12-23,PL,Liverpool FC,Arsenal FC,1,1,18.0,D,2023.0
436120,2023-12-23,PL,Tottenham Hotspur FC,Everton FC,2,1,18.0,H,2023.0
436119,2023-12-23,PL,Nottingham Forest FC,AFC Bournemouth,2,3,18.0,A,2023.0
438504,2023-12-23,PD,Club Atlético de Madrid,Sevilla FC,1,0,4.0,H,2023.0
444417,2023-12-23,SA,Hellas Verona FC,Cagliari Calcio,2,0,17.0,H,2023.0
444414,2023-12-23,SA,Bologna FC 1909,Atalanta BC,1,0,17.0,H,2023.0
436117,2023-12-23,PL,Luton Town FC,Newcastle United FC,1,0,18.0,H,2023.0
444420,2023-12-23,SA,AS Roma,SSC Napoli,2,0,17.0,H,2023.0
444418,2023-12-23,SA,FC Internazionale Milano,US Lecce,2,0,17.0,H,2023.0
444416,2023-12-23,SA,Frosinone Calcio,Juventus FC,1,2,17.0,A,2023.0
444423,2023-12-23,SA,Torino FC,Udinese Calcio,1,1,17.0,D,2023.0
436115,2023-12-23,PL,Fulham FC,Burnley FC,0,2,18.0,A,2023.0
436122,2023-12-24,PL,Wolverhampton Wanderers FC,Chelsea FC,2,1,18.0,H,2023.0
436123,2023-12-26,PL,AFC Bournemouth,Fulham FC,3,0,19.0,H,2023.0
436132,2023-12-26,PL,Sheffield United FC,Luton Town FC,2,3,19.0,A,2023.0
436130,2023-12-26,PL,Manchester United FC,Aston Villa FC,3,2,19.0,H,2023.0
436127,2023-12-26,PL,Burnley FC,Liverpool FC,0,2,19.0,A,2023.0
436131,2023-12-26,PL,Newcastle United FC,Nottingham Forest FC,1,3,19.0,A,2023.0
436125,2023-12-27,PL,Brentford FC,Wolverhampton Wanderers FC,1,4,19.0,A,2023.0
436128,2023-12-27,PL,Chelsea FC,Crystal Palace FC,2,1,19.0,H,2023.0
436129,2023-12-27,PL,Everton FC,Manchester City FC,1,3,19.0,A,2023.0
436124,2023-12-28,PL,Arsenal FC,West Ham United FC,0,2,19.0,A,2023.0
436126,2023-12-28,PL,Brighton & Hove Albion FC,Tottenham Hotspur FC,4,2,19.0,H,2023.0
444430,2023-12-29,SA,SS Lazio,Frosinone Calcio,3,1,18.0,H,2023.0
444427,2023-12-29,SA,Genoa CFC,FC Internazionale Milano,1,1,18.0,D,2023.0
444432,2023-12-29,SA,SSC Napoli,AC Monza,0,0,18.0,D,2023.0
444426,2023-12-29,SA,ACF Fiorentina,Torino FC,1,0,18.0,H,2023.0
444431,2023-12-30,SA,AC Milan,US Sassuolo Calcio,1,0,18.0,H,2023.0
444424,2023-12-30,SA,Atalanta BC,US Lecce,1,0,18.0,H,2023.0
444425,2023-12-30,SA,Cagliari Calcio,Empoli FC,0,0,18.0,D,2023.0
444433,2023-12-30,SA,Udinese Calcio,Bologna FC 1909,3,0,18.0,H,2023.0
444428,2023-12-30,SA,Hellas Verona FC,US Salernitana 1919,0,1,18.0,A,2023.0
436133,2023-12-30,PL,Aston Villa FC,Burnley FC,3,2,20.0,H,2023.0
436134,2023-12-30,PL,Crystal Palace FC,Brentford FC,3,1,20.0,H,2023.0
436142,2023-12-30,PL,Wolverhampton Wanderers FC,Everton FC,3,0,20.0,H,2023.0
436137,2023-12-30,PL,Luton Town FC,Chelsea FC,2,3,20.0,A,2023.0
436138,2023-12-30,PL,Manchester City FC,Sheffield United FC,2,0,20.0,H,2023.0
444429,2023-12-30,SA,Juventus FC,AS Roma,1,0,18.0,H,2023.0
436139,2023-12-30,PL,Nottingham Forest FC,Manchester United FC,2,1,20.0,H,2023.0
436140,2023-12-31,PL,Tottenham Hotspur FC,AFC Bournemouth,3,1,20.0,H,2023.0
436135,2023-12-31,PL,Fulham FC,Arsenal FC,2,1,20.0,H,2023.0
436136,2024-01-01,PL,Liverpool FC,Newcastle United FC,4,2,20.0,H,2023.0
438660,2024-01-02,PD,Valencia CF,Villarreal CF,3,1,19.0,H,2023.0
438662,2024-01-02,PD,Real Sociedad de Fútbol,Deportivo Alavés,1,1,19.0,D,2023.0
438656,2024-01-02,PD,Getafe CF,Rayo Vallecano de Madrid,0,2,19.0,A,2023.0
436141,2024-01-02,PL,West Ham United FC,Brighton & Hove Albion FC,0,0,20.0,D,2023.0
438658,2024-01-03,PD,Granada CF,Cádiz CF,2,0,19.0,H,2023.0
438657,2024-01-03,PD,Girona FC,Club Atlético de Madrid,4,3,19.0,H,2023.0
438655,2024-01-03,PD,RC Celta de Vigo,Real Betis Balompié,2,1,19.0,H,2023.0
438661,2024-01-03,PD,Real Madrid CF,RCD Mallorca,1,0,19.0,H,2023.0
438663,2024-01-04,PD,UD Las Palmas,FC Barcelona,1,2,19.0,A,2023.0
438654,2024-01-04,PD,CA Osasuna,UD Almería,1,0,19.0,H,2023.0
438659,2024-01-04,PD,Sevilla FC,Athletic Club,0,2,19.0,A,2023.0
444434,2024-01-05,SA,Bologna FC 1909,Genoa CFC,1,1,19.0,D,2023.0
444437,2024-01-06,SA,FC Internazionale Milano,Hellas Verona FC,2,1,19.0,H,2023.0
444438,2024-01-06,SA,US Lecce,Cagliari Calcio,1,1,19.0,D,2023.0
444441,2024-01-06,SA,US Sassuolo Calcio,ACF Fiorentina,1,0,19.0,H,2023.0
444436,2024-01-06,SA,Frosinone Calcio,AC Monza,2,3,19.0,A,2023.0
444443,2024-01-07,SA,Udinese Calcio,SS Lazio,1,2,19.0,A,2023.0
444440,2024-01-07,SA,US Salernitana 1919,Juventus FC,1,2,19.0,A,2023.0
444439,2024-01-07,SA,AS Roma,Atalanta BC,1,1,19.0,D,2023.0
444435,2024-01-07,SA,Empoli FC,AC Milan,0,3,19.0,A,2023.0
444442,2024-01-07,SA,Torino FC,SSC Napoli,3,0,19.0,H,2023.0
438670,2024-01-12,PD,Sevilla FC,Deportivo Alavés,2,3,20.0,A,2023.0
436147,2024-01-12,PL,Burnley FC,Luton Town FC,1,1,21.0,D,2023.0
441933,2024-01-12,BL1,FC Bayern München,TSG 1899 Hoffenheim,3,0,17.0,H,2023.0
442864,2024-01-12,FL1,Olympique de Marseille,RC Strasbourg Alsace,1,1,18.0,D,2023.0
438671,2024-01-13,PD,RCD Mallorca,RC Celta de Vigo,1,1,20.0,D,2023.0
438673,2024-01-13,PD,UD Las Palmas,Villarreal CF,3,0,20.0,H,2023.0
442868,2024-01-13,FL1,Stade Rennais FC 1901,OGC Nice,2,0,18.0,H,2023.0
438664,2024-01-13,PD,Athletic Club,Real Sociedad de Fútbol,2,1,20.0,H,2023.0
441935,2024-01-13,BL1,SC Freiburg,1. FC Union Berlin,0,0,17.0,D,2023.0
441940,2024-01-13,BL1,FC Augsburg,Bayer 04 Leverkusen,0,1,17.0,A,2023.0
436151,2024-01-13,PL,Newcastle United FC,Manchester City FC,2,3,21.0,A,2023.0
438666,2024-01-13,PD,Real Betis Balompié,Granada CF,1,0,20.0,H,2023.0
442861,2024-01-13,FL1,AS Monaco FC,Stade de Reims,1,3,18.0,A,2023.0
441938,2024-01-13,BL1,1. FC Köln,1. FC Heidenheim 1846,1,1,17.0,D,2023.0
441936,2024-01-13,BL1,1. FSV Mainz 05,VfL Wolfsburg,1,1,17.0,D,2023.0
436148,2024-01-13,PL,Chelsea FC,Fulham FC,1,0,21.0,H,2023.0
441934,2024-01-13,BL1,RB Leipzig,Eintracht Frankfurt,0,1,17.0,A,2023.0
444452,2024-01-13,SA,AC Monza,FC Internazionale Milano,1,5,20.0,A,2023.0
444447,2024-01-13,SA,Genoa CFC,Torino FC,0,0,20.0,D,2023.0
444453,2024-01-13,SA,SSC Napoli,US Salernitana 1919,2,1,20.0,H,2023.0
444448,2024-01-13,SA,Hellas Verona FC,Empoli FC,2,1,20.0,H,2023.0
441941,2024-01-13,BL1,SV Darmstadt 98,Borussia Dortmund,0,3,17.0,A,2023.0
444451,2024-01-14,SA,AC Milan,AS Roma,3,1,20.0,H,2023.0
441939,2024-01-14,BL1,VfL Bochum 1848,SV Werder Bremen,1,1,17.0,D,2023.0
441937,2024-01-14,BL1,Borussia Mönchengladbach,VfB Stuttgart,3,1,17.0,H,2023.0
442862,2024-01-14,FL1,FC Metz,Toulouse FC,0,1,18.0,A,2023.0
444450,2024-01-14,SA,SS Lazio,US Lecce,1,0,20.0,H,2023.0
442866,2024-01-14,FL1,Racing Club de Lens,Paris Saint-Germain FC,0,2,18.0,A,2023.0
442860,2024-01-14,FL1,Le Havre AC,Olympique Lyonnais,3,1,18.0,H,2023.0
442865,2024-01-14,FL1,Lille OSC,FC Lorient,3,0,18.0,H,2023.0
442863,2024-01-14,FL1,FC Nantes,Clermont Foot 63,1,2,18.0,A,2023.0
444446,2024-01-14,SA,ACF Fiorentina,Udinese Calcio,2,2,20.0,D,2023.0
444445,2024-01-14,SA,Cagliari Calcio,Bologna FC 1909,2,1,20.0,H,2023.0
436149,2024-01-14,PL,Everton FC,Aston Villa FC,0,0,21.0,D,2023.0
436150,2024-01-14,PL,Manchester United FC,Tottenham Hotspur FC,2,2,21.0,D,2023.0
438672,2024-01-14,PD,UD Almería,Girona FC,0,0,20.0,D,2023.0
438668,2024-01-14,PD,Cádiz CF,Valencia CF,1,4,20.0,A,2023.0
442867,2024-01-14,FL1,Stade Brestois 29,Montpellier HSC,2,0,18.0,H,2023.0
444444,2024-01-15,SA,Atalanta BC,Frosinone Calcio,5,0,20.0,H,2023.0
444449,2024-01-16,SA,Juventus FC,US Sassuolo Calcio,3,0,20.0,H,2023.0
438677,2024-01-19,PD,Deportivo Alavés,Cádiz CF,1,0,21.0,H,2023.0
444463,2024-01-20,SA,Udinese Calcio,AC Milan,2,3,21.0,A,2023.0
436144,2024-01-20,PL,Arsenal FC,Crystal Palace FC,5,0,21.0,H,2023.0
441945,2024-01-20,BL1,RB Leipzig,Bayer 04 Leverkusen,2,3,18.0,A,2023.0
444459,2024-01-20,SA,AS Roma,Hellas Verona FC,2,1,21.0,H,2023.0
438681,2024-01-20,PD,Villarreal CF,RCD Mallorca,1,1,21.0,D,2023.0
436145,2024-01-20,PL,Brentford FC,Nottingham Forest FC,3,2,21.0,H,2023.0
438682,2024-01-20,PD,Rayo Vallecano de Madrid,UD Las Palmas,0,2,21.0,A,2023.0
441948,2024-01-20,BL1,SC Freiburg,TSG 1899 Hoffenheim,3,2,18.0,H,2023.0
441946,2024-01-20,BL1,SV Darmstadt 98,Eintracht Frankfurt,2,2,18.0,D,2023.0
441943,2024-01-20,BL1,1. FC Köln,Borussia Dortmund,0,4,18.0,A,2023.0
438676,2024-01-20,PD,RC Celta de Vigo,Real Sociedad de Fútbol,0,1,21.0,A,2023.0
441950,2024-01-20,BL1,VfL Bochum 1848,VfB Stuttgart,1,0,18.0,H,2023.0
438680,2024-01-20,PD,Valencia CF,Athletic Club,1,0,21.0,H,2023.0
441947,2024-01-20,BL1,1. FC Heidenheim 1846,VfL Wolfsburg,1,1,18.0,D,2023.0
444456,2024-01-21,SA,Frosinone Calcio,Cagliari Calcio,3,1,21.0,H,2023.0
438683,2024-01-21,PD,Real Madrid CF,UD Almería,3,2,21.0,H,2023.0
444458,2024-01-21,SA,US Lecce,Juventus FC,0,3,21.0,A,2023.0
438675,2024-01-21,PD,CA Osasuna,Getafe CF,3,2,21.0,H,2023.0
444455,2024-01-21,SA,Empoli FC,AC Monza,3,0,21.0,H,2023.0
444460,2024-01-21,SA,US Salernitana 1919,Genoa CFC,1,2,21.0,A,2023.0
436152,2024-01-21,PL,Sheffield United FC,West Ham United FC,2,2,21.0,D,2023.0
438678,2024-01-21,PD,Girona FC,Sevilla FC,5,1,21.0,H,2023.0
436143,2024-01-21,PL,AFC Bournemouth,Liverpool FC,0,4,21.0,A,2023.0
441942,2024-01-21,BL1,FC Bayern München,SV Werder Bremen,0,1,18.0,A,2023.0
441949,2024-01-21,BL1,Borussia Mönchengladbach,FC Augsburg,1,2,18.0,A,2023.0
438674,2024-01-21,PD,Real Betis Balompié,FC Barcelona,2,4,21.0,A,2023.0
438679,2024-01-22,PD,Granada CF,Club Atlético de Madrid,0,1,21.0,A,2023.0
436146,2024-01-22,PL,Brighton & Hove Albion FC,Wolverhampton Wanderers FC,0,0,21.0,D,2023.0
441897,2024-01-24,BL1,FC Bayern München,1. FC Union Berlin,1,0,13.0,H,2023.0
442875,2024-01-26,FL1,Olympique Lyonnais,Stade Rennais FC 1901,2,3,19.0,A,2023.0
441954,2024-01-26,BL1,Eintracht Frankfurt,1. FSV Mainz 05,1,0,19.0,H,2023.0
444465,2024-01-26,SA,Cagliari Calcio,Torino FC,1,2,22.0,A,2023.0
438692,2024-01-26,PD,UD Almería,Deportivo Alavés,0,3,22.0,A,2023.0
441955,2024-01-27,BL1,Bayer 04 Leverkusen,Borussia Mönchengladbach,0,0,19.0,D,2023.0
444469,2024-01-27,SA,Juventus FC,Empoli FC,1,1,22.0,D,2023.0
441956,2024-01-27,BL1,VfL Wolfsburg,1. FC Köln,1,1,19.0,D,2023.0
441958,2024-01-27,BL1,TSG 1899 Hoffenheim,1. FC Heidenheim 1846,1,1,19.0,D,2023.0
438691,2024-01-27,PD,Real Sociedad de Fútbol,Rayo Vallecano de Madrid,0,0,22.0,D,2023.0
438693,2024-01-27,PD,UD Las Palmas,Real Madrid CF,1,2,22.0,A,2023.0
444471,2024-01-27,SA,AC Milan,Bologna FC 1909,2,2,22.0,D,2023.0
438686,2024-01-27,PD,FC Barcelona,Villarreal CF,3,5,22.0,A,2023.0
444464,2024-01-27,SA,Atalanta BC,Udinese Calcio,2,0,22.0,H,2023.0
441951,2024-01-27,BL1,FC Augsburg,FC Bayern München,2,3,19.0,A,2023.0
438690,2024-01-27,PD,RCD Mallorca,Real Betis Balompié,0,1,22.0,A,2023.0
442873,2024-01-27,FL1,OGC Nice,FC Metz,1,0,19.0,H,2023.0
442874,2024-01-27,FL1,Olympique de Marseille,AS Monaco FC,2,2,19.0,D,2023.0
441952,2024-01-27,BL1,VfB Stuttgart,RB Leipzig,5,2,19.0,H,2023.0
441953,2024-01-27,BL1,SV Werder Bremen,SC Freiburg,3,1,19.0,H,2023.0
442872,2024-01-28,FL1,Montpellier HSC,Lille OSC,0,0,19.0,D,2023.0
441957,2024-01-28,BL1,Borussia Dortmund,VfL Bochum 1848,3,1,19.0,H,2023.0
438685,2024-01-28,PD,RC Celta de Vigo,Girona FC,0,1,22.0,A,2023.0
444470,2024-01-28,SA,SS Lazio,SSC Napoli,0,0,22.0,D,2023.0
444466,2024-01-28,SA,ACF Fiorentina,FC Internazionale Milano,0,1,22.0,A,2023.0
442871,2024-01-28,FL1,Toulouse FC,Racing Club de Lens,0,2,19.0,A,2023.0
442876,2024-01-28,FL1,Paris Saint-Germain FC,Stade Brestois 29,2,2,19.0,D,2023.0
442870,2024-01-28,FL1,FC Lorient,Le Havre AC,3,3,19.0,D,2023.0
441959,2024-01-28,BL1,1. FC Union Berlin,SV Darmstadt 98,1,0,19.0,H,2023.0
444468,2024-01-28,SA,Hellas Verona FC,Frosinone Calcio,1,1,22.0,D,2023.0
438684,2024-01-28,PD,Club Atlético de Madrid,Valencia CF,2,0,22.0,H,2023.0
438689,2024-01-28,PD,Sevilla FC,CA Osasuna,1,1,22.0,D,2023.0
442877,2024-01-28,FL1,Stade de Reims,FC Nantes,0,0,19.0,D,2023.0
444472,2024-01-28,SA,AC Monza,US Sassuolo Calcio,1,0,22.0,H,2023.0
442869,2024-01-28,FL1,Clermont Foot 63,RC Strasbourg Alsace,1,1,19.0,D,2023.0
444467,2024-01-28,SA,Genoa CFC,US Lecce,2,1,22.0,H,2023.0
438687,2024-01-28,PD,Cádiz CF,Athletic Club,0,0,22.0,D,2023.0
438688,2024-01-29,PD,Getafe CF,Granada CF,2,0,22.0,H,2023.0
444473,2024-01-29,SA,US Salernitana 1919,AS Roma,1,2,22.0,A,2023.0
436157,2024-01-30,PL,Crystal Palace FC,Sheffield United FC,3,2,22.0,H,2023.0
436156,2024-01-30,PL,Fulham FC,Everton FC,0,0,22.0,D,2023.0
436153,2024-01-30,PL,Nottingham Forest FC,Arsenal FC,1,2,22.0,A,2023.0
436158,2024-01-30,PL,Aston Villa FC,Newcastle United FC,1,3,22.0,A,2023.0
436155,2024-01-30,PL,Luton Town FC,Brighton & Hove Albion FC,4,0,22.0,H,2023.0
436161,2024-01-31,PL,Manchester City FC,Burnley FC,3,1,22.0,H,2023.0
438665,2024-01-31,PD,Club Atlético de Madrid,Rayo Vallecano de Madrid,2,1,20.0,H,2023.0
438667,2024-01-31,PD,FC Barcelona,CA Osasuna,1,0,20.0,H,2023.0
436159,2024-01-31,PL,Tottenham Hotspur FC,Brentford FC,3,2,22.0,H,2023.0
436162,2024-01-31,PL,Liverpool FC,Chelsea FC,4,1,22.0,H,2023.0
436160,2024-02-01,PL,Wolverhampton Wanderers FC,Manchester United FC,3,4,22.0,A,2023.0
436154,2024-02-01,PL,West Ham United FC,AFC Bournemouth,1,1,22.0,D,2023.0
438669,2024-02-01,PD,Getafe CF,Real Madrid CF,0,2,20.0,A,2023.0
441960,2024-02-02,BL1,1. FC Heidenheim 1846,Borussia Dortmund,0,0,20.0,D,2023.0
444479,2024-02-02,SA,US Lecce,ACF Fiorentina,3,2,23.0,H,2023.0
442883,2024-02-02,FL1,RC Strasbourg Alsace,Paris Saint-Germain FC,1,2,20.0,A,2023.0
438694,2024-02-02,PD,Athletic Club,RCD Mallorca,4,0,23.0,H,2023.0
436166,2024-02-03,PL,Brighton & Hove Albion FC,Crystal Palace FC,4,1,23.0,H,2023.0
441967,2024-02-03,BL1,VfL Bochum 1848,FC Augsburg,1,1,20.0,D,2023.0
441966,2024-02-03,BL1,1. FSV Mainz 05,SV Werder Bremen,0,1,20.0,A,2023.0
441962,2024-02-03,BL1,SV Darmstadt 98,Bayer 04 Leverkusen,0,2,20.0,A,2023.0
436172,2024-02-03,PL,Sheffield United FC,Aston Villa FC,0,5,23.0,A,2023.0
441964,2024-02-03,BL1,FC Bayern München,Borussia Mönchengladbach,3,1,20.0,H,2023.0
438697,2024-02-03,PD,Deportivo Alavés,FC Barcelona,1,3,23.0,A,2023.0
438700,2024-02-03,PD,Valencia CF,UD Almería,2,1,23.0,H,2023.0
438699,2024-02-03,PD,Granada CF,UD Las Palmas,1,1,23.0,D,2023.0
438698,2024-02-03,PD,Girona FC,Real Sociedad de Fútbol,0,0,23.0,D,2023.0
441963,2024-02-03,BL1,1. FC Köln,Eintracht Frankfurt,2,0,20.0,H,2023.0
441968,2024-02-03,BL1,SC Freiburg,VfB Stuttgart,1,3,20.0,A,2023.0
436171,2024-02-03,PL,Newcastle United FC,Luton Town FC,4,4,23.0,D,2023.0
442880,2024-02-03,FL1,FC Nantes,Racing Club de Lens,0,1,20.0,A,2023.0
436167,2024-02-03,PL,Burnley FC,Fulham FC,2,2,23.0,D,2023.0
444475,2024-02-03,SA,Bologna FC 1909,US Sassuolo Calcio,4,2,23.0,H,2023.0
444477,2024-02-03,SA,Frosinone Calcio,AC Milan,2,3,23.0,A,2023.0
444476,2024-02-03,SA,Empoli FC,Genoa CFC,0,0,23.0,D,2023.0
444483,2024-02-03,SA,Udinese Calcio,AC Monza,0,0,23.0,D,2023.0
442886,2024-02-03,FL1,Stade Rennais FC 1901,Montpellier HSC,2,1,20.0,H,2023.0
436169,2024-02-03,PL,Everton FC,Tottenham Hotspur FC,2,2,23.0,D,2023.0
441961,2024-02-04,BL1,RB Leipzig,1. FC Union Berlin,2,0,20.0,H,2023.0
442882,2024-02-04,FL1,Lille OSC,Clermont Foot 63,4,0,20.0,H,2023.0
442884,2024-02-04,FL1,Stade Brestois 29,OGC Nice,0,0,20.0,D,2023.0
438696,2024-02-04,PD,CA Osasuna,RC Celta de Vigo,0,3,23.0,A,2023.0
442881,2024-02-04,FL1,Olympique Lyonnais,Olympique de Marseille,1,0,20.0,H,2023.0
441965,2024-02-04,BL1,VfL Wolfsburg,TSG 1899 Hoffenheim,2,2,20.0,D,2023.0
438701,2024-02-04,PD,Villarreal CF,Cádiz CF,0,0,23.0,D,2023.0
442878,2024-02-04,FL1,AS Monaco FC,Le Havre AC,1,1,20.0,D,2023.0
438695,2024-02-04,PD,Real Betis Balompié,Getafe CF,1,1,23.0,D,2023.0
442885,2024-02-04,FL1,Stade de Reims,Toulouse FC,2,3,20.0,A,2023.0
438703,2024-02-04,PD,Real Madrid CF,Club Atlético de Madrid,1,1,23.0,D,2023.0
442879,2024-02-04,FL1,FC Metz,FC Lorient,1,2,20.0,A,2023.0
436163,2024-02-04,PL,AFC Bournemouth,Nottingham Forest FC,1,1,23.0,D,2023.0
444478,2024-02-04,SA,FC Internazionale Milano,Juventus FC,1,0,23.0,H,2023.0
436168,2024-02-04,PL,Chelsea FC,Wolverhampton Wanderers FC,2,4,23.0,A,2023.0
444474,2024-02-04,SA,Atalanta BC,SS Lazio,3,1,23.0,H,2023.0
436164,2024-02-04,PL,Arsenal FC,Liverpool FC,3,1,23.0,H,2023.0
444482,2024-02-04,SA,Torino FC,US Salernitana 1919,0,0,23.0,D,2023.0
444480,2024-02-04,SA,SSC Napoli,Hellas Verona FC,2,1,23.0,H,2023.0
436170,2024-02-04,PL,Manchester United FC,West Ham United FC,3,0,23.0,H,2023.0
438702,2024-02-05,PD,Rayo Vallecano de Madrid,Sevilla FC,1,2,23.0,A,2023.0
436165,2024-02-05,PL,Brentford FC,Manchester City FC,1,3,23.0,A,2023.0
444481,2024-02-05,SA,AS Roma,Cagliari Calcio,4,0,23.0,H,2023.0
441944,2024-02-07,BL1,1. FSV Mainz 05,1. FC Union Berlin,1,1,18.0,D,2023.0
444492,2024-02-09,SA,US Salernitana 1919,Empoli FC,1,3,24.0,A,2023.0
441971,2024-02-09,BL1,Borussia Dortmund,SC Freiburg,3,0,21.0,H,2023.0
442893,2024-02-09,FL1,Olympique de Marseille,FC Metz,1,1,21.0,D,2023.0
438706,2024-02-09,PD,Cádiz CF,Real Betis Balompié,0,2,24.0,A,2023.0
436177,2024-02-10,PL,Luton Town FC,Sheffield United FC,1,3,24.0,A,2023.0
441972,2024-02-10,BL1,1. FC Union Berlin,VfL Wolfsburg,1,0,21.0,H,2023.0
441975,2024-02-10,BL1,Eintracht Frankfurt,VfL Bochum 1848,1,1,21.0,D,2023.0
444491,2024-02-10,SA,AS Roma,FC Internazionale Milano,2,4,24.0,A,2023.0
444493,2024-02-10,SA,US Sassuolo Calcio,Torino FC,1,1,24.0,D,2023.0
442895,2024-02-10,FL1,Racing Club de Lens,RC Strasbourg Alsace,3,1,21.0,H,2023.0
441976,2024-02-10,BL1,SV Werder Bremen,1. FC Heidenheim 1846,1,2,21.0,A,2023.0
441977,2024-02-10,BL1,Borussia Mönchengladbach,SV Darmstadt 98,0,0,21.0,D,2023.0
441969,2024-02-10,BL1,Bayer 04 Leverkusen,FC Bayern München,3,0,21.0,H,2023.0
442894,2024-02-10,FL1,Paris Saint-Germain FC,Lille OSC,3,1,21.0,H,2023.0
441970,2024-02-10,BL1,FC Augsburg,RB Leipzig,2,2,21.0,D,2023.0
438710,2024-02-10,PD,Real Madrid CF,Girona FC,4,0,24.0,H,2023.0
444485,2024-02-10,SA,Cagliari Calcio,SS Lazio,1,3,24.0,A,2023.0
436176,2024-02-10,PL,Liverpool FC,Burnley FC,3,1,24.0,H,2023.0
436175,2024-02-10,PL,Fulham FC,AFC Bournemouth,3,1,24.0,H,2023.0
436180,2024-02-10,PL,Tottenham Hotspur FC,Brighton & Hove Albion FC,2,1,24.0,H,2023.0
436178,2024-02-10,PL,Manchester City FC,Everton FC,2,0,24.0,H,2023.0
436179,2024-02-10,PL,Nottingham Forest FC,Newcastle United FC,2,3,24.0,A,2023.0
438711,2024-02-10,PD,Real Sociedad de Fútbol,CA Osasuna,0,1,24.0,A,2023.0
438713,2024-02-10,PD,UD Las Palmas,Valencia CF,2,0,24.0,H,2023.0
436182,2024-02-10,PL,Wolverhampton Wanderers FC,Brentford FC,0,2,24.0,A,2023.0
438704,2024-02-10,PD,Deportivo Alavés,Villarreal CF,1,1,24.0,D,2023.0
442889,2024-02-11,FL1,FC Lorient,Stade de Reims,2,0,21.0,H,2023.0
444484,2024-02-11,SA,Bologna FC 1909,US Lecce,4,0,24.0,H,2023.0
444486,2024-02-11,SA,ACF Fiorentina,Frosinone Calcio,5,1,24.0,H,2023.0
444489,2024-02-11,SA,AC Milan,SSC Napoli,1,0,24.0,H,2023.0
444490,2024-02-11,SA,AC Monza,Hellas Verona FC,0,0,24.0,D,2023.0
436173,2024-02-11,PL,Aston Villa FC,Manchester United FC,1,2,24.0,A,2023.0
436181,2024-02-11,PL,West Ham United FC,Arsenal FC,0,6,24.0,A,2023.0
444487,2024-02-11,SA,Genoa CFC,Atalanta BC,1,4,24.0,A,2023.0
438709,2024-02-11,PD,RCD Mallorca,Rayo Vallecano de Madrid,2,1,24.0,H,2023.0
441974,2024-02-11,BL1,TSG 1899 Hoffenheim,1. FC Köln,1,1,21.0,D,2023.0
438708,2024-02-11,PD,Sevilla FC,Club Atlético de Madrid,1,0,24.0,H,2023.0
438705,2024-02-11,PD,FC Barcelona,Granada CF,3,3,24.0,D,2023.0
442887,2024-02-11,FL1,Le Havre AC,Stade Rennais FC 1901,0,1,21.0,A,2023.0
442888,2024-02-11,FL1,Clermont Foot 63,Stade Brestois 29,1,1,21.0,D,2023.0
442890,2024-02-11,FL1,Toulouse FC,FC Nantes,1,2,21.0,A,2023.0
442892,2024-02-11,FL1,OGC Nice,AS Monaco FC,2,3,21.0,A,2023.0
438707,2024-02-11,PD,Getafe CF,RC Celta de Vigo,3,2,24.0,H,2023.0
441973,2024-02-11,BL1,VfB Stuttgart,1. FSV Mainz 05,3,1,21.0,H,2023.0
442891,2024-02-11,FL1,Montpellier HSC,Olympique Lyonnais,1,2,21.0,A,2023.0
436174,2024-02-12,PL,Crystal Palace FC,Chelsea FC,1,3,24.0,A,2023.0
438712,2024-02-12,PD,UD Almería,Athletic Club,0,0,24.0,D,2023.0
444488,2024-02-12,SA,Juventus FC,Udinese Calcio,0,1,24.0,A,2023.0
451664,2024-02-13,CL,RB Leipzig,Real Madrid CF,0,1,1.0,A,2023.0
451663,2024-02-13,CL,FC København,Manchester City FC,1,3,1.0,A,2023.0
451659,2024-02-14,CL,Paris Saint-Germain FC,Real Sociedad de Fútbol,2,0,1.0,H,2023.0
451662,2024-02-14,CL,SS Lazio,FC Bayern München,1,0,1.0,H,2023.0
444454,2024-02-14,SA,Bologna FC 1909,ACF Fiorentina,2,0,21.0,H,2023.0
444498,2024-02-16,SA,FC Internazionale Milano,US Salernitana 1919,4,0,25.0,H,2023.0
441984,2024-02-16,BL1,1. FC Köln,SV Werder Bremen,0,1,22.0,A,2023.0
442899,2024-02-16,FL1,Olympique Lyonnais,OGC Nice,1,0,22.0,H,2023.0
444502,2024-02-16,SA,Torino FC,US Lecce,2,0,25.0,H,2023.0
438721,2024-02-16,PD,Villarreal CF,Getafe CF,1,1,25.0,D,2023.0
436183,2024-02-17,PL,Brentford FC,Liverpool FC,1,4,25.0,A,2023.0
436186,2024-02-17,PL,Fulham FC,Aston Villa FC,1,2,25.0,A,2023.0
436190,2024-02-17,PL,Nottingham Forest FC,West Ham United FC,2,0,25.0,H,2023.0
436188,2024-02-17,PL,Manchester City FC,Chelsea FC,1,1,25.0,D,2023.0
438717,2024-02-17,PD,CA Osasuna,Cádiz CF,2,0,25.0,H,2023.0
438718,2024-02-17,PD,RC Celta de Vigo,FC Barcelona,1,2,25.0,A,2023.0
438720,2024-02-17,PD,Valencia CF,Sevilla FC,0,0,25.0,D,2023.0
436192,2024-02-17,PL,Tottenham Hotspur FC,Wolverhampton Wanderers FC,1,2,25.0,A,2023.0
438715,2024-02-17,PD,Club Atlético de Madrid,UD Las Palmas,5,0,25.0,H,2023.0
441983,2024-02-17,BL1,RB Leipzig,Borussia Mönchengladbach,2,0,22.0,H,2023.0
436184,2024-02-17,PL,Burnley FC,Arsenal FC,0,5,25.0,A,2023.0
444497,2024-02-17,SA,Hellas Verona FC,Juventus FC,2,2,25.0,D,2023.0
436189,2024-02-17,PL,Newcastle United FC,AFC Bournemouth,2,2,25.0,D,2023.0
444501,2024-02-17,SA,SSC Napoli,Genoa CFC,1,1,25.0,D,2023.0
441985,2024-02-17,BL1,1. FSV Mainz 05,FC Augsburg,1,0,22.0,H,2023.0
441980,2024-02-17,BL1,TSG 1899 Hoffenheim,1. FC Union Berlin,0,1,22.0,A,2023.0
441986,2024-02-17,BL1,SV Darmstadt 98,VfB Stuttgart,1,2,22.0,A,2023.0
441981,2024-02-17,BL1,1. FC Heidenheim 1846,Bayer 04 Leverkusen,1,2,22.0,A,2023.0
442900,2024-02-17,FL1,Lille OSC,Le Havre AC,3,0,22.0,H,2023.0
442897,2024-02-17,FL1,FC Nantes,Paris Saint-Germain FC,0,2,22.0,A,2023.0
444494,2024-02-17,SA,Atalanta BC,US Sassuolo Calcio,3,0,25.0,H,2023.0
441979,2024-02-17,BL1,VfL Wolfsburg,Borussia Dortmund,1,1,22.0,D,2023.0
441978,2024-02-18,BL1,VfL Bochum 1848,FC Bayern München,3,2,22.0,H,2023.0
438719,2024-02-18,PD,Granada CF,UD Almería,1,1,25.0,D,2023.0
438722,2024-02-18,PD,Rayo Vallecano de Madrid,Real Madrid CF,1,1,25.0,D,2023.0
438723,2024-02-18,PD,RCD Mallorca,Real Sociedad de Fútbol,1,2,25.0,A,2023.0
438716,2024-02-18,PD,Real Betis Balompié,Deportivo Alavés,0,0,25.0,D,2023.0
442904,2024-02-18,FL1,Stade Rennais FC 1901,Clermont Foot 63,3,1,22.0,H,2023.0
436191,2024-02-18,PL,Sheffield United FC,Brighton & Hove Albion FC,0,5,25.0,A,2023.0
441982,2024-02-18,BL1,SC Freiburg,Eintracht Frankfurt,3,3,22.0,D,2023.0
442902,2024-02-18,FL1,Stade Brestois 29,Olympique de Marseille,1,0,22.0,H,2023.0
444500,2024-02-18,SA,AC Monza,AC Milan,4,2,25.0,H,2023.0
444503,2024-02-18,SA,Udinese Calcio,Cagliari Calcio,1,1,25.0,D,2023.0
442898,2024-02-18,FL1,Montpellier HSC,FC Metz,3,0,22.0,H,2023.0
442901,2024-02-18,FL1,RC Strasbourg Alsace,FC Lorient,1,3,22.0,A,2023.0
442896,2024-02-18,FL1,AS Monaco FC,Toulouse FC,1,2,22.0,A,2023.0
436187,2024-02-18,PL,Luton Town FC,Manchester United FC,1,2,25.0,A,2023.0
444495,2024-02-18,SA,Empoli FC,ACF Fiorentina,1,1,25.0,D,2023.0
444499,2024-02-18,SA,SS Lazio,Bologna FC 1909,1,2,25.0,A,2023.0
444496,2024-02-18,SA,Frosinone Calcio,AS Roma,0,3,25.0,A,2023.0
442903,2024-02-18,FL1,Stade de Reims,Racing Club de Lens,1,1,22.0,D,2023.0
436185,2024-02-19,PL,Everton FC,Crystal Palace FC,1,1,25.0,D,2023.0
438714,2024-02-19,PD,Athletic Club,Girona FC,3,2,25.0,H,2023.0
451660,2024-02-20,CL,FC Internazionale Milano,Club Atlético de Madrid,1,0,1.0,H,2023.0
451661,2024-02-20,CL,PSV,Borussia Dortmund,1,1,1.0,D,2023.0
436118,2024-02-20,PL,Manchester City FC,Brentford FC,1,0,18.0,H,2023.0
436199,2024-02-21,PL,Liverpool FC,Luton Town FC,4,1,26.0,H,2023.0
451657,2024-02-21,CL,FC Porto,Arsenal FC,1,0,1.0,H,2023.0
451658,2024-02-21,CL,SSC Napoli,FC Barcelona,1,1,1.0,D,2023.0
444462,2024-02-22,SA,Torino FC,SS Lazio,0,2,21.0,A,2023.0
444504,2024-02-23,SA,Bologna FC 1909,Hellas Verona FC,2,0,26.0,H,2023.0
438731,2024-02-23,PD,Real Sociedad de Fútbol,Villarreal CF,1,3,26.0,A,2023.0
442907,2024-02-23,FL1,FC Metz,Olympique Lyonnais,1,2,23.0,A,2023.0
441990,2024-02-23,BL1,Bayer 04 Leverkusen,1. FSV Mainz 05,2,1,23.0,H,2023.0
436194,2024-02-24,PL,Arsenal FC,Newcastle United FC,4,1,26.0,H,2023.0
436193,2024-02-24,PL,AFC Bournemouth,Manchester City FC,0,1,26.0,A,2023.0
442906,2024-02-24,FL1,FC Lorient,FC Nantes,0,1,23.0,A,2023.0
442912,2024-02-24,FL1,RC Strasbourg Alsace,Stade Brestois 29,0,3,23.0,A,2023.0
438725,2024-02-24,PD,Deportivo Alavés,RCD Mallorca,1,1,26.0,D,2023.0
438732,2024-02-24,PD,UD Almería,Club Atlético de Madrid,2,2,26.0,D,2023.0
436200,2024-02-24,PL,Manchester United FC,Fulham FC,1,2,26.0,A,2023.0
438726,2024-02-24,PD,FC Barcelona,Getafe CF,4,0,26.0,H,2023.0
441995,2024-02-24,BL1,SV Werder Bremen,SV Darmstadt 98,1,1,23.0,D,2023.0
441987,2024-02-24,BL1,FC Bayern München,RB Leipzig,2,1,23.0,H,2023.0
441994,2024-02-24,BL1,1. FC Union Berlin,1. FC Heidenheim 1846,2,2,23.0,D,2023.0
436196,2024-02-24,PL,Brighton & Hove Albion FC,Everton FC,1,1,26.0,D,2023.0
441993,2024-02-24,BL1,Borussia Mönchengladbach,VfL Bochum 1848,5,2,23.0,H,2023.0
436198,2024-02-24,PL,Crystal Palace FC,Burnley FC,3,0,26.0,H,2023.0
444507,2024-02-24,SA,Genoa CFC,Udinese Calcio,2,0,26.0,H,2023.0
444512,2024-02-24,SA,US Salernitana 1919,AC Monza,0,2,26.0,A,2023.0
444513,2024-02-24,SA,US Sassuolo Calcio,Empoli FC,2,3,26.0,A,2023.0
436195,2024-02-24,PL,Aston Villa FC,Nottingham Forest FC,4,2,26.0,H,2023.0
441991,2024-02-24,BL1,VfB Stuttgart,1. FC Köln,1,1,23.0,D,2023.0
441992,2024-02-25,BL1,Borussia Dortmund,TSG 1899 Hoffenheim,2,3,23.0,A,2023.0
442909,2024-02-25,FL1,OGC Nice,Clermont Foot 63,0,0,23.0,D,2023.0
441989,2024-02-25,BL1,Eintracht Frankfurt,VfL Wolfsburg,2,2,23.0,D,2023.0
442913,2024-02-25,FL1,Racing Club de Lens,AS Monaco FC,2,3,23.0,A,2023.0
442905,2024-02-25,FL1,Le Havre AC,Stade de Reims,1,2,23.0,A,2023.0
441988,2024-02-25,BL1,FC Augsburg,SC Freiburg,2,1,23.0,H,2023.0
442908,2024-02-25,FL1,Toulouse FC,Lille OSC,3,1,23.0,H,2023.0
444510,2024-02-25,SA,AC Milan,Atalanta BC,1,1,26.0,D,2023.0
442910,2024-02-25,FL1,Olympique de Marseille,Montpellier HSC,4,1,23.0,H,2023.0
438730,2024-02-25,PD,Real Madrid CF,Sevilla FC,1,0,26.0,H,2023.0
438724,2024-02-25,PD,Real Betis Balompié,Athletic Club,3,1,26.0,H,2023.0
436202,2024-02-25,PL,Wolverhampton Wanderers FC,Sheffield United FC,1,0,26.0,H,2023.0
438727,2024-02-25,PD,Cádiz CF,RC Celta de Vigo,2,2,26.0,D,2023.0
442911,2024-02-25,FL1,Paris Saint-Germain FC,Stade Rennais FC 1901,1,1,23.0,D,2023.0
438733,2024-02-25,PD,UD Las Palmas,CA Osasuna,1,1,26.0,D,2023.0
444509,2024-02-25,SA,US Lecce,FC Internazionale Milano,0,4,26.0,A,2023.0
444508,2024-02-25,SA,Juventus FC,Frosinone Calcio,3,2,26.0,H,2023.0
444505,2024-02-25,SA,Cagliari Calcio,SSC Napoli,1,1,26.0,D,2023.0
444506,2024-02-26,SA,ACF Fiorentina,SS Lazio,2,1,26.0,H,2023.0
436201,2024-02-26,PL,West Ham United FC,Brentford FC,4,2,26.0,H,2023.0
438728,2024-02-26,PD,Girona FC,Rayo Vallecano de Madrid,3,0,26.0,H,2023.0
444511,2024-02-26,SA,AS Roma,Torino FC,3,2,26.0,H,2023.0
444457,2024-02-28,SA,FC Internazionale Milano,Atalanta BC,4,0,21.0,H,2023.0
444461,2024-02-28,SA,US Sassuolo Calcio,SSC Napoli,1,6,21.0,A,2023.0
444519,2024-03-01,SA,SS Lazio,AC Milan,0,1,27.0,A,2023.0
442914,2024-03-01,FL1,AS Monaco FC,Paris Saint-Germain FC,0,0,24.0,D,2023.0
441996,2024-03-01,BL1,SC Freiburg,FC Bayern München,2,2,24.0,D,2023.0
438737,2024-03-01,PD,RC Celta de Vigo,UD Almería,1,0,27.0,H,2023.0
436206,2024-03-02,PL,Fulham FC,Brighton & Hove Albion FC,3,0,27.0,H,2023.0
436210,2024-03-02,PL,Nottingham Forest FC,Liverpool FC,0,1,27.0,A,2023.0
436207,2024-03-02,PL,Luton Town FC,Aston Villa FC,2,3,27.0,A,2023.0
442921,2024-03-02,FL1,Stade de Reims,Lille OSC,0,1,24.0,A,2023.0
436209,2024-03-02,PL,Newcastle United FC,Wolverhampton Wanderers FC,3,0,27.0,H,2023.0
442004,2024-03-02,BL1,VfL Wolfsburg,VfB Stuttgart,2,3,24.0,A,2023.0
436203,2024-03-02,PL,Brentford FC,Chelsea FC,2,2,27.0,D,2023.0
442915,2024-03-02,FL1,Clermont Foot 63,Olympique de Marseille,1,5,24.0,A,2023.0
436212,2024-03-02,PL,Tottenham Hotspur FC,Crystal Palace FC,3,1,27.0,H,2023.0
442000,2024-03-02,BL1,1. FC Heidenheim 1846,Eintracht Frankfurt,1,2,24.0,A,2023.0
436205,2024-03-02,PL,Everton FC,West Ham United FC,1,3,27.0,A,2023.0
441997,2024-03-02,BL1,1. FC Union Berlin,Borussia Dortmund,0,2,24.0,A,2023.0
444522,2024-03-02,SA,Torino FC,ACF Fiorentina,0,0,27.0,D,2023.0
444520,2024-03-02,SA,AC Monza,AS Roma,1,4,27.0,A,2023.0
442003,2024-03-02,BL1,SV Darmstadt 98,FC Augsburg,0,6,24.0,A,2023.0
442001,2024-03-02,BL1,1. FSV Mainz 05,Borussia Mönchengladbach,1,1,24.0,D,2023.0
444523,2024-03-02,SA,Udinese Calcio,US Salernitana 1919,1,1,27.0,D,2023.0
438742,2024-03-02,PD,Rayo Vallecano de Madrid,Cádiz CF,1,1,27.0,D,2023.0
438738,2024-03-02,PD,Getafe CF,UD Las Palmas,3,3,27.0,D,2023.0
438740,2024-03-02,PD,Valencia CF,Real Madrid CF,2,2,27.0,D,2023.0
441998,2024-03-02,BL1,VfL Bochum 1848,RB Leipzig,1,4,24.0,A,2023.0
438739,2024-03-02,PD,Sevilla FC,Real Sociedad de Fútbol,3,2,27.0,H,2023.0
442918,2024-03-03,FL1,Montpellier HSC,RC Strasbourg Alsace,2,2,24.0,D,2023.0
442919,2024-03-03,FL1,Olympique Lyonnais,Racing Club de Lens,0,3,24.0,A,2023.0
438741,2024-03-03,PD,Villarreal CF,Granada CF,5,1,27.0,H,2023.0
442920,2024-03-03,FL1,Stade Brestois 29,Le Havre AC,1,0,24.0,H,2023.0
438735,2024-03-03,PD,Club Atlético de Madrid,Real Betis Balompié,2,1,27.0,H,2023.0
438743,2024-03-03,PD,RCD Mallorca,Girona FC,1,0,27.0,H,2023.0
444515,2024-03-03,SA,Empoli FC,Cagliari Calcio,0,1,27.0,A,2023.0
444517,2024-03-03,SA,Hellas Verona FC,US Sassuolo Calcio,1,0,27.0,H,2023.0
444516,2024-03-03,SA,Frosinone Calcio,US Lecce,1,1,27.0,D,2023.0
438734,2024-03-03,PD,Athletic Club,FC Barcelona,0,0,27.0,D,2023.0
442917,2024-03-03,FL1,Toulouse FC,OGC Nice,2,1,24.0,H,2023.0
441999,2024-03-03,BL1,1. FC Köln,Bayer 04 Leverkusen,0,2,24.0,A,2023.0
442002,2024-03-03,BL1,TSG 1899 Hoffenheim,SV Werder Bremen,2,1,24.0,H,2023.0
444521,2024-03-03,SA,SSC Napoli,Juventus FC,2,1,27.0,H,2023.0
436204,2024-03-03,PL,Burnley FC,AFC Bournemouth,0,2,27.0,A,2023.0
442916,2024-03-03,FL1,FC Nantes,FC Metz,0,2,24.0,A,2023.0
442922,2024-03-03,FL1,Stade Rennais FC 1901,FC Lorient,1,2,24.0,A,2023.0
444514,2024-03-03,SA,Atalanta BC,Bologna FC 1909,1,2,27.0,A,2023.0
436208,2024-03-03,PL,Manchester City FC,Manchester United FC,3,1,27.0,H,2023.0
444518,2024-03-04,SA,FC Internazionale Milano,Genoa CFC,2,1,27.0,H,2023.0
438736,2024-03-04,PD,CA Osasuna,Deportivo Alavés,1,0,27.0,H,2023.0
436211,2024-03-04,PL,Sheffield United FC,Arsenal FC,0,6,27.0,A,2023.0
451670,2024-03-05,CL,FC Bayern München,SS Lazio,3,0,2.0,H,2023.0
451667,2024-03-05,CL,Real Sociedad de Fútbol,Paris Saint-Germain FC,1,2,2.0,A,2023.0
451672,2024-03-06,CL,Real Madrid CF,RB Leipzig,1,1,2.0,D,2023.0
451671,2024-03-06,CL,Manchester City FC,FC København,3,1,2.0,H,2023.0
442926,2024-03-08,FL1,OGC Nice,Montpellier HSC,1,2,25.0,A,2023.0
442006,2024-03-08,BL1,VfB Stuttgart,1. FC Union Berlin,2,0,25.0,H,2023.0
438746,2024-03-08,PD,FC Barcelona,RCD Mallorca,1,0,28.0,H,2023.0
444532,2024-03-08,SA,SSC Napoli,Torino FC,1,1,28.0,D,2023.0
442013,2024-03-09,BL1,RB Leipzig,SV Darmstadt 98,2,0,25.0,H,2023.0
442005,2024-03-09,BL1,SV Werder Bremen,Borussia Dortmund,1,2,25.0,A,2023.0
444524,2024-03-09,SA,Bologna FC 1909,FC Internazionale Milano,0,1,28.0,A,2023.0
442010,2024-03-09,BL1,Borussia Mönchengladbach,1. FC Köln,3,3,25.0,D,2023.0
444533,2024-03-09,SA,US Sassuolo Calcio,Frosinone Calcio,1,0,28.0,H,2023.0
444525,2024-03-09,SA,Cagliari Calcio,US Salernitana 1919,4,2,28.0,H,2023.0
438750,2024-03-09,PD,Valencia CF,Getafe CF,1,0,28.0,H,2023.0
438747,2024-03-09,PD,Cádiz CF,Club Atlético de Madrid,2,0,28.0,H,2023.0
438749,2024-03-09,PD,Granada CF,Real Sociedad de Fútbol,2,3,28.0,A,2023.0
438748,2024-03-09,PD,Girona FC,CA Osasuna,2,0,28.0,H,2023.0
436214,2024-03-09,PL,Arsenal FC,Brentford FC,2,1,28.0,H,2023.0
442012,2024-03-09,BL1,FC Augsburg,1. FC Heidenheim 1846,1,0,25.0,H,2023.0
444527,2024-03-09,SA,Genoa CFC,AC Monza,2,3,28.0,A,2023.0
442931,2024-03-09,FL1,Racing Club de Lens,Stade Brestois 29,1,0,25.0,H,2023.0
442009,2024-03-09,BL1,FC Bayern München,1. FSV Mainz 05,8,1,25.0,H,2023.0
442924,2024-03-09,FL1,FC Lorient,Olympique Lyonnais,0,2,25.0,A,2023.0
436220,2024-03-09,PL,Manchester United FC,Everton FC,2,0,28.0,H,2023.0
436222,2024-03-09,PL,Wolverhampton Wanderers FC,Fulham FC,2,1,28.0,H,2023.0
436218,2024-03-09,PL,Crystal Palace FC,Luton Town FC,1,1,28.0,D,2023.0
436213,2024-03-09,PL,AFC Bournemouth,Sheffield United FC,2,2,28.0,D,2023.0
442928,2024-03-10,FL1,Lille OSC,Stade Rennais FC 1901,2,2,25.0,D,2023.0
442930,2024-03-10,FL1,RC Strasbourg Alsace,AS Monaco FC,0,1,25.0,A,2023.0
444531,2024-03-10,SA,AC Milan,Empoli FC,1,0,28.0,H,2023.0
444528,2024-03-10,SA,Juventus FC,Atalanta BC,2,2,28.0,D,2023.0
444526,2024-03-10,SA,ACF Fiorentina,AS Roma,2,2,28.0,D,2023.0
438753,2024-03-10,PD,UD Las Palmas,Athletic Club,0,2,28.0,A,2023.0
438745,2024-03-10,PD,Deportivo Alavés,Rayo Vallecano de Madrid,1,0,28.0,H,2023.0
442925,2024-03-10,FL1,FC Metz,Clermont Foot 63,1,0,25.0,H,2023.0
444530,2024-03-10,SA,US Lecce,Hellas Verona FC,0,1,28.0,A,2023.0
436219,2024-03-10,PL,Liverpool FC,Manchester City FC,1,1,28.0,D,2023.0
438744,2024-03-10,PD,Real Betis Balompié,Villarreal CF,2,3,28.0,A,2023.0
442927,2024-03-10,FL1,Olympique de Marseille,FC Nantes,2,0,25.0,H,2023.0
442929,2024-03-10,FL1,Paris Saint-Germain FC,Stade de Reims,2,2,25.0,D,2023.0
442007,2024-03-10,BL1,VfL Bochum 1848,SC Freiburg,1,2,25.0,A,2023.0
438751,2024-03-10,PD,Real Madrid CF,RC Celta de Vigo,4,0,28.0,H,2023.0
442011,2024-03-10,BL1,Eintracht Frankfurt,TSG 1899 Hoffenheim,3,1,25.0,H,2023.0
442008,2024-03-10,BL1,Bayer 04 Leverkusen,VfL Wolfsburg,2,0,25.0,H,2023.0
436215,2024-03-10,PL,Aston Villa FC,Tottenham Hotspur FC,0,4,28.0,A,2023.0
436216,2024-03-10,PL,Brighton & Hove Albion FC,Nottingham Forest FC,1,0,28.0,H,2023.0
436221,2024-03-10,PL,West Ham United FC,Burnley FC,2,2,28.0,D,2023.0
442923,2024-03-10,FL1,Le Havre AC,Toulouse FC,1,0,25.0,H,2023.0
438752,2024-03-11,PD,UD Almería,Sevilla FC,2,2,28.0,D,2023.0
436217,2024-03-11,PL,Chelsea FC,Newcastle United FC,3,2,28.0,H,2023.0
444529,2024-03-11,SA,SS Lazio,Udinese Calcio,1,2,28.0,A,2023.0
451666,2024-03-12,CL,FC Barcelona,SSC Napoli,3,1,2.0,H,2023.0
451665,2024-03-12,CL,Arsenal FC,FC Porto,5,2,2.0,H,2023.0
451669,2024-03-13,CL,Borussia Dortmund,PSV,2,0,2.0,H,2023.0
451668,2024-03-13,CL,Club Atlético de Madrid,FC Internazionale Milano,5,3,2.0,H,2023.0
436103,2024-03-13,PL,AFC Bournemouth,Luton Town FC,4,3,17.0,H,2023.0
442935,2024-03-15,FL1,Toulouse FC,Olympique Lyonnais,2,3,26.0,A,2023.0
442015,2024-03-15,BL1,1. FC Köln,RB Leipzig,1,5,26.0,A,2023.0
444535,2024-03-15,SA,Empoli FC,Bologna FC 1909,0,1,29.0,A,2023.0
438762,2024-03-15,PD,Real Sociedad de Fútbol,Cádiz CF,2,0,29.0,H,2023.0
444540,2024-03-16,SA,AC Monza,Cagliari Calcio,1,0,29.0,H,2023.0
444542,2024-03-16,SA,US Salernitana 1919,US Lecce,0,1,29.0,A,2023.0
444543,2024-03-16,SA,Udinese Calcio,Torino FC,0,2,29.0,A,2023.0
442022,2024-03-16,BL1,TSG 1899 Hoffenheim,VfB Stuttgart,0,3,26.0,A,2023.0
442018,2024-03-16,BL1,1. FC Heidenheim 1846,Borussia Mönchengladbach,1,1,26.0,D,2023.0
442019,2024-03-16,BL1,1. FC Union Berlin,SV Werder Bremen,2,1,26.0,H,2023.0
442021,2024-03-16,BL1,VfL Wolfsburg,FC Augsburg,1,3,26.0,A,2023.0
442014,2024-03-16,BL1,SV Darmstadt 98,FC Bayern München,2,5,26.0,A,2023.0
442934,2024-03-16,FL1,FC Nantes,RC Strasbourg Alsace,1,3,26.0,A,2023.0
438761,2024-03-16,PD,RCD Mallorca,Granada CF,1,0,29.0,H,2023.0
442020,2024-03-16,BL1,1. FSV Mainz 05,VfL Bochum 1848,2,0,26.0,H,2023.0
438754,2024-03-16,PD,Athletic Club,Deportivo Alavés,2,0,29.0,H,2023.0
436228,2024-03-16,PL,Fulham FC,Tottenham Hotspur FC,3,0,29.0,H,2023.0
438756,2024-03-16,PD,CA Osasuna,Real Madrid CF,2,4,29.0,A,2023.0
442937,2024-03-16,FL1,Racing Club de Lens,OGC Nice,1,3,26.0,A,2023.0
436225,2024-03-16,PL,Burnley FC,Brentford FC,2,1,29.0,H,2023.0
436229,2024-03-16,PL,Luton Town FC,Nottingham Forest FC,1,1,29.0,D,2023.0
444536,2024-03-16,SA,Frosinone Calcio,SS Lazio,2,3,29.0,A,2023.0
438757,2024-03-16,PD,Getafe CF,Girona FC,1,0,29.0,H,2023.0
444538,2024-03-17,SA,FC Internazionale Milano,SSC Napoli,1,1,29.0,D,2023.0
442936,2024-03-17,FL1,Montpellier HSC,Paris Saint-Germain FC,2,6,26.0,A,2023.0
438763,2024-03-17,PD,UD Las Palmas,UD Almería,0,1,29.0,A,2023.0
438759,2024-03-17,PD,Villarreal CF,Valencia CF,1,0,29.0,H,2023.0
442017,2024-03-17,BL1,Borussia Dortmund,Eintracht Frankfurt,3,1,26.0,H,2023.0
442940,2024-03-17,FL1,Stade Rennais FC 1901,Olympique de Marseille,2,0,26.0,H,2023.0
436231,2024-03-17,PL,West Ham United FC,Aston Villa FC,1,1,29.0,D,2023.0
442938,2024-03-17,FL1,Stade Brestois 29,Lille OSC,1,1,26.0,D,2023.0
444541,2024-03-17,SA,AS Roma,US Sassuolo Calcio,1,0,29.0,H,2023.0
442933,2024-03-17,FL1,Clermont Foot 63,Le Havre AC,2,1,26.0,H,2023.0
442939,2024-03-17,FL1,Stade de Reims,FC Metz,2,1,26.0,H,2023.0
438755,2024-03-17,PD,Club Atlético de Madrid,FC Barcelona,0,3,29.0,A,2023.0
438760,2024-03-17,PD,Rayo Vallecano de Madrid,Real Betis Balompié,2,0,29.0,H,2023.0
438758,2024-03-17,PD,Sevilla FC,RC Celta de Vigo,1,2,29.0,A,2023.0
442016,2024-03-17,BL1,SC Freiburg,Bayer 04 Leverkusen,2,3,26.0,A,2023.0
444537,2024-03-17,SA,Hellas Verona FC,AC Milan,1,3,29.0,A,2023.0
444539,2024-03-17,SA,Juventus FC,Genoa CFC,0,0,29.0,D,2023.0
442932,2024-03-17,FL1,AS Monaco FC,FC Lorient,2,2,26.0,D,2023.0
438767,2024-03-29,PD,Cádiz CF,Granada CF,1,0,30.0,H,2023.0
442948,2024-03-29,FL1,Lille OSC,Racing Club de Lens,2,1,27.0,H,2023.0
442029,2024-03-30,BL1,Bayer 04 Leverkusen,TSG 1899 Hoffenheim,2,1,27.0,H,2023.0
442023,2024-03-30,BL1,FC Bayern München,Borussia Dortmund,0,2,27.0,A,2023.0
436234,2024-03-30,PL,Aston Villa FC,Wolverhampton Wanderers FC,2,0,30.0,H,2023.0
444547,2024-03-30,SA,Genoa CFC,Frosinone Calcio,1,1,30.0,D,2023.0
438770,2024-03-30,PD,Valencia CF,RCD Mallorca,0,0,30.0,D,2023.0
442947,2024-03-30,FL1,Olympique Lyonnais,Stade de Reims,1,1,27.0,D,2023.0
442944,2024-03-30,FL1,FC Metz,AS Monaco FC,2,5,27.0,A,2023.0
444551,2024-03-30,SA,SSC Napoli,Atalanta BC,0,3,30.0,A,2023.0
442027,2024-03-30,BL1,RB Leipzig,1. FSV Mainz 05,0,0,27.0,D,2023.0
436242,2024-03-30,PL,Tottenham Hotspur FC,Luton Town FC,2,1,30.0,H,2023.0
438766,2024-03-30,PD,FC Barcelona,UD Las Palmas,1,0,30.0,H,2023.0
438768,2024-03-30,PD,Getafe CF,Sevilla FC,0,1,30.0,A,2023.0
442026,2024-03-30,BL1,SV Werder Bremen,VfL Wolfsburg,0,2,27.0,A,2023.0
444546,2024-03-30,SA,ACF Fiorentina,AC Milan,1,2,30.0,A,2023.0
438773,2024-03-30,PD,UD Almería,CA Osasuna,0,3,30.0,A,2023.0
436240,2024-03-30,PL,Nottingham Forest FC,Crystal Palace FC,1,1,30.0,D,2023.0
436233,2024-03-30,PL,AFC Bournemouth,Everton FC,2,1,30.0,H,2023.0
436236,2024-03-30,PL,Chelsea FC,Burnley FC,2,2,30.0,D,2023.0
436241,2024-03-30,PL,Sheffield United FC,Fulham FC,3,3,30.0,D,2023.0
436239,2024-03-30,PL,Newcastle United FC,West Ham United FC,4,3,30.0,H,2023.0
442025,2024-03-30,BL1,Borussia Mönchengladbach,SC Freiburg,0,3,27.0,A,2023.0
444553,2024-03-30,SA,Torino FC,AC Monza,1,0,30.0,H,2023.0
444549,2024-03-30,SA,SS Lazio,Juventus FC,1,0,30.0,H,2023.0
442024,2024-03-30,BL1,Eintracht Frankfurt,1. FC Union Berlin,0,0,27.0,D,2023.0
436235,2024-03-30,PL,Brentford FC,Manchester United FC,1,1,30.0,D,2023.0
436237,2024-03-31,PL,Liverpool FC,Brighton & Hove Albion FC,2,1,30.0,H,2023.0
442941,2024-03-31,FL1,Le Havre AC,Montpellier HSC,0,2,27.0,A,2023.0
438769,2024-03-31,PD,Girona FC,Real Betis Balompié,3,2,30.0,H,2023.0
442030,2024-03-31,BL1,VfB Stuttgart,1. FC Heidenheim 1846,3,3,27.0,D,2023.0
442031,2024-03-31,BL1,VfL Bochum 1848,SV Darmstadt 98,2,2,27.0,D,2023.0
436238,2024-03-31,PL,Manchester City FC,Arsenal FC,0,0,30.0,D,2023.0
438765,2024-03-31,PD,Deportivo Alavés,Real Sociedad de Fútbol,0,1,30.0,A,2023.0
442028,2024-03-31,BL1,FC Augsburg,1. FC Köln,1,1,27.0,D,2023.0
438772,2024-03-31,PD,Real Madrid CF,Athletic Club,2,0,30.0,H,2023.0
442943,2024-03-31,FL1,FC Lorient,Stade Brestois 29,0,1,27.0,A,2023.0
442942,2024-03-31,FL1,Clermont Foot 63,Toulouse FC,0,3,27.0,A,2023.0
442946,2024-03-31,FL1,Olympique de Marseille,Paris Saint-Germain FC,0,2,27.0,A,2023.0
442949,2024-03-31,FL1,RC Strasbourg Alsace,Stade Rennais FC 1901,2,0,27.0,H,2023.0
442945,2024-03-31,FL1,OGC Nice,FC Nantes,1,2,27.0,A,2023.0
438764,2024-03-31,PD,RC Celta de Vigo,Rayo Vallecano de Madrid,0,0,30.0,D,2023.0
444552,2024-04-01,SA,US Sassuolo Calcio,Udinese Calcio,1,1,30.0,D,2023.0
444548,2024-04-01,SA,FC Internazionale Milano,Empoli FC,2,0,30.0,H,2023.0
438771,2024-04-01,PD,Villarreal CF,Club Atlético de Madrid,1,2,30.0,A,2023.0
444550,2024-04-01,SA,US Lecce,AS Roma,0,0,30.0,D,2023.0
444544,2024-04-01,SA,Bologna FC 1909,US Salernitana 1919,3,0,30.0,H,2023.0
444545,2024-04-01,SA,Cagliari Calcio,Hellas Verona FC,1,1,30.0,D,2023.0
436243,2024-04-02,PL,AFC Bournemouth,Crystal Palace FC,1,0,31.0,H,2023.0
436246,2024-04-02,PL,Burnley FC,Wolverhampton Wanderers FC,1,1,31.0,D,2023.0
436250,2024-04-02,PL,Newcastle United FC,Everton FC,1,1,31.0,D,2023.0
436247,2024-04-02,PL,Nottingham Forest FC,Fulham FC,3,1,31.0,H,2023.0
436248,2024-04-02,PL,West Ham United FC,Tottenham Hotspur FC,1,1,31.0,D,2023.0
436252,2024-04-03,PL,Manchester City FC,Aston Villa FC,4,1,31.0,H,2023.0
436245,2024-04-03,PL,Brentford FC,Brighton & Hove Albion FC,0,0,31.0,D,2023.0
436244,2024-04-03,PL,Arsenal FC,Luton Town FC,2,0,31.0,H,2023.0
436249,2024-04-04,PL,Chelsea FC,Manchester United FC,4,3,31.0,H,2023.0
438729,2024-04-04,PD,Granada CF,Valencia CF,0,1,26.0,A,2023.0
436251,2024-04-04,PL,Liverpool FC,Sheffield United FC,3,1,31.0,H,2023.0
442954,2024-04-05,FL1,Lille OSC,Olympique de Marseille,3,1,28.0,H,2023.0
442036,2024-04-05,BL1,Eintracht Frankfurt,SV Werder Bremen,1,1,28.0,D,2023.0
444562,2024-04-05,SA,US Salernitana 1919,US Sassuolo Calcio,2,2,31.0,D,2023.0
444559,2024-04-06,SA,AC Milan,US Lecce,3,0,31.0,H,2023.0
444555,2024-04-06,SA,Empoli FC,Torino FC,3,2,31.0,H,2023.0
444561,2024-04-06,SA,AS Roma,SS Lazio,1,0,31.0,H,2023.0
436262,2024-04-06,PL,Wolverhampton Wanderers FC,West Ham United FC,1,2,32.0,A,2023.0
436256,2024-04-06,PL,Everton FC,Burnley FC,1,0,32.0,H,2023.0
436255,2024-04-06,PL,Crystal Palace FC,Manchester City FC,2,4,32.0,A,2023.0
436258,2024-04-06,PL,Luton Town FC,AFC Bournemouth,2,1,32.0,H,2023.0
436253,2024-04-06,PL,Aston Villa FC,Brentford FC,3,3,32.0,D,2023.0
442955,2024-04-06,FL1,Paris Saint-Germain FC,Clermont Foot 63,1,1,28.0,D,2023.0
442032,2024-04-06,BL1,1. FC Heidenheim 1846,FC Bayern München,3,2,28.0,H,2023.0
436254,2024-04-06,PL,Brighton & Hove Albion FC,Arsenal FC,0,3,32.0,A,2023.0
442037,2024-04-06,BL1,1. FC Köln,VfL Bochum 1848,2,1,28.0,H,2023.0
442034,2024-04-06,BL1,1. FC Union Berlin,Bayer 04 Leverkusen,0,1,28.0,A,2023.0
442039,2024-04-06,BL1,Borussia Dortmund,VfB Stuttgart,0,1,28.0,A,2023.0
442956,2024-04-06,FL1,Racing Club de Lens,Le Havre AC,1,1,28.0,D,2023.0
442040,2024-04-06,BL1,1. FSV Mainz 05,SV Darmstadt 98,4,0,28.0,H,2023.0
436257,2024-04-06,PL,Fulham FC,Newcastle United FC,0,1,32.0,A,2023.0
442033,2024-04-06,BL1,SC Freiburg,RB Leipzig,1,4,28.0,A,2023.0
436259,2024-04-07,PL,Manchester United FC,Liverpool FC,2,2,32.0,D,2023.0
436261,2024-04-07,PL,Tottenham Hotspur FC,Nottingham Forest FC,3,1,32.0,H,2023.0
444560,2024-04-07,SA,AC Monza,SSC Napoli,2,4,31.0,A,2023.0
444556,2024-04-07,SA,Frosinone Calcio,Bologna FC 1909,0,0,31.0,D,2023.0
444558,2024-04-07,SA,Juventus FC,ACF Fiorentina,1,0,31.0,H,2023.0
444554,2024-04-07,SA,Cagliari Calcio,Atalanta BC,2,1,31.0,H,2023.0
436260,2024-04-07,PL,Sheffield United FC,Chelsea FC,2,2,32.0,D,2023.0
442957,2024-04-07,FL1,Stade Brestois 29,FC Metz,4,3,28.0,H,2023.0
442952,2024-04-07,FL1,Toulouse FC,RC Strasbourg Alsace,0,0,28.0,D,2023.0
442953,2024-04-07,FL1,Montpellier HSC,FC Lorient,2,0,28.0,H,2023.0
442958,2024-04-07,FL1,Stade de Reims,OGC Nice,0,0,28.0,D,2023.0
442950,2024-04-07,FL1,AS Monaco FC,Stade Rennais FC 1901,1,0,28.0,H,2023.0
442951,2024-04-07,FL1,FC Nantes,Olympique Lyonnais,1,3,28.0,A,2023.0
442035,2024-04-07,BL1,VfL Wolfsburg,Borussia Mönchengladbach,1,3,28.0,A,2023.0
442038,2024-04-07,BL1,TSG 1899 Hoffenheim,FC Augsburg,3,1,28.0,H,2023.0
444557,2024-04-07,SA,Hellas Verona FC,Genoa CFC,1,2,31.0,A,2023.0
444563,2024-04-08,SA,Udinese Calcio,FC Internazionale Milano,1,2,31.0,A,2023.0
451673,2024-04-09,CL,Arsenal FC,FC Bayern München,2,2,1.0,D,2023.0
451675,2024-04-09,CL,Real Madrid CF,Manchester City FC,3,3,1.0,D,2023.0
451674,2024-04-10,CL,Club Atlético de Madrid,Borussia Dortmund,2,1,1.0,H,2023.0
451676,2024-04-10,CL,Paris Saint-Germain FC,FC Barcelona,2,3,1.0,A,2023.0
444568,2024-04-12,SA,SS Lazio,US Salernitana 1919,4,1,32.0,H,2023.0
438776,2024-04-12,PD,Real Betis Balompié,RC Celta de Vigo,2,1,31.0,H,2023.0
442963,2024-04-12,FL1,FC Metz,Racing Club de Lens,2,1,29.0,H,2023.0
442042,2024-04-12,BL1,FC Augsburg,1. FC Union Berlin,2,0,29.0,H,2023.0
442041,2024-04-13,BL1,Borussia Mönchengladbach,Borussia Dortmund,1,2,29.0,A,2023.0
442966,2024-04-13,FL1,RC Strasbourg Alsace,Stade de Reims,3,1,29.0,H,2023.0
442045,2024-04-13,BL1,RB Leipzig,VfL Wolfsburg,3,0,29.0,H,2023.0
442049,2024-04-13,BL1,VfL Bochum 1848,1. FC Heidenheim 1846,1,1,29.0,D,2023.0
442047,2024-04-13,BL1,1. FSV Mainz 05,TSG 1899 Hoffenheim,4,1,29.0,H,2023.0
436265,2024-04-13,PL,Brentford FC,Sheffield United FC,2,0,33.0,H,2023.0
442967,2024-04-13,FL1,Stade Rennais FC 1901,Toulouse FC,1,2,29.0,A,2023.0
442046,2024-04-13,BL1,FC Bayern München,1. FC Köln,2,0,29.0,H,2023.0
436263,2024-04-13,PL,AFC Bournemouth,Manchester United FC,2,2,33.0,D,2023.0
436266,2024-04-13,PL,Burnley FC,Brighton & Hove Albion FC,1,1,33.0,D,2023.0
444565,2024-04-13,SA,Bologna FC 1909,AC Monza,0,0,32.0,D,2023.0
438781,2024-04-13,PD,RCD Mallorca,Real Madrid CF,0,1,31.0,A,2023.0
438780,2024-04-13,PD,Rayo Vallecano de Madrid,Getafe CF,0,0,31.0,D,2023.0
438775,2024-04-13,PD,Club Atlético de Madrid,Girona FC,3,1,31.0,H,2023.0
436270,2024-04-13,PL,Newcastle United FC,Tottenham Hotspur FC,4,0,33.0,H,2023.0
436271,2024-04-13,PL,Nottingham Forest FC,Wolverhampton Wanderers FC,2,2,33.0,D,2023.0
436269,2024-04-13,PL,Manchester City FC,Luton Town FC,5,1,33.0,H,2023.0
444569,2024-04-13,SA,US Lecce,Empoli FC,1,0,32.0,H,2023.0
444572,2024-04-13,SA,Torino FC,Juventus FC,0,0,32.0,D,2023.0
438778,2024-04-13,PD,Cádiz CF,FC Barcelona,0,1,31.0,A,2023.0
442044,2024-04-13,BL1,VfB Stuttgart,Eintracht Frankfurt,3,0,29.0,H,2023.0
438783,2024-04-14,PD,UD Las Palmas,Sevilla FC,0,2,31.0,A,2023.0
442961,2024-04-14,FL1,Clermont Foot 63,Montpellier HSC,1,1,29.0,D,2023.0
442043,2024-04-14,BL1,SV Darmstadt 98,SC Freiburg,0,1,29.0,A,2023.0
436272,2024-04-14,PL,West Ham United FC,Fulham FC,0,2,33.0,A,2023.0
436264,2024-04-14,PL,Arsenal FC,Aston Villa FC,0,2,33.0,A,2023.0
436268,2024-04-14,PL,Liverpool FC,Crystal Palace FC,0,1,33.0,A,2023.0
438779,2024-04-14,PD,Granada CF,Deportivo Alavés,2,0,31.0,H,2023.0
438782,2024-04-14,PD,Real Sociedad de Fútbol,UD Almería,2,2,31.0,D,2023.0
442959,2024-04-14,FL1,Le Havre AC,FC Nantes,0,1,29.0,A,2023.0
442965,2024-04-14,FL1,Olympique Lyonnais,Stade Brestois 29,4,3,29.0,H,2023.0
442048,2024-04-14,BL1,Bayer 04 Leverkusen,SV Werder Bremen,5,0,29.0,H,2023.0
438774,2024-04-14,PD,Athletic Club,Villarreal CF,1,1,31.0,D,2023.0
444570,2024-04-14,SA,SSC Napoli,Frosinone Calcio,2,2,32.0,D,2023.0
444571,2024-04-14,SA,US Sassuolo Calcio,AC Milan,3,3,32.0,D,2023.0
444567,2024-04-14,SA,FC Internazionale Milano,Cagliari Calcio,2,2,32.0,D,2023.0
436267,2024-04-15,PL,Chelsea FC,Everton FC,6,0,33.0,H,2023.0
444566,2024-04-15,SA,ACF Fiorentina,Genoa CFC,1,1,32.0,D,2023.0
444564,2024-04-15,SA,Atalanta BC,Hellas Verona FC,2,2,32.0,D,2023.0
438777,2024-04-15,PD,CA Osasuna,Valencia CF,0,1,31.0,A,2023.0
451680,2024-04-16,CL,FC Barcelona,Paris Saint-Germain FC,1,4,2.0,A,2023.0
451678,2024-04-16,CL,Borussia Dortmund,Club Atlético de Madrid,4,2,2.0,H,2023.0
451677,2024-04-17,CL,FC Bayern München,Arsenal FC,1,0,2.0,H,2023.0
451679,2024-04-17,CL,Manchester City FC,Real Madrid CF,4,5,2.0,A,2023.0
442971,2024-04-19,FL1,OGC Nice,FC Lorient,3,0,30.0,H,2023.0
444574,2024-04-19,SA,Cagliari Calcio,Juventus FC,2,2,33.0,D,2023.0
438784,2024-04-19,PD,Athletic Club,Granada CF,1,1,32.0,D,2023.0
444576,2024-04-19,SA,Genoa CFC,SS Lazio,0,1,33.0,A,2023.0
442056,2024-04-19,BL1,Eintracht Frankfurt,FC Augsburg,3,1,30.0,H,2023.0
438790,2024-04-20,PD,Valencia CF,Real Betis Balompié,1,2,32.0,A,2023.0
438788,2024-04-20,PD,Girona FC,Cádiz CF,4,1,32.0,H,2023.0
442054,2024-04-20,BL1,TSG 1899 Hoffenheim,Borussia Mönchengladbach,4,3,30.0,H,2023.0
442969,2024-04-20,FL1,FC Nantes,Stade Rennais FC 1901,0,3,30.0,A,2023.0
442051,2024-04-20,BL1,1. FC Heidenheim 1846,RB Leipzig,1,2,30.0,A,2023.0
442974,2024-04-20,FL1,Racing Club de Lens,Clermont Foot 63,1,0,30.0,H,2023.0
442050,2024-04-20,BL1,1. FC Union Berlin,FC Bayern München,1,5,30.0,A,2023.0
438785,2024-04-20,PD,RC Celta de Vigo,UD Las Palmas,4,1,32.0,H,2023.0
444577,2024-04-20,SA,Hellas Verona FC,Udinese Calcio,1,0,33.0,H,2023.0
436282,2024-04-20,PL,Wolverhampton Wanderers FC,Arsenal FC,0,2,34.0,A,2023.0
442055,2024-04-20,BL1,VfL Wolfsburg,VfL Bochum 1848,1,0,30.0,H,2023.0
436280,2024-04-20,PL,Sheffield United FC,Burnley FC,1,4,34.0,A,2023.0
444575,2024-04-20,SA,Empoli FC,SSC Napoli,1,0,33.0,H,2023.0
436278,2024-04-20,PL,Luton Town FC,Brentford FC,1,5,34.0,A,2023.0
442058,2024-04-20,BL1,1. FC Köln,SV Darmstadt 98,0,2,30.0,A,2023.0
438791,2024-04-20,PD,Rayo Vallecano de Madrid,CA Osasuna,2,1,32.0,H,2023.0
438787,2024-04-21,PD,Getafe CF,Real Sociedad de Fútbol,1,1,32.0,D,2023.0
436275,2024-04-21,PL,Crystal Palace FC,West Ham United FC,5,2,34.0,H,2023.0
438793,2024-04-21,PD,UD Almería,Villarreal CF,1,2,32.0,A,2023.0
438786,2024-04-21,PD,Deportivo Alavés,Club Atlético de Madrid,2,0,32.0,H,2023.0
442057,2024-04-21,BL1,SV Werder Bremen,VfB Stuttgart,2,1,30.0,H,2023.0
438792,2024-04-21,PD,Real Madrid CF,FC Barcelona,3,2,32.0,H,2023.0
442970,2024-04-21,FL1,Toulouse FC,Olympique de Marseille,2,2,30.0,D,2023.0
442052,2024-04-21,BL1,Borussia Dortmund,Bayer 04 Leverkusen,1,1,30.0,D,2023.0
436276,2024-04-21,PL,Everton FC,Nottingham Forest FC,2,0,34.0,H,2023.0
442973,2024-04-21,FL1,Paris Saint-Germain FC,Olympique Lyonnais,4,1,30.0,H,2023.0
436273,2024-04-21,PL,Aston Villa FC,AFC Bournemouth,3,1,34.0,H,2023.0
442975,2024-04-21,FL1,Stade Brestois 29,AS Monaco FC,0,2,30.0,A,2023.0
444581,2024-04-21,SA,US Salernitana 1919,ACF Fiorentina,0,2,33.0,A,2023.0
442972,2024-04-21,FL1,Lille OSC,RC Strasbourg Alsace,1,0,30.0,H,2023.0
442968,2024-04-21,FL1,Le Havre AC,FC Metz,0,1,30.0,A,2023.0
442053,2024-04-21,BL1,SC Freiburg,1. FSV Mainz 05,1,1,30.0,D,2023.0
442976,2024-04-21,FL1,Stade de Reims,Montpellier HSC,1,2,30.0,A,2023.0
436277,2024-04-21,PL,Fulham FC,Liverpool FC,1,3,34.0,A,2023.0
444579,2024-04-21,SA,AC Monza,Atalanta BC,1,2,33.0,A,2023.0
444583,2024-04-21,SA,Torino FC,Frosinone Calcio,0,0,33.0,D,2023.0
444582,2024-04-21,SA,US Sassuolo Calcio,US Lecce,0,3,33.0,A,2023.0
444580,2024-04-22,SA,AS Roma,Bologna FC 1909,1,3,33.0,A,2023.0
444578,2024-04-22,SA,AC Milan,FC Internazionale Milano,1,2,33.0,A,2023.0
438789,2024-04-22,PD,Sevilla FC,RCD Mallorca,2,1,32.0,H,2023.0
436223,2024-04-23,PL,Arsenal FC,Chelsea FC,5,0,29.0,H,2023.0
442964,2024-04-24,FL1,Olympique de Marseille,OGC Nice,2,2,29.0,D,2023.0
436230,2024-04-24,PL,Manchester United FC,Sheffield United FC,4,2,29.0,H,2023.0
442960,2024-04-24,FL1,AS Monaco FC,Lille OSC,1,0,29.0,H,2023.0
442962,2024-04-24,FL1,FC Lorient,Paris Saint-Germain FC,1,4,29.0,A,2023.0
436226,2024-04-24,PL,Crystal Palace FC,Newcastle United FC,2,0,29.0,H,2023.0
436232,2024-04-24,PL,Wolverhampton Wanderers FC,AFC Bournemouth,0,1,29.0,A,2023.0
436227,2024-04-24,PL,Everton FC,Liverpool FC,2,0,29.0,H,2023.0
436224,2024-04-25,PL,Brighton & Hove Albion FC,Manchester City FC,0,4,29.0,A,2023.0
444573,2024-04-25,SA,Udinese Calcio,AS Roma,1,2,32.0,A,2023.0
444587,2024-04-26,SA,Frosinone Calcio,US Salernitana 1919,3,0,34.0,H,2023.0
442064,2024-04-26,BL1,VfL Bochum 1848,TSG 1899 Hoffenheim,3,2,31.0,H,2023.0
442980,2024-04-26,FL1,Montpellier HSC,FC Nantes,1,1,31.0,D,2023.0
438801,2024-04-26,PD,Real Sociedad de Fútbol,Real Madrid CF,0,1,33.0,A,2023.0
442061,2024-04-27,BL1,FC Bayern München,Eintracht Frankfurt,2,1,31.0,H,2023.0
438802,2024-04-27,PD,UD Almería,Getafe CF,1,3,33.0,A,2023.0
444590,2024-04-27,SA,Juventus FC,AC Milan,0,0,34.0,D,2023.0
438796,2024-04-27,PD,Deportivo Alavés,RC Celta de Vigo,3,0,33.0,H,2023.0
438794,2024-04-27,PD,Club Atlético de Madrid,Athletic Club,3,1,33.0,H,2023.0
442066,2024-04-27,BL1,Bayer 04 Leverkusen,VfB Stuttgart,2,2,31.0,D,2023.0
442065,2024-04-27,BL1,FC Augsburg,SV Werder Bremen,0,3,31.0,A,2023.0
442062,2024-04-27,BL1,SC Freiburg,VfL Wolfsburg,1,2,31.0,A,2023.0
442059,2024-04-27,BL1,RB Leipzig,Borussia Dortmund,4,1,31.0,H,2023.0
438803,2024-04-27,PD,UD Las Palmas,Girona FC,0,2,33.0,A,2023.0
436292,2024-04-27,PL,Wolverhampton Wanderers FC,Luton Town FC,2,1,35.0,H,2023.0
444592,2024-04-27,SA,US Lecce,AC Monza,1,1,34.0,D,2023.0
436288,2024-04-27,PL,Newcastle United FC,Sheffield United FC,5,1,35.0,H,2023.0
444591,2024-04-27,SA,SS Lazio,Hellas Verona FC,1,0,34.0,H,2023.0
436286,2024-04-27,PL,Fulham FC,Crystal Palace FC,1,1,35.0,D,2023.0
436291,2024-04-27,PL,West Ham United FC,Liverpool FC,2,2,35.0,D,2023.0
436287,2024-04-27,PL,Manchester United FC,Burnley FC,1,1,35.0,D,2023.0
436285,2024-04-27,PL,Everton FC,Brentford FC,1,0,35.0,H,2023.0
436284,2024-04-27,PL,Aston Villa FC,Chelsea FC,2,2,35.0,D,2023.0
442983,2024-04-27,FL1,Paris Saint-Germain FC,Le Havre AC,3,3,31.0,D,2023.0
442978,2024-04-28,FL1,FC Lorient,Toulouse FC,1,2,31.0,A,2023.0
444593,2024-04-28,SA,SSC Napoli,AS Roma,2,2,34.0,D,2023.0
436290,2024-04-28,PL,Tottenham Hotspur FC,Arsenal FC,2,3,35.0,A,2023.0
436289,2024-04-28,PL,Nottingham Forest FC,Manchester City FC,0,2,35.0,A,2023.0
444589,2024-04-28,SA,FC Internazionale Milano,Torino FC,2,0,34.0,H,2023.0
444586,2024-04-28,SA,ACF Fiorentina,US Sassuolo Calcio,5,1,34.0,H,2023.0
436283,2024-04-28,PL,AFC Bournemouth,Brighton & Hove Albion FC,3,0,35.0,H,2023.0
438795,2024-04-28,PD,Real Betis Balompié,Sevilla FC,1,1,33.0,D,2023.0
444585,2024-04-28,SA,Bologna FC 1909,Udinese Calcio,1,1,34.0,D,2023.0
442982,2024-04-28,FL1,Olympique de Marseille,Racing Club de Lens,2,1,31.0,H,2023.0
444584,2024-04-28,SA,Atalanta BC,Empoli FC,2,0,34.0,H,2023.0
442985,2024-04-28,FL1,Stade Rennais FC 1901,Stade Brestois 29,4,5,31.0,A,2023.0
442977,2024-04-28,FL1,Clermont Foot 63,Stade de Reims,4,1,31.0,H,2023.0
442979,2024-04-28,FL1,FC Metz,Lille OSC,1,2,31.0,A,2023.0
442984,2024-04-28,FL1,RC Strasbourg Alsace,OGC Nice,1,3,31.0,A,2023.0
438799,2024-04-28,PD,Granada CF,CA Osasuna,3,0,33.0,H,2023.0
438800,2024-04-28,PD,Villarreal CF,Rayo Vallecano de Madrid,3,0,33.0,H,2023.0
438798,2024-04-28,PD,Cádiz CF,RCD Mallorca,1,1,33.0,D,2023.0
442067,2024-04-28,BL1,SV Darmstadt 98,1. FC Heidenheim 1846,0,1,31.0,A,2023.0
442060,2024-04-28,BL1,Borussia Mönchengladbach,1. FC Union Berlin,0,0,31.0,D,2023.0
442063,2024-04-28,BL1,1. FSV Mainz 05,1. FC Köln,1,1,31.0,D,2023.0
442981,2024-04-28,FL1,Olympique Lyonnais,AS Monaco FC,3,2,31.0,H,2023.0
438797,2024-04-29,PD,FC Barcelona,Valencia CF,4,2,33.0,H,2023.0
444588,2024-04-29,SA,Genoa CFC,Cagliari Calcio,3,0,34.0,H,2023.0
451682,2024-04-30,CL,FC Bayern München,Real Madrid CF,2,2,1.0,D,2023.0
451681,2024-05-01,CL,Borussia Dortmund,Paris Saint-Germain FC,1,0,1.0,H,2023.0
436197,2024-05-02,PL,Chelsea FC,Tottenham Hotspur FC,2,0,26.0,H,2023.0
444602,2024-05-03,SA,Torino FC,Bologna FC 1909,0,0,35.0,D,2023.0
436300,2024-05-03,PL,Luton Town FC,Everton FC,1,1,36.0,D,2023.0
442992,2024-05-03,FL1,Racing Club de Lens,FC Lorient,2,0,32.0,H,2023.0
438806,2024-05-03,PD,Getafe CF,Athletic Club,0,2,34.0,A,2023.0
442069,2024-05-03,BL1,TSG 1899 Hoffenheim,RB Leipzig,1,1,32.0,D,2023.0
442989,2024-05-03,FL1,Toulouse FC,Montpellier HSC,1,2,32.0,A,2023.0
442070,2024-05-04,BL1,1. FC Köln,SC Freiburg,0,0,32.0,D,2023.0
442987,2024-05-04,FL1,AS Monaco FC,Clermont Foot 63,4,1,32.0,H,2023.0
442068,2024-05-04,BL1,VfB Stuttgart,FC Bayern München,3,1,32.0,H,2023.0
442986,2024-05-04,FL1,Le Havre AC,RC Strasbourg Alsace,3,1,32.0,H,2023.0
442076,2024-05-04,BL1,VfL Wolfsburg,SV Darmstadt 98,3,0,32.0,H,2023.0
436293,2024-05-04,PL,Arsenal FC,AFC Bournemouth,3,0,36.0,H,2023.0
436294,2024-05-04,PL,Brentford FC,Fulham FC,0,0,36.0,D,2023.0
444601,2024-05-04,SA,US Sassuolo Calcio,FC Internazionale Milano,1,0,35.0,H,2023.0
444598,2024-05-04,SA,AC Monza,SS Lazio,2,2,35.0,D,2023.0
436301,2024-05-04,PL,Manchester City FC,Wolverhampton Wanderers FC,5,1,36.0,H,2023.0
438807,2024-05-04,PD,Girona FC,FC Barcelona,4,2,34.0,H,2023.0
436302,2024-05-04,PL,Sheffield United FC,Nottingham Forest FC,1,3,36.0,A,2023.0
436296,2024-05-04,PL,Burnley FC,Newcastle United FC,1,4,36.0,A,2023.0
438812,2024-05-04,PD,Real Madrid CF,Cádiz CF,3,0,34.0,H,2023.0
438811,2024-05-04,PD,RCD Mallorca,Club Atlético de Madrid,0,1,34.0,A,2023.0
442988,2024-05-04,FL1,FC Metz,Stade Rennais FC 1901,2,3,32.0,A,2023.0
442075,2024-05-04,BL1,Borussia Dortmund,FC Augsburg,5,1,32.0,H,2023.0
442993,2024-05-04,FL1,Stade Brestois 29,FC Nantes,0,0,32.0,D,2023.0
438813,2024-05-04,PD,Real Sociedad de Fútbol,UD Las Palmas,2,0,34.0,H,2023.0
442073,2024-05-04,BL1,SV Werder Bremen,Borussia Mönchengladbach,2,2,32.0,D,2023.0
436295,2024-05-05,PL,Brighton & Hove Albion FC,Aston Villa FC,1,0,36.0,H,2023.0
444596,2024-05-05,SA,Hellas Verona FC,ACF Fiorentina,2,1,35.0,H,2023.0
444595,2024-05-05,SA,Empoli FC,Frosinone Calcio,0,0,35.0,D,2023.0
444594,2024-05-05,SA,Cagliari Calcio,US Lecce,1,1,35.0,D,2023.0
444597,2024-05-05,SA,AC Milan,Genoa CFC,3,3,35.0,D,2023.0
444599,2024-05-05,SA,AS Roma,Juventus FC,1,1,35.0,D,2023.0
436297,2024-05-05,PL,Chelsea FC,West Ham United FC,5,0,36.0,H,2023.0
442072,2024-05-05,BL1,1. FC Heidenheim 1846,1. FSV Mainz 05,1,1,32.0,D,2023.0
438810,2024-05-05,PD,Rayo Vallecano de Madrid,UD Almería,0,1,34.0,A,2023.0
436299,2024-05-05,PL,Liverpool FC,Tottenham Hotspur FC,4,2,36.0,H,2023.0
438808,2024-05-05,PD,Sevilla FC,Granada CF,3,0,34.0,H,2023.0
438809,2024-05-05,PD,Valencia CF,Deportivo Alavés,0,1,34.0,A,2023.0
438805,2024-05-05,PD,RC Celta de Vigo,Villarreal CF,3,2,34.0,H,2023.0
438804,2024-05-05,PD,CA Osasuna,Real Betis Balompié,0,2,34.0,A,2023.0
442071,2024-05-05,BL1,Eintracht Frankfurt,Bayer 04 Leverkusen,1,5,32.0,A,2023.0
442074,2024-05-05,BL1,1. FC Union Berlin,VfL Bochum 1848,3,4,32.0,A,2023.0
442991,2024-05-06,FL1,Lille OSC,Olympique Lyonnais,3,4,32.0,A,2023.0
444603,2024-05-06,SA,Udinese Calcio,SSC Napoli,1,1,35.0,D,2023.0
436298,2024-05-06,PL,Crystal Palace FC,Manchester United FC,4,0,36.0,H,2023.0
444600,2024-05-06,SA,US Salernitana 1919,Atalanta BC,1,2,35.0,A,2023.0
451683,2024-05-07,CL,Paris Saint-Germain FC,Borussia Dortmund,0,1,2.0,A,2023.0
451684,2024-05-08,CL,Real Madrid CF,FC Bayern München,2,1,2.0,H,2023.0
442998,2024-05-10,FL1,OGC Nice,Le Havre AC,1,0,33.0,H,2023.0
444606,2024-05-10,SA,Frosinone Calcio,FC Internazionale Milano,0,5,36.0,A,2023.0
438817,2024-05-10,PD,Deportivo Alavés,Girona FC,2,2,35.0,D,2023.0
442084,2024-05-10,BL1,FC Augsburg,VfB Stuttgart,0,1,33.0,A,2023.0
443002,2024-05-10,FL1,Stade Brestois 29,Stade de Reims,1,1,33.0,D,2023.0
436303,2024-05-11,PL,AFC Bournemouth,Brentford FC,1,2,37.0,A,2023.0
436305,2024-05-11,PL,Everton FC,Sheffield United FC,1,0,37.0,H,2023.0
436311,2024-05-11,PL,West Ham United FC,Luton Town FC,3,1,37.0,H,2023.0
436310,2024-05-11,PL,Tottenham Hotspur FC,Burnley FC,2,1,37.0,H,2023.0
442080,2024-05-11,BL1,Borussia Mönchengladbach,Eintracht Frankfurt,1,1,33.0,D,2023.0
436309,2024-05-11,PL,Nottingham Forest FC,Chelsea FC,2,3,37.0,A,2023.0
438822,2024-05-11,PD,Villarreal CF,Sevilla FC,3,2,35.0,H,2023.0
442078,2024-05-11,BL1,1. FC Köln,1. FC Union Berlin,3,2,33.0,H,2023.0
436312,2024-05-11,PL,Wolverhampton Wanderers FC,Crystal Palace FC,1,3,37.0,A,2023.0
436306,2024-05-11,PL,Fulham FC,Manchester City FC,0,4,37.0,A,2023.0
438823,2024-05-11,PD,RCD Mallorca,UD Las Palmas,1,0,35.0,H,2023.0
436308,2024-05-11,PL,Newcastle United FC,Brighton & Hove Albion FC,1,1,37.0,D,2023.0
438820,2024-05-11,PD,Granada CF,Real Madrid CF,0,4,35.0,A,2023.0
442077,2024-05-11,BL1,1. FSV Mainz 05,Borussia Dortmund,3,0,33.0,H,2023.0
442085,2024-05-11,BL1,SC Freiburg,1. FC Heidenheim 1846,1,1,33.0,D,2023.0
444613,2024-05-11,SA,SSC Napoli,Bologna FC 1909,0,2,36.0,A,2023.0
444612,2024-05-11,SA,AC Milan,Cagliari Calcio,5,1,36.0,H,2023.0
442083,2024-05-11,BL1,RB Leipzig,SV Werder Bremen,1,1,33.0,D,2023.0
438814,2024-05-11,PD,Athletic Club,CA Osasuna,2,2,35.0,D,2023.0
443001,2024-05-12,FL1,RC Strasbourg Alsace,FC Metz,2,1,33.0,H,2023.0
444607,2024-05-12,SA,Genoa CFC,US Sassuolo Calcio,2,1,36.0,H,2023.0
438821,2024-05-12,PD,Valencia CF,Rayo Vallecano de Madrid,0,0,35.0,D,2023.0
444608,2024-05-12,SA,Hellas Verona FC,Torino FC,1,2,36.0,A,2023.0
442995,2024-05-12,FL1,Clermont Foot 63,Olympique Lyonnais,0,1,33.0,A,2023.0
444609,2024-05-12,SA,Juventus FC,US Salernitana 1919,1,1,36.0,D,2023.0
438819,2024-05-12,PD,Cádiz CF,Getafe CF,1,0,35.0,H,2023.0
438816,2024-05-12,PD,Real Betis Balompié,UD Almería,3,2,35.0,H,2023.0
444610,2024-05-12,SA,SS Lazio,Empoli FC,2,0,36.0,H,2023.0
438815,2024-05-12,PD,Club Atlético de Madrid,RC Celta de Vigo,1,0,35.0,H,2023.0
442996,2024-05-12,FL1,FC Nantes,Lille OSC,1,2,33.0,A,2023.0
436307,2024-05-12,PL,Manchester United FC,Arsenal FC,0,1,37.0,A,2023.0
442997,2024-05-12,FL1,Montpellier HSC,AS Monaco FC,0,2,33.0,A,2023.0
442999,2024-05-12,FL1,Olympique de Marseille,FC Lorient,3,1,33.0,H,2023.0
442079,2024-05-12,BL1,VfL Bochum 1848,Bayer 04 Leverkusen,0,5,33.0,A,2023.0
443003,2024-05-12,FL1,Stade Rennais FC 1901,Racing Club de Lens,1,1,33.0,D,2023.0
443000,2024-05-12,FL1,Paris Saint-Germain FC,Toulouse FC,1,3,33.0,A,2023.0
442081,2024-05-12,BL1,FC Bayern München,VfL Wolfsburg,2,0,33.0,H,2023.0
442082,2024-05-12,BL1,SV Darmstadt 98,TSG 1899 Hoffenheim,0,6,33.0,A,2023.0
444604,2024-05-12,SA,Atalanta BC,AS Roma,2,1,36.0,H,2023.0
436304,2024-05-13,PL,Aston Villa FC,Liverpool FC,3,3,37.0,D,2023.0
438818,2024-05-13,PD,FC Barcelona,Real Sociedad de Fútbol,2,0,35.0,H,2023.0
444605,2024-05-13,SA,ACF Fiorentina,AC Monza,2,1,36.0,H,2023.0
444611,2024-05-13,SA,US Lecce,Udinese Calcio,0,2,36.0,A,2023.0
436281,2024-05-14,PL,Tottenham Hotspur FC,Manchester City FC,0,2,34.0,A,2023.0
438824,2024-05-14,PD,CA Osasuna,RCD Mallorca,1,1,36.0,D,2023.0
438827,2024-05-14,PD,Girona FC,Villarreal CF,0,1,36.0,A,2023.0
438830,2024-05-14,PD,Real Madrid CF,Deportivo Alavés,5,0,36.0,H,2023.0
436274,2024-05-15,PL,Brighton & Hove Albion FC,Chelsea FC,1,2,34.0,A,2023.0
438828,2024-05-15,PD,Sevilla FC,Cádiz CF,0,1,36.0,A,2023.0
436279,2024-05-15,PL,Manchester United FC,Newcastle United FC,3,2,34.0,H,2023.0
438829,2024-05-15,PD,Rayo Vallecano de Madrid,Granada CF,2,1,36.0,H,2023.0
442994,2024-05-15,FL1,Stade de Reims,Olympique de Marseille,1,0,32.0,H,2023.0
442990,2024-05-15,FL1,OGC Nice,Paris Saint-Germain FC,1,2,32.0,A,2023.0
438825,2024-05-15,PD,RC Celta de Vigo,Athletic Club,2,1,36.0,H,2023.0
438826,2024-05-15,PD,Getafe CF,Club Atlético de Madrid,0,3,36.0,A,2023.0
438833,2024-05-16,PD,UD Las Palmas,Real Betis Balompié,2,2,36.0,D,2023.0
438831,2024-05-16,PD,Real Sociedad de Fútbol,Valencia CF,1,0,36.0,H,2023.0
438832,2024-05-16,PD,UD Almería,FC Barcelona,0,2,36.0,A,2023.0
444615,2024-05-17,SA,ACF Fiorentina,SSC Napoli,2,2,37.0,D,2023.0
444617,2024-05-18,SA,US Lecce,Atalanta BC,0,2,37.0,A,2023.0
442086,2024-05-18,BL1,TSG 1899 Hoffenheim,FC Bayern München,4,2,34.0,H,2023.0
442087,2024-05-18,BL1,Eintracht Frankfurt,RB Leipzig,2,2,34.0,D,2023.0
442088,2024-05-18,BL1,1. FC Union Berlin,SC Freiburg,2,1,34.0,H,2023.0
442093,2024-05-18,BL1,Bayer 04 Leverkusen,FC Augsburg,2,1,34.0,H,2023.0
444622,2024-05-18,SA,Torino FC,AC Milan,3,1,37.0,H,2023.0
442092,2024-05-18,BL1,SV Werder Bremen,VfL Bochum 1848,4,1,34.0,H,2023.0
442091,2024-05-18,BL1,1. FC Heidenheim 1846,1. FC Köln,4,1,34.0,H,2023.0
442089,2024-05-18,BL1,VfL Wolfsburg,1. FSV Mainz 05,1,3,34.0,A,2023.0
442094,2024-05-18,BL1,Borussia Dortmund,SV Darmstadt 98,4,0,34.0,H,2023.0
438837,2024-05-18,PD,Deportivo Alavés,Getafe CF,1,0,37.0,H,2023.0
442090,2024-05-18,BL1,VfB Stuttgart,Borussia Mönchengladbach,4,0,34.0,H,2023.0
436314,2024-05-19,PL,Brentford FC,Newcastle United FC,2,4,38.0,A,2023.0
436315,2024-05-19,PL,Brighton & Hove Albion FC,Manchester United FC,0,2,38.0,A,2023.0
436321,2024-05-19,PL,Manchester City FC,West Ham United FC,3,1,38.0,H,2023.0
436317,2024-05-19,PL,Chelsea FC,AFC Bournemouth,2,1,38.0,H,2023.0
443007,2024-05-19,FL1,FC Metz,Paris Saint-Germain FC,0,2,34.0,A,2023.0
436320,2024-05-19,PL,Luton Town FC,Fulham FC,2,4,38.0,A,2023.0
444616,2024-05-19,SA,FC Internazionale Milano,SS Lazio,1,1,37.0,D,2023.0
443006,2024-05-19,FL1,FC Lorient,Clermont Foot 63,5,0,34.0,H,2023.0
436319,2024-05-19,PL,Liverpool FC,Wolverhampton Wanderers FC,2,0,38.0,H,2023.0
444621,2024-05-19,SA,US Sassuolo Calcio,Cagliari Calcio,0,2,37.0,A,2023.0
444623,2024-05-19,SA,Udinese Calcio,Empoli FC,1,1,37.0,D,2023.0
443005,2024-05-19,FL1,AS Monaco FC,FC Nantes,4,0,34.0,H,2023.0
444618,2024-05-19,SA,AC Monza,Frosinone Calcio,0,1,37.0,A,2023.0
436313,2024-05-19,PL,Arsenal FC,Everton FC,2,1,38.0,H,2023.0
444619,2024-05-19,SA,AS Roma,Genoa CFC,1,0,37.0,H,2023.0
443011,2024-05-19,FL1,Racing Club de Lens,Montpellier HSC,2,2,34.0,D,2023.0
436318,2024-05-19,PL,Crystal Palace FC,Aston Villa FC,5,0,38.0,H,2023.0
443009,2024-05-19,FL1,Olympique Lyonnais,RC Strasbourg Alsace,2,1,34.0,H,2023.0
443012,2024-05-19,FL1,Stade de Reims,Stade Rennais FC 1901,2,1,34.0,H,2023.0
436322,2024-05-19,PL,Sheffield United FC,Tottenham Hotspur FC,0,3,38.0,A,2023.0
443008,2024-05-19,FL1,Toulouse FC,Stade Brestois 29,0,3,34.0,A,2023.0
436316,2024-05-19,PL,Burnley FC,Nottingham Forest FC,1,2,38.0,A,2023.0
438835,2024-05-19,PD,Club Atlético de Madrid,CA Osasuna,1,4,37.0,A,2023.0
438836,2024-05-19,PD,Real Betis Balompié,Real Sociedad de Fútbol,0,2,37.0,A,2023.0
438839,2024-05-19,PD,Cádiz CF,UD Las Palmas,0,0,37.0,D,2023.0
438834,2024-05-19,PD,Athletic Club,Sevilla FC,2,0,37.0,H,2023.0
438841,2024-05-19,PD,Valencia CF,Girona FC,1,3,37.0,A,2023.0
438842,2024-05-19,PD,Villarreal CF,Real Madrid CF,4,4,37.0,D,2023.0
438843,2024-05-19,PD,RCD Mallorca,UD Almería,2,2,37.0,D,2023.0
443004,2024-05-19,FL1,Le Havre AC,Olympique de Marseille,1,2,34.0,A,2023.0
438838,2024-05-19,PD,FC Barcelona,Rayo Vallecano de Madrid,3,0,37.0,H,2023.0
443010,2024-05-19,FL1,Lille OSC,OGC Nice,2,2,34.0,D,2023.0
438840,2024-05-19,PD,Granada CF,RC Celta de Vigo,1,2,37.0,A,2023.0
444614,2024-05-20,SA,Bologna FC 1909,Juventus FC,3,3,37.0,D,2023.0
444620,2024-05-20,SA,US Salernitana 1919,Hellas Verona FC,1,2,37.0,A,2023.0
444625,2024-05-23,SA,Cagliari Calcio,ACF Fiorentina,2,3,38.0,A,2023.0
444628,2024-05-24,SA,Genoa CFC,Bologna FC 1909,2,0,38.0,H,2023.0
438847,2024-05-24,PD,Girona FC,Granada CF,7,0,38.0,H,2023.0
438844,2024-05-25,PD,CA Osasuna,Villarreal CF,1,1,38.0,D,2023.0
444632,2024-05-25,SA,AC Milan,US Salernitana 1919,3,3,38.0,D,2023.0
438850,2024-05-25,PD,Real Madrid CF,Real Betis Balompié,0,0,38.0,D,2023.0
438851,2024-05-25,PD,Real Sociedad de Fútbol,Club Atlético de Madrid,0,2,38.0,A,2023.0
438852,2024-05-25,PD,UD Almería,Cádiz CF,6,1,38.0,H,2023.0
444630,2024-05-25,SA,Juventus FC,AC Monza,2,0,38.0,H,2023.0
438849,2024-05-25,PD,Rayo Vallecano de Madrid,Athletic Club,0,1,38.0,A,2023.0
438848,2024-05-26,PD,Sevilla FC,FC Barcelona,1,2,38.0,A,2023.0
438846,2024-05-26,PD,Getafe CF,RCD Mallorca,1,2,38.0,A,2023.0
438845,2024-05-26,PD,RC Celta de Vigo,Valencia CF,2,2,38.0,D,2023.0
444626,2024-05-26,SA,Empoli FC,AS Roma,2,1,38.0,H,2023.0
444624,2024-05-26,SA,Atalanta BC,Torino FC,3,0,38.0,H,2023.0
444633,2024-05-26,SA,SSC Napoli,US Lecce,0,0,38.0,D,2023.0
444631,2024-05-26,SA,SS Lazio,US Sassuolo Calcio,1,1,38.0,D,2023.0
444627,2024-05-26,SA,Frosinone Calcio,Udinese Calcio,0,1,38.0,A,2023.0
444629,2024-05-26,SA,Hellas Verona FC,FC Internazionale Milano,2,2,38.0,D,2023.0
438853,2024-05-26,PD,UD Las Palmas,Deportivo Alavés,1,1,38.0,D,2023.0
451685,2024-06-01,CL,Borussia Dortmund,Real Madrid CF,0,2,,A,2023.0
444534,2024-06-02,SA,Atalanta BC,ACF Fiorentina,2,3,29.0,A,2023.0
498613,2024-08-15,PD,Athletic Club,Getafe CF,1,1,1.0,D,2024.0
498614,2024-08-15,PD,Real Betis Balompié,Girona FC,1,1,1.0,D,2024.0
497410,2024-08-16,PL,Manchester United FC,Fulham FC,1,0,1.0,H,2024.0
497958,2024-08-16,FL1,Le Havre AC,Paris Saint-Germain FC,1,4,1.0,A,2024.0
498616,2024-08-16,PD,RC Celta de Vigo,Deportivo Alavés,2,1,1.0,H,2024.0
498621,2024-08-16,PD,UD Las Palmas,Sevilla FC,2,2,1.0,D,2024.0
497414,2024-08-17,PL,Newcastle United FC,Southampton FC,1,0,1.0,H,2024.0
497416,2024-08-17,PL,West Ham United FC,Aston Villa FC,1,2,1.0,A,2024.0
497412,2024-08-17,PL,Arsenal FC,Wolverhampton Wanderers FC,2,0,1.0,H,2024.0
497411,2024-08-17,PL,Ipswich Town FC,Liverpool FC,0,2,1.0,A,2024.0
497413,2024-08-17,PL,Everton FC,Brighton & Hove Albion FC,0,3,1.0,A,2024.0
503046,2024-08-17,SA,Genoa CFC,FC Internazionale Milano,2,2,1.0,D,2024.0
497415,2024-08-17,PL,Nottingham Forest FC,AFC Bournemouth,1,1,1.0,D,2024.0
498615,2024-08-17,PD,CA Osasuna,CD Leganés,1,1,1.0,D,2024.0
498617,2024-08-17,PD,Valencia CF,FC Barcelona,1,2,1.0,A,2024.0
503051,2024-08-17,SA,AC Milan,Torino FC,2,2,1.0,D,2024.0
503052,2024-08-17,SA,Parma Calcio 1913,ACF Fiorentina,1,1,1.0,D,2024.0
497956,2024-08-17,FL1,Stade de Reims,Lille OSC,0,2,1.0,A,2024.0
503045,2024-08-17,SA,Empoli FC,AC Monza,0,0,1.0,D,2024.0
497951,2024-08-17,FL1,Stade Brestois 29,Olympique de Marseille,1,5,1.0,A,2024.0
497955,2024-08-17,FL1,AS Monaco FC,AS Saint-Étienne,1,0,1.0,H,2024.0
503044,2024-08-18,SA,Cagliari Calcio,AS Roma,0,0,1.0,D,2024.0
503049,2024-08-18,SA,SS Lazio,Venezia FC,3,1,1.0,H,2024.0
497418,2024-08-18,PL,Chelsea FC,Manchester City FC,0,2,1.0,A,2024.0
497417,2024-08-18,PL,Brentford FC,Crystal Palace FC,2,1,1.0,H,2024.0
503047,2024-08-18,SA,Hellas Verona FC,SSC Napoli,3,0,1.0,H,2024.0
503043,2024-08-18,SA,Bologna FC 1909,Udinese Calcio,1,1,1.0,D,2024.0
497957,2024-08-18,FL1,AJ Auxerre,OGC Nice,2,1,1.0,H,2024.0
497952,2024-08-18,FL1,Montpellier HSC,RC Strasbourg Alsace,1,1,1.0,D,2024.0
497953,2024-08-18,FL1,Toulouse FC,FC Nantes,0,0,1.0,D,2024.0
497954,2024-08-18,FL1,Angers SCO,Racing Club de Lens,0,1,1.0,A,2024.0
497959,2024-08-18,FL1,Stade Rennais FC 1901,Olympique Lyonnais,3,0,1.0,H,2024.0
498620,2024-08-18,PD,Real Sociedad de Fútbol,Rayo Vallecano de Madrid,1,2,1.0,A,2024.0
498619,2024-08-18,PD,RCD Mallorca,Real Madrid CF,1,1,1.0,D,2024.0
498618,2024-08-19,PD,Villarreal CF,Club Atlético de Madrid,2,2,1.0,D,2024.0
498622,2024-08-19,PD,Real Valladolid CF,RCD Espanyol de Barcelona,1,0,1.0,H,2024.0
503050,2024-08-19,SA,US Lecce,Atalanta BC,0,4,1.0,A,2024.0
497419,2024-08-19,PL,Leicester City FC,Tottenham Hotspur FC,1,1,1.0,D,2024.0
503048,2024-08-19,SA,Juventus FC,Como 1907,3,0,1.0,H,2024.0
497960,2024-08-23,FL1,Paris Saint-Germain FC,Montpellier HSC,6,0,2.0,H,2024.0
498630,2024-08-23,PD,Sevilla FC,Villarreal CF,1,2,2.0,A,2024.0
502371,2024-08-23,BL1,Borussia Mönchengladbach,Bayer 04 Leverkusen,2,3,1.0,A,2024.0
498626,2024-08-23,PD,RC Celta de Vigo,Valencia CF,3,1,2.0,H,2024.0
498629,2024-08-24,PD,Getafe CF,Rayo Vallecano de Madrid,0,0,2.0,D,2024.0
502375,2024-08-24,BL1,SC Freiburg,VfB Stuttgart,3,1,1.0,H,2024.0
503057,2024-08-24,SA,AC Monza,Genoa CFC,0,1,2.0,A,2024.0
497421,2024-08-24,PL,Aston Villa FC,Arsenal FC,0,2,2.0,A,2024.0
497423,2024-08-24,PL,Crystal Palace FC,West Ham United FC,0,2,2.0,A,2024.0
497427,2024-08-24,PL,Southampton FC,Nottingham Forest FC,0,1,2.0,A,2024.0
498632,2024-08-24,PD,RCD Espanyol de Barcelona,Real Sociedad de Fútbol,0,1,2.0,A,2024.0
497424,2024-08-24,PL,Fulham FC,Leicester City FC,2,1,2.0,H,2024.0
497426,2024-08-24,PL,Manchester City FC,Ipswich Town FC,4,1,2.0,H,2024.0
497428,2024-08-24,PL,Tottenham Hotspur FC,Everton FC,4,0,2.0,H,2024.0
497963,2024-08-24,FL1,AS Saint-Étienne,Le Havre AC,0,2,2.0,A,2024.0
497422,2024-08-24,PL,Brighton & Hove Albion FC,Manchester United FC,2,1,2.0,H,2024.0
497967,2024-08-24,FL1,Olympique Lyonnais,AS Monaco FC,0,2,2.0,A,2024.0
497964,2024-08-24,FL1,Lille OSC,Angers SCO,2,0,2.0,H,2024.0
502372,2024-08-24,BL1,RB Leipzig,VfL Bochum 1848,1,0,1.0,H,2024.0
503056,2024-08-24,SA,FC Internazionale Milano,US Lecce,2,0,2.0,H,2024.0
503062,2024-08-24,SA,Udinese Calcio,SS Lazio,2,1,2.0,H,2024.0
503059,2024-08-24,SA,Parma Calcio 1913,AC Milan,2,1,2.0,H,2024.0
498628,2024-08-24,PD,FC Barcelona,Athletic Club,2,1,2.0,H,2024.0
502378,2024-08-24,BL1,1. FSV Mainz 05,1. FC Union Berlin,1,1,1.0,D,2024.0
498624,2024-08-24,PD,CA Osasuna,RCD Mallorca,1,0,2.0,H,2024.0
502376,2024-08-24,BL1,FC Augsburg,SV Werder Bremen,2,2,1.0,D,2024.0
502374,2024-08-24,BL1,TSG 1899 Hoffenheim,Holstein Kiel,3,2,1.0,H,2024.0
502373,2024-08-24,BL1,Borussia Dortmund,Eintracht Frankfurt,2,0,1.0,H,2024.0
503060,2024-08-25,SA,AS Roma,Empoli FC,1,2,2.0,A,2024.0
497429,2024-08-25,PL,Wolverhampton Wanderers FC,Chelsea FC,2,6,2.0,A,2024.0
497968,2024-08-25,FL1,Olympique de Marseille,Stade de Reims,2,2,2.0,D,2024.0
503054,2024-08-25,SA,ACF Fiorentina,Venezia FC,0,0,2.0,D,2024.0
503061,2024-08-25,SA,Torino FC,Atalanta BC,2,1,2.0,H,2024.0
503058,2024-08-25,SA,SSC Napoli,Bologna FC 1909,3,0,2.0,H,2024.0
497420,2024-08-25,PL,AFC Bournemouth,Newcastle United FC,1,1,2.0,D,2024.0
497425,2024-08-25,PL,Liverpool FC,Brentford FC,2,0,2.0,H,2024.0
497962,2024-08-25,FL1,FC Nantes,AJ Auxerre,2,0,2.0,H,2024.0
498623,2024-08-25,PD,Club Atlético de Madrid,Girona FC,3,0,2.0,H,2024.0
502377,2024-08-25,BL1,VfL Wolfsburg,FC Bayern München,2,3,1.0,A,2024.0
497966,2024-08-25,FL1,Racing Club de Lens,Stade Brestois 29,2,0,2.0,H,2024.0
502379,2024-08-25,BL1,FC St. Pauli 1910,1. FC Heidenheim 1846,0,2,1.0,A,2024.0
498627,2024-08-25,PD,Deportivo Alavés,Real Betis Balompié,0,0,2.0,D,2024.0
498625,2024-08-25,PD,CD Leganés,UD Las Palmas,2,1,2.0,H,2024.0
498631,2024-08-25,PD,Real Madrid CF,Real Valladolid CF,3,0,2.0,H,2024.0
497965,2024-08-25,FL1,OGC Nice,Toulouse FC,1,1,2.0,D,2024.0
497961,2024-08-25,FL1,RC Strasbourg Alsace,Stade Rennais FC 1901,3,1,2.0,H,2024.0
498636,2024-08-26,PD,Villarreal CF,RC Celta de Vigo,4,3,3.0,H,2024.0
503055,2024-08-26,SA,Hellas Verona FC,Juventus FC,0,3,2.0,A,2024.0
503053,2024-08-26,SA,Cagliari Calcio,Como 1907,1,1,2.0,D,2024.0
498638,2024-08-27,PD,RCD Mallorca,Sevilla FC,0,0,3.0,D,2024.0
498637,2024-08-27,PD,Rayo Vallecano de Madrid,FC Barcelona,1,2,3.0,A,2024.0
498633,2024-08-28,PD,Athletic Club,Valencia CF,1,0,3.0,H,2024.0
498642,2024-08-28,PD,Club Atlético de Madrid,RCD Espanyol de Barcelona,0,0,3.0,D,2024.0
498640,2024-08-28,PD,Real Valladolid CF,CD Leganés,0,0,3.0,D,2024.0
498639,2024-08-28,PD,Real Sociedad de Fútbol,Deportivo Alavés,1,2,3.0,A,2024.0
498641,2024-08-29,PD,UD Las Palmas,Real Madrid CF,1,1,3.0,D,2024.0
498635,2024-08-29,PD,Girona FC,CA Osasuna,4,0,3.0,H,2024.0
503072,2024-08-30,SA,Venezia FC,Torino FC,0,1,3.0,A,2024.0
503066,2024-08-30,SA,FC Internazionale Milano,Atalanta BC,4,0,3.0,H,2024.0
497970,2024-08-30,FL1,Olympique Lyonnais,RC Strasbourg Alsace,4,3,3.0,H,2024.0
502386,2024-08-30,BL1,1. FC Union Berlin,FC St. Pauli 1910,1,0,2.0,H,2024.0
498652,2024-08-31,PD,RCD Espanyol de Barcelona,Rayo Vallecano de Madrid,2,1,4.0,H,2024.0
498650,2024-08-31,PD,Valencia CF,Villarreal CF,1,1,4.0,D,2024.0
503063,2024-08-31,SA,Bologna FC 1909,Empoli FC,1,1,3.0,D,2024.0
503069,2024-08-31,SA,US Lecce,Cagliari Calcio,1,0,3.0,H,2024.0
503068,2024-08-31,SA,SS Lazio,AC Milan,2,2,3.0,D,2024.0
498647,2024-08-31,PD,FC Barcelona,Real Valladolid CF,7,0,4.0,H,2024.0
497439,2024-08-31,PL,West Ham United FC,Manchester City FC,1,3,3.0,A,2024.0
498645,2024-08-31,PD,CD Leganés,RCD Mallorca,0,1,4.0,A,2024.0
497438,2024-08-31,PL,Nottingham Forest FC,Wolverhampton Wanderers FC,1,1,3.0,D,2024.0
498643,2024-08-31,PD,Athletic Club,Club Atlético de Madrid,0,1,4.0,A,2024.0
503070,2024-08-31,SA,SSC Napoli,Parma Calcio 1913,2,1,3.0,H,2024.0
497971,2024-08-31,FL1,Stade Brestois 29,AS Saint-Étienne,4,0,3.0,H,2024.0
502385,2024-08-31,BL1,SV Werder Bremen,Borussia Dortmund,0,0,2.0,D,2024.0
502383,2024-08-31,BL1,Eintracht Frankfurt,TSG 1899 Hoffenheim,3,1,2.0,H,2024.0
497434,2024-08-31,PL,Ipswich Town FC,Fulham FC,1,1,3.0,D,2024.0
502387,2024-08-31,BL1,VfL Bochum 1848,Borussia Mönchengladbach,0,2,2.0,A,2024.0
497433,2024-08-31,PL,Everton FC,AFC Bournemouth,2,3,3.0,A,2024.0
497431,2024-08-31,PL,Brentford FC,Southampton FC,3,1,3.0,H,2024.0
497435,2024-08-31,PL,Leicester City FC,Aston Villa FC,1,2,3.0,A,2024.0
497430,2024-08-31,PL,Arsenal FC,Brighton & Hove Albion FC,1,1,3.0,D,2024.0
502380,2024-08-31,BL1,Bayer 04 Leverkusen,RB Leipzig,2,3,2.0,A,2024.0
497977,2024-08-31,FL1,Toulouse FC,Olympique de Marseille,1,3,3.0,A,2024.0
497972,2024-08-31,FL1,Montpellier HSC,FC Nantes,1,3,3.0,A,2024.0
502388,2024-08-31,BL1,Holstein Kiel,VfL Wolfsburg,0,2,2.0,A,2024.0
502381,2024-08-31,BL1,VfB Stuttgart,1. FSV Mainz 05,3,3,2.0,D,2024.0
497974,2024-09-01,FL1,AS Monaco FC,Racing Club de Lens,1,1,3.0,D,2024.0
498646,2024-09-01,PD,Deportivo Alavés,UD Las Palmas,2,0,4.0,H,2024.0
497436,2024-09-01,PL,Manchester United FC,Liverpool FC,0,3,3.0,A,2024.0
497437,2024-09-01,PL,Newcastle United FC,Tottenham Hotspur FC,2,1,3.0,H,2024.0
497432,2024-09-01,PL,Chelsea FC,Crystal Palace FC,1,1,3.0,D,2024.0
498648,2024-09-01,PD,Getafe CF,Real Sociedad de Fútbol,0,0,4.0,D,2024.0
497973,2024-09-01,FL1,Angers SCO,OGC Nice,1,4,3.0,A,2024.0
498649,2024-09-01,PD,Sevilla FC,Girona FC,0,2,4.0,A,2024.0
497975,2024-09-01,FL1,Le Havre AC,AJ Auxerre,3,1,3.0,H,2024.0
497976,2024-09-01,FL1,Stade de Reims,Stade Rennais FC 1901,2,1,3.0,H,2024.0
498644,2024-09-01,PD,CA Osasuna,RC Celta de Vigo,3,2,4.0,H,2024.0
503064,2024-09-01,SA,ACF Fiorentina,AC Monza,2,2,3.0,D,2024.0
503065,2024-09-01,SA,Genoa CFC,Hellas Verona FC,0,2,3.0,A,2024.0
502382,2024-09-01,BL1,FC Bayern München,SC Freiburg,2,0,2.0,H,2024.0
502384,2024-09-01,BL1,1. FC Heidenheim 1846,FC Augsburg,4,0,2.0,H,2024.0
503067,2024-09-01,SA,Juventus FC,AS Roma,0,0,3.0,D,2024.0
503071,2024-09-01,SA,Udinese Calcio,Como 1907,1,0,3.0,H,2024.0
498651,2024-09-01,PD,Real Madrid CF,Real Betis Balompié,2,0,4.0,H,2024.0
497969,2024-09-01,FL1,Lille OSC,Paris Saint-Germain FC,1,3,3.0,A,2024.0
497984,2024-09-13,FL1,AS Saint-Étienne,Lille OSC,1,0,4.0,H,2024.0
498654,2024-09-13,PD,Real Betis Balompié,CD Leganés,2,0,5.0,H,2024.0
502390,2024-09-13,BL1,Borussia Dortmund,1. FC Heidenheim 1846,4,2,3.0,H,2024.0
497446,2024-09-14,PL,Manchester City FC,Brentford FC,2,1,4.0,H,2024.0
503075,2024-09-14,SA,Como 1907,Bologna FC 1909,2,2,4.0,D,2024.0
503076,2024-09-14,SA,Empoli FC,Juventus FC,0,0,4.0,D,2024.0
503079,2024-09-14,SA,AC Milan,Venezia FC,4,0,4.0,H,2024.0
497444,2024-09-14,PL,Fulham FC,West Ham United FC,1,1,4.0,D,2024.0
497445,2024-09-14,PL,Liverpool FC,Nottingham Forest FC,0,1,4.0,A,2024.0
502397,2024-09-14,BL1,Holstein Kiel,FC Bayern München,1,6,3.0,A,2024.0
497440,2024-09-14,PL,AFC Bournemouth,Chelsea FC,0,1,4.0,A,2024.0
502396,2024-09-14,BL1,Borussia Mönchengladbach,VfB Stuttgart,1,3,3.0,A,2024.0
497447,2024-09-14,PL,Southampton FC,Manchester United FC,0,3,4.0,A,2024.0
502394,2024-09-14,BL1,VfL Wolfsburg,Eintracht Frankfurt,1,2,3.0,A,2024.0
502389,2024-09-14,BL1,RB Leipzig,1. FC Union Berlin,0,0,3.0,D,2024.0
502392,2024-09-14,BL1,SC Freiburg,VfL Bochum 1848,2,1,3.0,H,2024.0
497442,2024-09-14,PL,Brighton & Hove Albion FC,Ipswich Town FC,0,0,4.0,D,2024.0
498662,2024-09-14,PD,RCD Espanyol de Barcelona,Deportivo Alavés,3,2,5.0,H,2024.0
497985,2024-09-14,FL1,Olympique de Marseille,OGC Nice,2,0,4.0,H,2024.0
497978,2024-09-14,FL1,AJ Auxerre,AS Monaco FC,0,3,4.0,A,2024.0
497986,2024-09-14,FL1,Paris Saint-Germain FC,Stade Brestois 29,3,1,4.0,H,2024.0
498660,2024-09-14,PD,Real Sociedad de Fútbol,Real Madrid CF,0,2,5.0,A,2024.0
498657,2024-09-14,PD,Sevilla FC,Getafe CF,1,0,5.0,H,2024.0
497443,2024-09-14,PL,Crystal Palace FC,Leicester City FC,2,2,4.0,D,2024.0
497441,2024-09-14,PL,Aston Villa FC,Everton FC,3,2,4.0,H,2024.0
498659,2024-09-14,PD,RCD Mallorca,Villarreal CF,1,2,5.0,A,2024.0
502391,2024-09-14,BL1,TSG 1899 Hoffenheim,Bayer 04 Leverkusen,1,4,3.0,A,2024.0
497449,2024-09-15,PL,Wolverhampton Wanderers FC,Newcastle United FC,1,2,4.0,A,2024.0
503074,2024-09-15,SA,Cagliari Calcio,SSC Napoli,0,4,4.0,A,2024.0
503082,2024-09-15,SA,Torino FC,US Lecce,0,0,4.0,D,2024.0
498653,2024-09-15,PD,Club Atlético de Madrid,Valencia CF,3,0,5.0,H,2024.0
502395,2024-09-15,BL1,1. FSV Mainz 05,SV Werder Bremen,1,2,3.0,A,2024.0
502393,2024-09-15,BL1,FC Augsburg,FC St. Pauli 1910,3,1,3.0,H,2024.0
503077,2024-09-15,SA,Genoa CFC,AS Roma,1,1,4.0,D,2024.0
503080,2024-09-15,SA,AC Monza,FC Internazionale Milano,1,1,4.0,D,2024.0
497448,2024-09-15,PL,Tottenham Hotspur FC,Arsenal FC,0,1,4.0,A,2024.0
497983,2024-09-15,FL1,RC Strasbourg Alsace,Angers SCO,1,1,4.0,D,2024.0
497981,2024-09-15,FL1,FC Nantes,Stade de Reims,1,2,4.0,A,2024.0
497982,2024-09-15,FL1,Toulouse FC,Le Havre AC,2,0,4.0,H,2024.0
497980,2024-09-15,FL1,Racing Club de Lens,Olympique Lyonnais,0,0,4.0,D,2024.0
498661,2024-09-15,PD,UD Las Palmas,Athletic Club,2,3,5.0,A,2024.0
498656,2024-09-15,PD,Girona FC,FC Barcelona,1,4,5.0,A,2024.0
498655,2024-09-15,PD,RC Celta de Vigo,Real Valladolid CF,3,1,5.0,H,2024.0
497979,2024-09-15,FL1,Stade Rennais FC 1901,Montpellier HSC,3,0,4.0,H,2024.0
503073,2024-09-15,SA,Atalanta BC,ACF Fiorentina,3,2,4.0,H,2024.0
503081,2024-09-16,SA,Parma Calcio 1913,Udinese Calcio,2,3,4.0,A,2024.0
503078,2024-09-16,SA,SS Lazio,Hellas Verona FC,2,1,4.0,H,2024.0
498658,2024-09-16,PD,Rayo Vallecano de Madrid,CA Osasuna,3,1,5.0,H,2024.0
523934,2024-09-17,CL,FC Bayern München,GNK Dinamo Zagreb,9,2,1.0,H,2024.0
523998,2024-09-17,CL,Juventus FC,PSV,3,1,1.0,H,2024.0
524039,2024-09-17,CL,BSC Young Boys,Aston Villa FC,0,3,1.0,A,2024.0
523968,2024-09-17,CL,AC Milan,Liverpool FC,1,3,1.0,A,2024.0
523967,2024-09-17,CL,Real Madrid CF,VfB Stuttgart,3,1,1.0,H,2024.0
524034,2024-09-17,CL,Sporting Clube de Portugal,Lille OSC,2,0,1.0,H,2024.0
498679,2024-09-17,PD,RCD Mallorca,Real Sociedad de Fútbol,1,0,7.0,H,2024.0
524049,2024-09-18,CL,Bologna FC 1909,FK Shakhtar Donetsk,0,0,1.0,D,2024.0
523959,2024-09-18,CL,Paris Saint-Germain FC,Girona FC,1,0,1.0,H,2024.0
523952,2024-09-18,CL,Manchester City FC,FC Internazionale Milano,0,0,1.0,D,2024.0
524007,2024-09-18,CL,Celtic FC,ŠK Slovan Bratislava,5,1,1.0,H,2024.0
523988,2024-09-18,CL,Club Brugge KV,Borussia Dortmund,0,3,1.0,A,2024.0
524062,2024-09-18,CL,AC Sparta Praha,FC Red Bull Salzburg,3,0,1.0,H,2024.0
498634,2024-09-18,PD,Real Betis Balompié,Getafe CF,2,1,3.0,H,2024.0
523973,2024-09-19,CL,Atalanta BC,Arsenal FC,0,0,1.0,D,2024.0
498673,2024-09-19,PD,CD Leganés,Athletic Club,0,2,7.0,A,2024.0
523976,2024-09-19,CL,Club Atlético de Madrid,RB Leipzig,2,1,1.0,H,2024.0
524013,2024-09-19,CL,Feyenoord Rotterdam,Bayer 04 Leverkusen,0,4,1.0,A,2024.0
524029,2024-09-19,CL,FK Crvena Zvezda,Sport Lisboa e Benfica,1,2,1.0,A,2024.0
524040,2024-09-19,CL,AS Monaco FC,FC Barcelona,2,1,1.0,H,2024.0
524067,2024-09-19,CL,Stade Brestois 29,SK Sturm Graz,2,1,1.0,H,2024.0
503084,2024-09-20,SA,Cagliari Calcio,Empoli FC,0,2,5.0,A,2024.0
503086,2024-09-20,SA,Hellas Verona FC,Torino FC,2,3,5.0,A,2024.0
497988,2024-09-20,FL1,OGC Nice,AS Saint-Étienne,8,0,5.0,H,2024.0
498666,2024-09-20,PD,Deportivo Alavés,Sevilla FC,2,1,6.0,H,2024.0
502403,2024-09-20,BL1,FC Augsburg,1. FSV Mainz 05,2,3,4.0,A,2024.0
497457,2024-09-21,PL,Southampton FC,Ipswich Town FC,1,1,5.0,D,2024.0
497452,2024-09-21,PL,Crystal Palace FC,Manchester United FC,0,0,5.0,D,2024.0
497455,2024-09-21,PL,Liverpool FC,AFC Bournemouth,3,0,5.0,H,2024.0
502400,2024-09-21,BL1,Eintracht Frankfurt,Borussia Mönchengladbach,2,0,4.0,H,2024.0
502404,2024-09-21,BL1,1. FC Union Berlin,TSG 1899 Hoffenheim,2,1,4.0,H,2024.0
502405,2024-09-21,BL1,VfL Bochum 1848,Holstein Kiel,2,2,4.0,D,2024.0
502402,2024-09-21,BL1,SV Werder Bremen,FC Bayern München,0,5,4.0,A,2024.0
497993,2024-09-21,FL1,Lille OSC,RC Strasbourg Alsace,3,3,5.0,D,2024.0
497994,2024-09-21,FL1,Stade Rennais FC 1901,Racing Club de Lens,1,1,5.0,D,2024.0
497989,2024-09-21,FL1,Stade de Reims,Paris Saint-Germain FC,1,1,5.0,D,2024.0
497458,2024-09-21,PL,Tottenham Hotspur FC,Brentford FC,3,1,5.0,H,2024.0
502401,2024-09-21,BL1,1. FC Heidenheim 1846,SC Freiburg,0,3,4.0,A,2024.0
497459,2024-09-21,PL,West Ham United FC,Chelsea FC,0,3,5.0,A,2024.0
498671,2024-09-21,PD,Real Valladolid CF,Real Sociedad de Fútbol,0,0,6.0,D,2024.0
497453,2024-09-21,PL,Fulham FC,Newcastle United FC,3,1,5.0,H,2024.0
498668,2024-09-21,PD,Valencia CF,Girona FC,2,0,6.0,H,2024.0
503089,2024-09-21,SA,US Lecce,Parma Calcio 1913,2,2,5.0,D,2024.0
503088,2024-09-21,SA,Juventus FC,SSC Napoli,0,0,5.0,D,2024.0
498672,2024-09-21,PD,Real Madrid CF,RCD Espanyol de Barcelona,4,1,6.0,H,2024.0
498665,2024-09-21,PD,CA Osasuna,UD Las Palmas,2,1,6.0,H,2024.0
497450,2024-09-21,PL,Aston Villa FC,Wolverhampton Wanderers FC,3,1,5.0,H,2024.0
497454,2024-09-21,PL,Leicester City FC,Everton FC,1,1,5.0,D,2024.0
503092,2024-09-21,SA,Venezia FC,Genoa CFC,2,0,5.0,H,2024.0
503087,2024-09-22,SA,FC Internazionale Milano,AC Milan,1,2,5.0,A,2024.0
497456,2024-09-22,PL,Manchester City FC,Arsenal FC,2,2,5.0,D,2024.0
497451,2024-09-22,PL,Brighton & Hove Albion FC,Nottingham Forest FC,2,2,5.0,D,2024.0
503085,2024-09-22,SA,ACF Fiorentina,SS Lazio,2,1,5.0,H,2024.0
503091,2024-09-22,SA,AS Roma,Udinese Calcio,3,0,5.0,H,2024.0
503090,2024-09-22,SA,AC Monza,Bologna FC 1909,1,2,5.0,A,2024.0
498670,2024-09-22,PD,Rayo Vallecano de Madrid,Club Atlético de Madrid,1,1,6.0,D,2024.0
498669,2024-09-22,PD,Villarreal CF,FC Barcelona,1,5,6.0,A,2024.0
498663,2024-09-22,PD,Athletic Club,RC Celta de Vigo,3,1,6.0,H,2024.0
497995,2024-09-22,FL1,AS Monaco FC,Le Havre AC,3,1,5.0,H,2024.0
498667,2024-09-22,PD,Getafe CF,CD Leganés,1,1,6.0,D,2024.0
502406,2024-09-22,BL1,FC St. Pauli 1910,RB Leipzig,0,0,4.0,D,2024.0
497990,2024-09-22,FL1,Stade Brestois 29,Toulouse FC,2,0,5.0,H,2024.0
497991,2024-09-22,FL1,Angers SCO,FC Nantes,1,1,5.0,D,2024.0
497992,2024-09-22,FL1,Montpellier HSC,AJ Auxerre,3,2,5.0,H,2024.0
502398,2024-09-22,BL1,Bayer 04 Leverkusen,VfL Wolfsburg,4,3,4.0,H,2024.0
502399,2024-09-22,BL1,VfB Stuttgart,Borussia Dortmund,5,1,4.0,H,2024.0
497987,2024-09-22,FL1,Olympique Lyonnais,Olympique de Marseille,2,3,5.0,A,2024.0
498664,2024-09-23,PD,Real Betis Balompié,RCD Mallorca,1,2,6.0,A,2024.0
498677,2024-09-24,PD,Sevilla FC,Real Valladolid CF,2,1,7.0,H,2024.0
498678,2024-09-24,PD,Valencia CF,CA Osasuna,0,0,7.0,D,2024.0
498680,2024-09-24,PD,Real Madrid CF,Deportivo Alavés,3,2,7.0,H,2024.0
503083,2024-09-24,SA,Atalanta BC,Como 1907,2,3,5.0,A,2024.0
498676,2024-09-25,PD,Girona FC,Rayo Vallecano de Madrid,0,0,7.0,D,2024.0
498675,2024-09-25,PD,FC Barcelona,Getafe CF,1,0,7.0,H,2024.0
498674,2024-09-26,PD,RC Celta de Vigo,Club Atlético de Madrid,0,1,7.0,A,2024.0
498681,2024-09-26,PD,UD Las Palmas,Real Betis Balompié,1,1,7.0,D,2024.0
498682,2024-09-26,PD,RCD Espanyol de Barcelona,Villarreal CF,1,2,7.0,A,2024.0
503097,2024-09-27,SA,AC Milan,US Lecce,3,0,6.0,H,2024.0
498691,2024-09-27,PD,Real Valladolid CF,RCD Mallorca,1,2,8.0,A,2024.0
497997,2024-09-27,FL1,Paris Saint-Germain FC,Stade Rennais FC 1901,3,1,6.0,H,2024.0
497998,2024-09-27,FL1,AJ Auxerre,Stade Brestois 29,3,0,6.0,H,2024.0
502409,2024-09-27,BL1,Borussia Dortmund,VfL Bochum 1848,4,2,5.0,H,2024.0
497999,2024-09-28,FL1,Racing Club de Lens,OGC Nice,0,0,6.0,D,2024.0
498001,2024-09-28,FL1,Le Havre AC,Lille OSC,0,3,6.0,A,2024.0
502408,2024-09-28,BL1,RB Leipzig,FC Augsburg,4,0,5.0,H,2024.0
498685,2024-09-28,PD,CA Osasuna,FC Barcelona,4,2,8.0,H,2024.0
503093,2024-09-28,SA,Bologna FC 1909,Atalanta BC,1,1,6.0,D,2024.0
502413,2024-09-28,BL1,1. FSV Mainz 05,1. FC Heidenheim 1846,0,2,5.0,A,2024.0
498687,2024-09-28,PD,Getafe CF,Deportivo Alavés,2,0,8.0,H,2024.0
503102,2024-09-28,SA,Udinese Calcio,FC Internazionale Milano,2,3,6.0,A,2024.0
498690,2024-09-28,PD,Real Sociedad de Fútbol,Valencia CF,3,0,8.0,H,2024.0
498689,2024-09-28,PD,Rayo Vallecano de Madrid,CD Leganés,1,1,8.0,D,2024.0
502414,2024-09-28,BL1,Borussia Mönchengladbach,1. FC Union Berlin,1,0,5.0,H,2024.0
503096,2024-09-28,SA,Genoa CFC,Juventus FC,0,3,6.0,A,2024.0
502412,2024-09-28,BL1,VfL Wolfsburg,VfB Stuttgart,2,2,5.0,D,2024.0
502407,2024-09-28,BL1,FC Bayern München,Bayer 04 Leverkusen,1,1,5.0,D,2024.0
497468,2024-09-28,PL,Nottingham Forest FC,Fulham FC,0,1,6.0,A,2024.0
497463,2024-09-28,PL,Chelsea FC,Brighton & Hove Albion FC,4,2,6.0,H,2024.0
497469,2024-09-28,PL,Wolverhampton Wanderers FC,Liverpool FC,1,2,6.0,A,2024.0
497461,2024-09-28,PL,Arsenal FC,Leicester City FC,4,2,6.0,H,2024.0
497467,2024-09-28,PL,Newcastle United FC,Manchester City FC,1,1,6.0,D,2024.0
497464,2024-09-28,PL,Everton FC,Crystal Palace FC,2,1,6.0,H,2024.0
498003,2024-09-28,FL1,AS Monaco FC,Montpellier HSC,2,1,6.0,H,2024.0
502411,2024-09-28,BL1,SC Freiburg,FC St. Pauli 1910,0,3,5.0,A,2024.0
497462,2024-09-28,PL,Brentford FC,West Ham United FC,1,1,6.0,D,2024.0
503101,2024-09-29,SA,Torino FC,SS Lazio,2,3,6.0,A,2024.0
498684,2024-09-29,PD,Club Atlético de Madrid,Real Madrid CF,1,1,8.0,D,2024.0
498692,2024-09-29,PD,Real Betis Balompié,RCD Espanyol de Barcelona,1,0,8.0,H,2024.0
498683,2024-09-29,PD,Athletic Club,Sevilla FC,1,1,8.0,D,2024.0
498686,2024-09-29,PD,RC Celta de Vigo,Girona FC,1,1,8.0,D,2024.0
497465,2024-09-29,PL,Ipswich Town FC,Aston Villa FC,2,2,6.0,D,2024.0
497996,2024-09-29,FL1,RC Strasbourg Alsace,Olympique de Marseille,1,0,6.0,H,2024.0
503094,2024-09-29,SA,Como 1907,Hellas Verona FC,3,2,6.0,H,2024.0
502415,2024-09-29,BL1,Holstein Kiel,Eintracht Frankfurt,2,4,5.0,A,2024.0
498004,2024-09-29,FL1,Angers SCO,Stade de Reims,1,3,6.0,A,2024.0
503098,2024-09-29,SA,SSC Napoli,AC Monza,2,0,6.0,H,2024.0
502410,2024-09-29,BL1,TSG 1899 Hoffenheim,SV Werder Bremen,3,4,5.0,A,2024.0
503095,2024-09-29,SA,Empoli FC,ACF Fiorentina,0,0,6.0,D,2024.0
497466,2024-09-29,PL,Manchester United FC,Tottenham Hotspur FC,0,3,6.0,A,2024.0
498002,2024-09-29,FL1,Toulouse FC,Olympique Lyonnais,1,2,6.0,A,2024.0
498000,2024-09-29,FL1,FC Nantes,AS Saint-Étienne,2,2,6.0,D,2024.0
503100,2024-09-29,SA,AS Roma,Venezia FC,2,1,6.0,H,2024.0
497460,2024-09-30,PL,AFC Bournemouth,Southampton FC,3,1,6.0,H,2024.0
498688,2024-09-30,PD,Villarreal CF,UD Las Palmas,3,1,8.0,H,2024.0
503099,2024-09-30,SA,Parma Calcio 1913,Cagliari Calcio,2,3,6.0,A,2024.0
523992,2024-10-01,CL,Arsenal FC,Paris Saint-Germain FC,2,0,2.0,H,2024.0
523981,2024-10-01,CL,Bayer 04 Leverkusen,AC Milan,1,0,2.0,H,2024.0
524056,2024-10-01,CL,ŠK Slovan Bratislava,Manchester City FC,0,4,2.0,A,2024.0
523938,2024-10-01,CL,Borussia Dortmund,Celtic FC,7,1,2.0,H,2024.0
524022,2024-10-01,CL,PSV,Sporting Clube de Portugal,1,1,2.0,D,2024.0
524075,2024-10-01,CL,VfB Stuttgart,AC Sparta Praha,1,1,2.0,D,2024.0
523942,2024-10-01,CL,FC Barcelona,BSC Young Boys,5,0,2.0,H,2024.0
523950,2024-10-01,CL,FC Internazionale Milano,FK Crvena Zvezda,4,0,2.0,H,2024.0
524027,2024-10-01,CL,FC Red Bull Salzburg,Stade Brestois 29,0,4,2.0,A,2024.0
524011,2024-10-02,CL,GNK Dinamo Zagreb,AS Monaco FC,2,2,2.0,D,2024.0
524016,2024-10-02,CL,Lille OSC,Real Madrid CF,1,0,2.0,H,2024.0
523947,2024-10-02,CL,Liverpool FC,Bologna FC 1909,2,0,2.0,H,2024.0
524069,2024-10-02,CL,SK Sturm Graz,Club Brugge KV,0,1,2.0,A,2024.0
524044,2024-10-02,CL,Aston Villa FC,FC Bayern München,1,0,2.0,H,2024.0
524054,2024-10-02,CL,Girona FC,Feyenoord Rotterdam,2,3,2.0,A,2024.0
524001,2024-10-02,CL,FK Shakhtar Donetsk,Atalanta BC,0,3,2.0,A,2024.0
523961,2024-10-02,CL,RB Leipzig,Juventus FC,2,3,2.0,A,2024.0
523985,2024-10-02,CL,Sport Lisboa e Benfica,Club Atlético de Madrid,4,0,2.0,H,2024.0
502421,2024-10-04,BL1,FC Augsburg,Borussia Mönchengladbach,2,1,6.0,H,2024.0
498010,2024-10-04,FL1,Olympique de Marseille,Angers SCO,1,1,7.0,D,2024.0
498693,2024-10-04,PD,CD Leganés,Valencia CF,0,0,9.0,D,2024.0
503106,2024-10-04,SA,Hellas Verona FC,Venezia FC,2,1,7.0,H,2024.0
503111,2024-10-04,SA,SSC Napoli,Como 1907,3,1,7.0,H,2024.0
498700,2024-10-05,PD,Real Valladolid CF,Rayo Vallecano de Madrid,1,2,9.0,A,2024.0
498701,2024-10-05,PD,UD Las Palmas,RC Celta de Vigo,0,1,9.0,A,2024.0
498698,2024-10-05,PD,Real Madrid CF,Villarreal CF,2,0,9.0,H,2024.0
497478,2024-10-05,PL,Manchester City FC,Fulham FC,3,2,7.0,H,2024.0
503107,2024-10-05,SA,FC Internazionale Milano,Torino FC,3,2,7.0,H,2024.0
498008,2024-10-05,FL1,AS Saint-Étienne,AJ Auxerre,3,1,7.0,H,2024.0
503103,2024-10-05,SA,Atalanta BC,Genoa CFC,5,1,7.0,H,2024.0
498695,2024-10-05,PD,Getafe CF,CA Osasuna,1,1,9.0,D,2024.0
503112,2024-10-05,SA,Udinese Calcio,US Lecce,1,0,7.0,H,2024.0
502424,2024-10-05,BL1,FC St. Pauli 1910,1. FSV Mainz 05,0,3,6.0,A,2024.0
498702,2024-10-05,PD,RCD Espanyol de Barcelona,RCD Mallorca,2,1,9.0,H,2024.0
502423,2024-10-05,BL1,VfL Bochum 1848,VfL Wolfsburg,1,3,6.0,A,2024.0
497472,2024-10-05,PL,Brentford FC,Wolverhampton Wanderers FC,5,3,7.0,H,2024.0
497477,2024-10-05,PL,Leicester City FC,AFC Bournemouth,1,0,7.0,H,2024.0
502422,2024-10-05,BL1,1. FC Union Berlin,Borussia Dortmund,2,1,6.0,H,2024.0
502420,2024-10-05,BL1,SV Werder Bremen,SC Freiburg,0,1,6.0,A,2024.0
502416,2024-10-05,BL1,Bayer 04 Leverkusen,Holstein Kiel,2,2,6.0,D,2024.0
497479,2024-10-05,PL,West Ham United FC,Ipswich Town FC,4,1,7.0,H,2024.0
498007,2024-10-05,FL1,Lille OSC,Toulouse FC,2,1,7.0,H,2024.0
497476,2024-10-05,PL,Everton FC,Newcastle United FC,0,0,7.0,D,2024.0
497475,2024-10-05,PL,Crystal Palace FC,Liverpool FC,0,1,7.0,A,2024.0
497470,2024-10-05,PL,Arsenal FC,Southampton FC,3,1,7.0,H,2024.0
498011,2024-10-05,FL1,Stade Rennais FC 1901,AS Monaco FC,1,2,7.0,A,2024.0
497474,2024-10-06,PL,Chelsea FC,Nottingham Forest FC,1,1,7.0,D,2024.0
497471,2024-10-06,PL,Aston Villa FC,Manchester United FC,0,0,7.0,D,2024.0
498006,2024-10-06,FL1,OGC Nice,Paris Saint-Germain FC,1,1,7.0,D,2024.0
498013,2024-10-06,FL1,Stade de Reims,Montpellier HSC,4,2,7.0,H,2024.0
498699,2024-10-06,PD,Real Sociedad de Fútbol,Club Atlético de Madrid,1,1,9.0,D,2024.0
498697,2024-10-06,PD,Sevilla FC,Real Betis Balompié,1,0,9.0,H,2024.0
498694,2024-10-06,PD,Deportivo Alavés,FC Barcelona,0,3,9.0,A,2024.0
498696,2024-10-06,PD,Girona FC,Athletic Club,2,1,9.0,H,2024.0
498012,2024-10-06,FL1,RC Strasbourg Alsace,Racing Club de Lens,2,2,7.0,D,2024.0
503109,2024-10-06,SA,SS Lazio,Empoli FC,2,1,7.0,H,2024.0
502418,2024-10-06,BL1,Eintracht Frankfurt,FC Bayern München,3,3,6.0,D,2024.0
502419,2024-10-06,BL1,1. FC Heidenheim 1846,RB Leipzig,0,1,6.0,A,2024.0
498009,2024-10-06,FL1,Stade Brestois 29,Le Havre AC,2,0,7.0,H,2024.0
503110,2024-10-06,SA,AC Monza,AS Roma,1,1,7.0,D,2024.0
503104,2024-10-06,SA,Bologna FC 1909,Parma Calcio 1913,0,0,7.0,D,2024.0
503108,2024-10-06,SA,Juventus FC,Cagliari Calcio,1,1,7.0,D,2024.0
498005,2024-10-06,FL1,Olympique Lyonnais,FC Nantes,2,0,7.0,H,2024.0
503105,2024-10-06,SA,ACF Fiorentina,AC Milan,2,1,7.0,H,2024.0
502417,2024-10-06,BL1,VfB Stuttgart,TSG 1899 Hoffenheim,1,1,6.0,D,2024.0
497473,2024-10-06,PL,Brighton & Hove Albion FC,Tottenham Hotspur FC,3,2,7.0,H,2024.0
498019,2024-10-18,FL1,AS Monaco FC,Lille OSC,0,0,8.0,D,2024.0
502427,2024-10-18,BL1,Borussia Dortmund,FC St. Pauli 1910,2,1,7.0,H,2024.0
498706,2024-10-18,PD,Deportivo Alavés,Real Valladolid CF,2,3,10.0,A,2024.0
497480,2024-10-19,PL,AFC Bournemouth,Arsenal FC,2,0,8.0,H,2024.0
497485,2024-10-19,PL,Newcastle United FC,Brighton & Hove Albion FC,0,1,8.0,A,2024.0
503114,2024-10-19,SA,Como 1907,Parma Calcio 1913,1,1,8.0,D,2024.0
502426,2024-10-19,BL1,FC Bayern München,VfB Stuttgart,4,0,7.0,H,2024.0
502432,2024-10-19,BL1,Borussia Mönchengladbach,1. FC Heidenheim 1846,3,2,7.0,H,2024.0
502431,2024-10-19,BL1,1. FSV Mainz 05,RB Leipzig,0,2,7.0,A,2024.0
502428,2024-10-19,BL1,TSG 1899 Hoffenheim,VfL Bochum 1848,3,1,7.0,H,2024.0
502425,2024-10-19,BL1,Bayer 04 Leverkusen,Eintracht Frankfurt,2,1,7.0,H,2024.0
502429,2024-10-19,BL1,SC Freiburg,FC Augsburg,3,1,7.0,H,2024.0
497482,2024-10-19,PL,Ipswich Town FC,Everton FC,0,2,8.0,A,2024.0
503116,2024-10-19,SA,Genoa CFC,Bologna FC 1909,2,2,8.0,D,2024.0
497487,2024-10-19,PL,Southampton FC,Leicester City FC,2,3,8.0,A,2024.0
497488,2024-10-19,PL,Tottenham Hotspur FC,West Ham United FC,4,1,8.0,H,2024.0
497484,2024-10-19,PL,Manchester United FC,Brentford FC,2,1,8.0,H,2024.0
503118,2024-10-19,SA,Juventus FC,SS Lazio,1,0,8.0,H,2024.0
498708,2024-10-19,PD,Girona FC,Real Sociedad de Fútbol,0,1,10.0,A,2024.0
498705,2024-10-19,PD,RC Celta de Vigo,Real Madrid CF,1,2,10.0,A,2024.0
498712,2024-10-19,PD,Athletic Club,RCD Espanyol de Barcelona,4,1,10.0,H,2024.0
503120,2024-10-19,SA,AC Milan,Udinese Calcio,1,0,8.0,H,2024.0
498020,2024-10-19,FL1,AS Saint-Étienne,Racing Club de Lens,0,2,8.0,A,2024.0
498021,2024-10-19,FL1,Stade Brestois 29,Stade Rennais FC 1901,1,1,8.0,D,2024.0
498022,2024-10-19,FL1,Paris Saint-Germain FC,RC Strasbourg Alsace,4,2,8.0,H,2024.0
497481,2024-10-19,PL,Fulham FC,Aston Villa FC,1,3,8.0,A,2024.0
498704,2024-10-19,PD,CA Osasuna,Real Betis Balompié,1,2,10.0,A,2024.0
497483,2024-10-20,PL,Liverpool FC,Chelsea FC,2,1,8.0,H,2024.0
503115,2024-10-20,SA,Empoli FC,SSC Napoli,0,1,8.0,A,2024.0
498017,2024-10-20,FL1,FC Nantes,OGC Nice,1,1,8.0,D,2024.0
498018,2024-10-20,FL1,Montpellier HSC,Olympique de Marseille,0,5,8.0,A,2024.0
498015,2024-10-20,FL1,Toulouse FC,Angers SCO,1,1,8.0,D,2024.0
498014,2024-10-20,FL1,AJ Auxerre,Stade de Reims,2,1,8.0,H,2024.0
498016,2024-10-20,FL1,Le Havre AC,Olympique Lyonnais,0,4,8.0,A,2024.0
503119,2024-10-20,SA,US Lecce,ACF Fiorentina,0,6,8.0,A,2024.0
497489,2024-10-20,PL,Wolverhampton Wanderers FC,Manchester City FC,1,2,8.0,A,2024.0
503121,2024-10-20,SA,AS Roma,FC Internazionale Milano,0,1,8.0,A,2024.0
502430,2024-10-20,BL1,VfL Wolfsburg,SV Werder Bremen,2,4,7.0,A,2024.0
503113,2024-10-20,SA,Cagliari Calcio,Torino FC,3,2,8.0,H,2024.0
503122,2024-10-20,SA,Venezia FC,Atalanta BC,0,2,8.0,A,2024.0
498711,2024-10-20,PD,RCD Mallorca,Rayo Vallecano de Madrid,1,0,10.0,H,2024.0
498703,2024-10-20,PD,Club Atlético de Madrid,CD Leganés,3,1,10.0,H,2024.0
498710,2024-10-20,PD,Villarreal CF,Getafe CF,1,1,10.0,D,2024.0
498707,2024-10-20,PD,FC Barcelona,Sevilla FC,5,1,10.0,H,2024.0
502433,2024-10-20,BL1,Holstein Kiel,1. FC Union Berlin,0,2,7.0,A,2024.0
503117,2024-10-21,SA,Hellas Verona FC,AC Monza,0,3,8.0,A,2024.0
497486,2024-10-21,PL,Nottingham Forest FC,Crystal Palace FC,1,0,8.0,H,2024.0
498709,2024-10-21,PD,Valencia CF,UD Las Palmas,2,3,10.0,A,2024.0
523999,2024-10-22,CL,Juventus FC,VfB Stuttgart,0,1,3.0,A,2024.0
523958,2024-10-22,CL,Paris Saint-Germain FC,PSV,1,1,3.0,D,2024.0
523993,2024-10-22,CL,Arsenal FC,FK Shakhtar Donetsk,1,0,3.0,H,2024.0
524055,2024-10-22,CL,Girona FC,ŠK Slovan Bratislava,2,0,3.0,H,2024.0
524070,2024-10-22,CL,SK Sturm Graz,Sporting Clube de Portugal,0,2,3.0,A,2024.0
523964,2024-10-22,CL,Real Madrid CF,Borussia Dortmund,5,2,3.0,H,2024.0
524047,2024-10-22,CL,Aston Villa FC,Bologna FC 1909,2,0,3.0,H,2024.0
523969,2024-10-22,CL,AC Milan,Club Brugge KV,3,1,3.0,H,2024.0
524042,2024-10-22,CL,AS Monaco FC,FK Crvena Zvezda,5,1,3.0,H,2024.0
523960,2024-10-23,CL,RB Leipzig,Liverpool FC,0,1,3.0,A,2024.0
523986,2024-10-23,CL,Sport Lisboa e Benfica,Feyenoord Rotterdam,1,3,3.0,A,2024.0
524036,2024-10-23,CL,BSC Young Boys,FC Internazionale Milano,0,1,3.0,A,2024.0
523955,2024-10-23,CL,Manchester City FC,AC Sparta Praha,5,0,3.0,H,2024.0
523940,2024-10-23,CL,FC Barcelona,FC Bayern München,4,1,3.0,H,2024.0
523974,2024-10-23,CL,Atalanta BC,Celtic FC,0,0,3.0,D,2024.0
523978,2024-10-23,CL,Club Atlético de Madrid,Lille OSC,1,3,3.0,A,2024.0
524026,2024-10-23,CL,FC Red Bull Salzburg,GNK Dinamo Zagreb,0,2,3.0,A,2024.0
524065,2024-10-23,CL,Stade Brestois 29,Bayer 04 Leverkusen,1,1,3.0,D,2024.0
502439,2024-10-25,BL1,1. FSV Mainz 05,Borussia Mönchengladbach,1,1,8.0,D,2024.0
503131,2024-10-25,SA,Torino FC,Como 1907,1,0,9.0,H,2024.0
498722,2024-10-25,PD,RCD Espanyol de Barcelona,Sevilla FC,0,2,11.0,A,2024.0
498029,2024-10-25,FL1,Stade Rennais FC 1901,Le Havre AC,1,0,9.0,H,2024.0
497497,2024-10-25,PL,Leicester City FC,Nottingham Forest FC,1,3,9.0,A,2024.0
503132,2024-10-25,SA,Udinese Calcio,Cagliari Calcio,2,0,9.0,H,2024.0
502438,2024-10-26,BL1,FC Augsburg,Borussia Dortmund,2,1,8.0,H,2024.0
498031,2024-10-26,FL1,Stade de Reims,Stade Brestois 29,1,2,9.0,A,2024.0
502442,2024-10-26,BL1,FC St. Pauli 1910,VfL Wolfsburg,0,0,8.0,D,2024.0
503129,2024-10-26,SA,SSC Napoli,US Lecce,1,0,9.0,H,2024.0
498720,2024-10-26,PD,Real Valladolid CF,Villarreal CF,1,2,11.0,A,2024.0
502437,2024-10-26,BL1,SV Werder Bremen,Bayer 04 Leverkusen,2,2,8.0,D,2024.0
498024,2024-10-26,FL1,Racing Club de Lens,Lille OSC,0,2,9.0,A,2024.0
502434,2024-10-26,BL1,VfB Stuttgart,Holstein Kiel,2,1,8.0,H,2024.0
498716,2024-10-26,PD,Rayo Vallecano de Madrid,Deportivo Alavés,1,0,11.0,H,2024.0
498030,2024-10-26,FL1,Angers SCO,AS Saint-Étienne,4,2,9.0,H,2024.0
497498,2024-10-26,PL,Manchester City FC,Southampton FC,1,0,9.0,H,2024.0
502435,2024-10-26,BL1,RB Leipzig,SC Freiburg,3,1,8.0,H,2024.0
498718,2024-10-26,PD,Real Madrid CF,FC Barcelona,0,4,11.0,A,2024.0
503123,2024-10-26,SA,Atalanta BC,Hellas Verona FC,6,1,9.0,H,2024.0
497493,2024-10-26,PL,Brighton & Hove Albion FC,Wolverhampton Wanderers FC,2,2,9.0,D,2024.0
497491,2024-10-26,PL,Aston Villa FC,AFC Bournemouth,1,1,9.0,D,2024.0
497492,2024-10-26,PL,Brentford FC,Ipswich Town FC,4,3,9.0,H,2024.0
497496,2024-10-26,PL,Everton FC,Fulham FC,1,1,9.0,D,2024.0
498721,2024-10-26,PD,UD Las Palmas,Girona FC,1,0,11.0,H,2024.0
503130,2024-10-27,SA,Parma Calcio 1913,Empoli FC,1,1,9.0,D,2024.0
503127,2024-10-27,SA,SS Lazio,Genoa CFC,3,0,9.0,H,2024.0
502436,2024-10-27,BL1,1. FC Heidenheim 1846,TSG 1899 Hoffenheim,0,0,8.0,D,2024.0
502440,2024-10-27,BL1,1. FC Union Berlin,Eintracht Frankfurt,1,1,8.0,D,2024.0
498713,2024-10-27,PD,Real Betis Balompié,Club Atlético de Madrid,1,0,11.0,H,2024.0
503128,2024-10-27,SA,AC Monza,Venezia FC,2,2,9.0,D,2024.0
503125,2024-10-27,SA,ACF Fiorentina,AS Roma,5,1,9.0,H,2024.0
503126,2024-10-27,SA,FC Internazionale Milano,Juventus FC,4,4,9.0,D,2024.0
502441,2024-10-27,BL1,VfL Bochum 1848,FC Bayern München,0,5,8.0,A,2024.0
498719,2024-10-27,PD,Real Sociedad de Fútbol,CA Osasuna,0,2,11.0,A,2024.0
498025,2024-10-27,FL1,Olympique de Marseille,Paris Saint-Germain FC,0,3,9.0,A,2024.0
497499,2024-10-27,PL,West Ham United FC,Manchester United FC,2,1,9.0,H,2024.0
497495,2024-10-27,PL,Crystal Palace FC,Tottenham Hotspur FC,1,0,9.0,H,2024.0
498714,2024-10-27,PD,CD Leganés,RC Celta de Vigo,3,0,11.0,H,2024.0
498715,2024-10-27,PD,Getafe CF,Valencia CF,1,1,11.0,D,2024.0
497494,2024-10-27,PL,Chelsea FC,Newcastle United FC,2,1,9.0,H,2024.0
497490,2024-10-27,PL,Arsenal FC,Liverpool FC,2,2,9.0,D,2024.0
498028,2024-10-27,FL1,RC Strasbourg Alsace,FC Nantes,3,1,9.0,H,2024.0
498026,2024-10-27,FL1,Olympique Lyonnais,AJ Auxerre,2,2,9.0,D,2024.0
498023,2024-10-27,FL1,OGC Nice,AS Monaco FC,2,1,9.0,H,2024.0
498027,2024-10-27,FL1,Montpellier HSC,Toulouse FC,0,3,9.0,A,2024.0
498717,2024-10-28,PD,RCD Mallorca,Athletic Club,0,0,11.0,D,2024.0
503134,2024-10-29,SA,Cagliari Calcio,Bologna FC 1909,0,2,10.0,A,2024.0
503139,2024-10-29,SA,US Lecce,Hellas Verona FC,1,0,10.0,H,2024.0
503140,2024-10-29,SA,AC Milan,SSC Napoli,0,2,10.0,A,2024.0
503142,2024-10-30,SA,Venezia FC,Udinese Calcio,3,2,10.0,H,2024.0
503138,2024-10-30,SA,Juventus FC,Parma Calcio 1913,2,2,10.0,D,2024.0
503136,2024-10-30,SA,Empoli FC,FC Internazionale Milano,0,3,10.0,A,2024.0
503133,2024-10-30,SA,Atalanta BC,AC Monza,2,0,10.0,H,2024.0
503135,2024-10-31,SA,Como 1907,SS Lazio,1,5,10.0,A,2024.0
503141,2024-10-31,SA,AS Roma,Torino FC,1,0,10.0,H,2024.0
503137,2024-10-31,SA,Genoa CFC,ACF Fiorentina,0,1,10.0,A,2024.0
502443,2024-11-01,BL1,Bayer 04 Leverkusen,VfB Stuttgart,0,0,9.0,D,2024.0
498034,2024-11-01,FL1,AS Monaco FC,Angers SCO,0,1,10.0,A,2024.0
498727,2024-11-01,PD,Deportivo Alavés,RCD Mallorca,1,0,12.0,H,2024.0
498037,2024-11-01,FL1,Lille OSC,Olympique Lyonnais,1,1,10.0,D,2024.0
503152,2024-11-02,SA,Udinese Calcio,Juventus FC,0,2,11.0,A,2024.0
503143,2024-11-02,SA,Bologna FC 1909,US Lecce,1,0,11.0,H,2024.0
498728,2024-11-02,PD,Girona FC,CD Leganés,4,3,12.0,H,2024.0
498725,2024-11-02,PD,CA Osasuna,Real Valladolid CF,1,0,12.0,H,2024.0
497500,2024-11-02,PL,AFC Bournemouth,Manchester City FC,2,1,10.0,H,2024.0
497509,2024-11-02,PL,Wolverhampton Wanderers FC,Crystal Palace FC,2,2,10.0,D,2024.0
497507,2024-11-02,PL,Southampton FC,Everton FC,1,0,10.0,H,2024.0
503148,2024-11-02,SA,AC Monza,AC Milan,0,1,11.0,A,2024.0
497506,2024-11-02,PL,Nottingham Forest FC,West Ham United FC,3,0,10.0,H,2024.0
497505,2024-11-02,PL,Newcastle United FC,Arsenal FC,1,0,10.0,H,2024.0
497503,2024-11-02,PL,Liverpool FC,Brighton & Hove Albion FC,2,1,10.0,H,2024.0
498038,2024-11-02,FL1,AS Saint-Étienne,RC Strasbourg Alsace,2,0,10.0,H,2024.0
502447,2024-11-02,BL1,TSG 1899 Hoffenheim,FC St. Pauli 1910,0,2,9.0,A,2024.0
502444,2024-11-02,BL1,FC Bayern München,1. FC Union Berlin,3,0,9.0,H,2024.0
498039,2024-11-02,FL1,Stade Brestois 29,OGC Nice,0,1,10.0,A,2024.0
502449,2024-11-02,BL1,VfL Wolfsburg,FC Augsburg,1,1,9.0,D,2024.0
498040,2024-11-02,FL1,Paris Saint-Germain FC,Racing Club de Lens,1,0,10.0,H,2024.0
502451,2024-11-02,BL1,Holstein Kiel,1. FC Heidenheim 1846,1,0,9.0,H,2024.0
497502,2024-11-02,PL,Ipswich Town FC,Leicester City FC,1,1,10.0,D,2024.0
502446,2024-11-02,BL1,Eintracht Frankfurt,VfL Bochum 1848,7,2,9.0,H,2024.0
502445,2024-11-02,BL1,Borussia Dortmund,RB Leipzig,2,1,9.0,H,2024.0
502450,2024-11-03,BL1,Borussia Mönchengladbach,SV Werder Bremen,4,1,9.0,H,2024.0
498732,2024-11-03,PD,FC Barcelona,RCD Espanyol de Barcelona,3,1,12.0,H,2024.0
497508,2024-11-03,PL,Tottenham Hotspur FC,Aston Villa FC,4,1,10.0,H,2024.0
497504,2024-11-03,PL,Manchester United FC,Chelsea FC,1,1,10.0,D,2024.0
498724,2024-11-03,PD,Club Atlético de Madrid,UD Las Palmas,2,0,12.0,H,2024.0
498036,2024-11-03,FL1,FC Nantes,Olympique de Marseille,1,2,10.0,A,2024.0
498729,2024-11-03,PD,Sevilla FC,Real Sociedad de Fútbol,0,2,12.0,A,2024.0
498723,2024-11-03,PD,Athletic Club,Real Betis Balompié,1,1,12.0,D,2024.0
503145,2024-11-03,SA,Hellas Verona FC,AS Roma,3,2,11.0,H,2024.0
498035,2024-11-03,FL1,Le Havre AC,Montpellier HSC,1,0,10.0,H,2024.0
498032,2024-11-03,FL1,AJ Auxerre,Stade Rennais FC 1901,4,0,10.0,H,2024.0
498033,2024-11-03,FL1,Toulouse FC,Stade de Reims,1,0,10.0,H,2024.0
503146,2024-11-03,SA,FC Internazionale Milano,Venezia FC,1,0,11.0,H,2024.0
502448,2024-11-03,BL1,SC Freiburg,1. FSV Mainz 05,0,0,9.0,D,2024.0
503149,2024-11-03,SA,SSC Napoli,Atalanta BC,0,3,11.0,A,2024.0
503151,2024-11-03,SA,Torino FC,ACF Fiorentina,0,1,11.0,A,2024.0
503147,2024-11-04,SA,SS Lazio,Cagliari Calcio,2,1,11.0,H,2024.0
503150,2024-11-04,SA,Parma Calcio 1913,Genoa CFC,0,1,11.0,A,2024.0
503144,2024-11-04,SA,Empoli FC,Como 1907,1,0,11.0,H,2024.0
497501,2024-11-04,PL,Fulham FC,Brentford FC,2,1,10.0,H,2024.0
498726,2024-11-04,PD,RC Celta de Vigo,Getafe CF,1,0,12.0,H,2024.0
523965,2024-11-05,CL,Real Madrid CF,AC Milan,1,3,4.0,A,2024.0
524004,2024-11-05,CL,Celtic FC,RB Leipzig,3,1,4.0,H,2024.0
523939,2024-11-05,CL,Borussia Dortmund,SK Sturm Graz,1,0,4.0,H,2024.0
524017,2024-11-05,CL,Lille OSC,Juventus FC,1,1,4.0,D,2024.0
524032,2024-11-05,CL,Sporting Clube de Portugal,Manchester City FC,4,1,4.0,H,2024.0
524051,2024-11-05,CL,Bologna FC 1909,AS Monaco FC,0,1,4.0,A,2024.0
524023,2024-11-05,CL,PSV,Girona FC,4,0,4.0,H,2024.0
524058,2024-11-05,CL,ŠK Slovan Bratislava,GNK Dinamo Zagreb,1,4,4.0,A,2024.0
523945,2024-11-05,CL,Liverpool FC,Bayer 04 Leverkusen,4,0,4.0,H,2024.0
523949,2024-11-06,CL,FC Internazionale Milano,Arsenal FC,1,0,4.0,H,2024.0
524028,2024-11-06,CL,FK Crvena Zvezda,FC Barcelona,2,5,4.0,A,2024.0
524014,2024-11-06,CL,Feyenoord Rotterdam,FC Red Bull Salzburg,1,3,4.0,A,2024.0
523957,2024-11-06,CL,Paris Saint-Germain FC,Club Atlético de Madrid,1,2,4.0,A,2024.0
524002,2024-11-06,CL,FK Shakhtar Donetsk,BSC Young Boys,2,1,4.0,H,2024.0
523933,2024-11-06,CL,FC Bayern München,Sport Lisboa e Benfica,1,0,4.0,H,2024.0
524063,2024-11-06,CL,AC Sparta Praha,Stade Brestois 29,1,2,4.0,A,2024.0
523991,2024-11-06,CL,Club Brugge KV,Aston Villa FC,1,0,4.0,H,2024.0
524073,2024-11-06,CL,VfB Stuttgart,Atalanta BC,0,2,4.0,A,2024.0
503156,2024-11-07,SA,Genoa CFC,Como 1907,1,1,12.0,D,2024.0
498041,2024-11-08,FL1,Olympique de Marseille,AJ Auxerre,1,3,11.0,A,2024.0
503159,2024-11-08,SA,US Lecce,Empoli FC,1,1,12.0,D,2024.0
498737,2024-11-08,PD,Rayo Vallecano de Madrid,UD Las Palmas,1,3,13.0,A,2024.0
502458,2024-11-08,BL1,1. FC Union Berlin,SC Freiburg,0,0,10.0,D,2024.0
497511,2024-11-09,PL,Brighton & Hove Albion FC,Manchester City FC,2,1,11.0,H,2024.0
498049,2024-11-09,FL1,Angers SCO,Paris Saint-Germain FC,2,4,11.0,A,2024.0
497513,2024-11-09,PL,Crystal Palace FC,Fulham FC,0,2,11.0,A,2024.0
497518,2024-11-09,PL,West Ham United FC,Everton FC,0,0,11.0,D,2024.0
497519,2024-11-09,PL,Wolverhampton Wanderers FC,Southampton FC,2,0,11.0,H,2024.0
497514,2024-11-09,PL,Liverpool FC,Aston Villa FC,2,0,11.0,H,2024.0
497510,2024-11-09,PL,Brentford FC,AFC Bournemouth,3,2,11.0,H,2024.0
498046,2024-11-09,FL1,Racing Club de Lens,FC Nantes,3,2,11.0,H,2024.0
503154,2024-11-09,SA,Cagliari Calcio,AC Milan,3,3,12.0,D,2024.0
503158,2024-11-09,SA,Juventus FC,Torino FC,2,0,12.0,H,2024.0
498734,2024-11-09,PD,CD Leganés,Sevilla FC,1,0,13.0,H,2024.0
498736,2024-11-09,PD,Villarreal CF,Deportivo Alavés,3,0,13.0,H,2024.0
498045,2024-11-09,FL1,RC Strasbourg Alsace,AS Monaco FC,1,3,11.0,A,2024.0
502453,2024-11-09,BL1,RB Leipzig,Borussia Mönchengladbach,0,0,10.0,D,2024.0
498739,2024-11-09,PD,Real Madrid CF,CA Osasuna,4,0,13.0,H,2024.0
502460,2024-11-09,BL1,FC St. Pauli 1910,FC Bayern München,0,1,10.0,A,2024.0
502459,2024-11-09,BL1,VfL Bochum 1848,Bayer 04 Leverkusen,1,1,10.0,D,2024.0
502457,2024-11-09,BL1,1. FSV Mainz 05,Borussia Dortmund,3,1,10.0,H,2024.0
502455,2024-11-09,BL1,SV Werder Bremen,Holstein Kiel,2,1,10.0,H,2024.0
503162,2024-11-09,SA,Venezia FC,Parma Calcio 1913,1,2,12.0,A,2024.0
503155,2024-11-10,SA,ACF Fiorentina,Hellas Verona FC,3,1,12.0,H,2024.0
497517,2024-11-10,PL,Tottenham Hotspur FC,Ipswich Town FC,1,2,11.0,A,2024.0
498044,2024-11-10,FL1,Le Havre AC,Stade de Reims,0,3,11.0,A,2024.0
503153,2024-11-10,SA,Atalanta BC,Udinese Calcio,2,1,12.0,H,2024.0
502452,2024-11-10,BL1,VfB Stuttgart,Eintracht Frankfurt,2,3,10.0,A,2024.0
503161,2024-11-10,SA,AS Roma,Bologna FC 1909,2,3,12.0,A,2024.0
503157,2024-11-10,SA,FC Internazionale Milano,SSC Napoli,1,1,12.0,D,2024.0
503160,2024-11-10,SA,AC Monza,SS Lazio,0,1,12.0,A,2024.0
502454,2024-11-10,BL1,1. FC Heidenheim 1846,VfL Wolfsburg,1,3,10.0,A,2024.0
498042,2024-11-10,FL1,Olympique Lyonnais,AS Saint-Étienne,1,0,11.0,H,2024.0
498043,2024-11-10,FL1,Montpellier HSC,Stade Brestois 29,3,1,11.0,H,2024.0
498741,2024-11-10,PD,Real Valladolid CF,Athletic Club,1,1,13.0,D,2024.0
498047,2024-11-10,FL1,Stade Rennais FC 1901,Toulouse FC,0,2,11.0,A,2024.0
497512,2024-11-10,PL,Chelsea FC,Arsenal FC,1,1,11.0,D,2024.0
497515,2024-11-10,PL,Manchester United FC,Leicester City FC,3,0,11.0,H,2024.0
497516,2024-11-10,PL,Nottingham Forest FC,Newcastle United FC,1,3,11.0,A,2024.0
498738,2024-11-10,PD,RCD Mallorca,Club Atlético de Madrid,0,1,13.0,A,2024.0
498733,2024-11-10,PD,Real Betis Balompié,RC Celta de Vigo,2,2,13.0,D,2024.0
498740,2024-11-10,PD,Real Sociedad de Fútbol,FC Barcelona,1,0,13.0,H,2024.0
498735,2024-11-10,PD,Getafe CF,Girona FC,0,1,13.0,A,2024.0
502456,2024-11-10,BL1,FC Augsburg,TSG 1899 Hoffenheim,0,0,10.0,D,2024.0
498048,2024-11-10,FL1,OGC Nice,Lille OSC,2,2,11.0,D,2024.0
498050,2024-11-22,FL1,Paris Saint-Germain FC,Toulouse FC,3,0,12.0,H,2024.0
498056,2024-11-22,FL1,AS Monaco FC,Stade Brestois 29,3,2,12.0,H,2024.0
498748,2024-11-22,PD,Getafe CF,Real Valladolid CF,2,0,14.0,H,2024.0
502463,2024-11-22,BL1,FC Bayern München,FC Augsburg,3,0,11.0,H,2024.0
498744,2024-11-23,PD,Club Atlético de Madrid,Deportivo Alavés,2,1,14.0,H,2024.0
498053,2024-11-23,FL1,AS Saint-Étienne,Montpellier HSC,1,0,12.0,H,2024.0
498051,2024-11-23,FL1,Racing Club de Lens,Olympique de Marseille,1,3,12.0,A,2024.0
502467,2024-11-23,BL1,VfL Wolfsburg,1. FC Union Berlin,1,0,11.0,H,2024.0
502462,2024-11-23,BL1,VfB Stuttgart,VfL Bochum 1848,2,0,11.0,H,2024.0
502461,2024-11-23,BL1,Bayer 04 Leverkusen,1. FC Heidenheim 1846,5,2,11.0,H,2024.0
502465,2024-11-23,BL1,Eintracht Frankfurt,SV Werder Bremen,1,0,11.0,H,2024.0
502466,2024-11-23,BL1,TSG 1899 Hoffenheim,RB Leipzig,4,3,11.0,H,2024.0
502464,2024-11-23,BL1,Borussia Dortmund,SC Freiburg,4,0,11.0,H,2024.0
497527,2024-11-23,PL,Manchester City FC,Tottenham Hotspur FC,0,4,12.0,A,2024.0
498058,2024-11-23,FL1,Stade de Reims,Olympique Lyonnais,1,1,12.0,D,2024.0
503170,2024-11-23,SA,Parma Calcio 1913,Atalanta BC,1,3,13.0,A,2024.0
497522,2024-11-23,PL,Aston Villa FC,Crystal Palace FC,2,2,12.0,D,2024.0
503166,2024-11-23,SA,Hellas Verona FC,FC Internazionale Milano,0,5,13.0,A,2024.0
497523,2024-11-23,PL,Everton FC,Brentford FC,0,0,12.0,D,2024.0
497520,2024-11-23,PL,AFC Bournemouth,Brighton & Hove Albion FC,1,2,12.0,A,2024.0
497526,2024-11-23,PL,Leicester City FC,Chelsea FC,1,2,12.0,A,2024.0
497524,2024-11-23,PL,Fulham FC,Wolverhampton Wanderers FC,1,4,12.0,A,2024.0
497521,2024-11-23,PL,Arsenal FC,Nottingham Forest FC,3,0,12.0,H,2024.0
498750,2024-11-23,PD,Valencia CF,Real Betis Balompié,4,2,14.0,H,2024.0
498751,2024-11-23,PD,UD Las Palmas,RCD Mallorca,2,3,14.0,A,2024.0
498752,2024-11-23,PD,Girona FC,RCD Espanyol de Barcelona,4,1,14.0,H,2024.0
498747,2024-11-23,PD,RC Celta de Vigo,FC Barcelona,2,2,14.0,D,2024.0
503168,2024-11-23,SA,AC Milan,Juventus FC,0,0,13.0,D,2024.0
497529,2024-11-24,PL,Southampton FC,Liverpool FC,2,3,12.0,A,2024.0
502469,2024-11-24,BL1,Holstein Kiel,1. FSV Mainz 05,0,3,11.0,A,2024.0
503167,2024-11-24,SA,SS Lazio,Bologna FC 1909,3,0,13.0,H,2024.0
503169,2024-11-24,SA,SSC Napoli,AS Roma,1,0,13.0,H,2024.0
503171,2024-11-24,SA,Torino FC,AC Monza,1,1,13.0,D,2024.0
497525,2024-11-24,PL,Ipswich Town FC,Manchester United FC,1,1,12.0,D,2024.0
503163,2024-11-24,SA,Como 1907,ACF Fiorentina,0,2,13.0,A,2024.0
503165,2024-11-24,SA,Genoa CFC,Cagliari Calcio,2,2,13.0,D,2024.0
498054,2024-11-24,FL1,Lille OSC,Stade Rennais FC 1901,1,0,12.0,H,2024.0
502468,2024-11-24,BL1,Borussia Mönchengladbach,FC St. Pauli 1910,2,0,11.0,H,2024.0
498746,2024-11-24,PD,CD Leganés,Real Madrid CF,0,3,14.0,A,2024.0
498745,2024-11-24,PD,CA Osasuna,Villarreal CF,2,2,14.0,D,2024.0
498052,2024-11-24,FL1,OGC Nice,RC Strasbourg Alsace,2,1,12.0,H,2024.0
498743,2024-11-24,PD,Athletic Club,Real Sociedad de Fútbol,1,0,14.0,H,2024.0
498749,2024-11-24,PD,Sevilla FC,Rayo Vallecano de Madrid,1,0,14.0,H,2024.0
498057,2024-11-24,FL1,AJ Auxerre,Angers SCO,1,0,12.0,H,2024.0
498055,2024-11-24,FL1,FC Nantes,Le Havre AC,0,2,12.0,A,2024.0
503164,2024-11-25,SA,Empoli FC,Udinese Calcio,1,1,13.0,D,2024.0
497528,2024-11-25,PL,Newcastle United FC,West Ham United FC,0,2,12.0,A,2024.0
503172,2024-11-25,SA,Venezia FC,US Lecce,0,1,13.0,A,2024.0
524037,2024-11-26,CL,BSC Young Boys,Atalanta BC,1,6,5.0,A,2024.0
523982,2024-11-26,CL,Bayer 04 Leverkusen,FC Red Bull Salzburg,5,0,5.0,H,2024.0
523932,2024-11-26,CL,FC Bayern München,Paris Saint-Germain FC,1,0,5.0,H,2024.0
523954,2024-11-26,CL,Manchester City FC,Feyenoord Rotterdam,3,3,5.0,D,2024.0
523943,2024-11-26,CL,FC Barcelona,Stade Brestois 29,3,0,5.0,H,2024.0
523948,2024-11-26,CL,FC Internazionale Milano,RB Leipzig,1,0,5.0,H,2024.0
524033,2024-11-26,CL,Sporting Clube de Portugal,Arsenal FC,1,5,5.0,A,2024.0
524061,2024-11-26,CL,AC Sparta Praha,Club Atlético de Madrid,0,6,5.0,A,2024.0
524057,2024-11-26,CL,ŠK Slovan Bratislava,AC Milan,2,3,5.0,A,2024.0
524050,2024-11-27,CL,Bologna FC 1909,Lille OSC,1,2,5.0,A,2024.0
524031,2024-11-27,CL,FK Crvena Zvezda,VfB Stuttgart,5,1,5.0,H,2024.0
524005,2024-11-27,CL,Celtic FC,Club Brugge KV,1,1,5.0,D,2024.0
524008,2024-11-27,CL,GNK Dinamo Zagreb,Borussia Dortmund,0,3,5.0,A,2024.0
524071,2024-11-27,CL,SK Sturm Graz,Girona FC,1,0,5.0,H,2024.0
524045,2024-11-27,CL,Aston Villa FC,Juventus FC,0,0,5.0,D,2024.0
524021,2024-11-27,CL,PSV,FK Shakhtar Donetsk,3,2,5.0,H,2024.0
524041,2024-11-27,CL,AS Monaco FC,Sport Lisboa e Benfica,2,3,5.0,A,2024.0
523944,2024-11-27,CL,Liverpool FC,Real Madrid CF,2,0,5.0,H,2024.0
498059,2024-11-29,FL1,Stade de Reims,Racing Club de Lens,0,2,13.0,A,2024.0
497531,2024-11-29,PL,Brighton & Hove Albion FC,Southampton FC,1,1,13.0,D,2024.0
503174,2024-11-29,SA,Cagliari Calcio,Hellas Verona FC,1,0,14.0,H,2024.0
498758,2024-11-29,PD,RCD Mallorca,Valencia CF,2,1,15.0,H,2024.0
502478,2024-11-29,BL1,FC St. Pauli 1910,Holstein Kiel,3,1,12.0,H,2024.0
498754,2024-11-30,PD,FC Barcelona,UD Las Palmas,1,2,15.0,A,2024.0
497533,2024-11-30,PL,Crystal Palace FC,Newcastle United FC,1,1,13.0,D,2024.0
497530,2024-11-30,PL,Brentford FC,Leicester City FC,4,1,13.0,H,2024.0
498065,2024-11-30,FL1,Paris Saint-Germain FC,FC Nantes,1,1,13.0,D,2024.0
498063,2024-11-30,FL1,Stade Brestois 29,RC Strasbourg Alsace,3,1,13.0,H,2024.0
498060,2024-11-30,FL1,Stade Rennais FC 1901,AS Saint-Étienne,5,0,13.0,H,2024.0
502471,2024-11-30,BL1,Borussia Dortmund,FC Bayern München,1,1,12.0,D,2024.0
497536,2024-11-30,PL,Nottingham Forest FC,Ipswich Town FC,1,0,13.0,H,2024.0
497539,2024-11-30,PL,Wolverhampton Wanderers FC,AFC Bournemouth,2,4,13.0,A,2024.0
498762,2024-11-30,PD,RCD Espanyol de Barcelona,RC Celta de Vigo,3,1,15.0,H,2024.0
497538,2024-11-30,PL,West Ham United FC,Arsenal FC,2,5,13.0,A,2024.0
503178,2024-11-30,SA,AC Milan,Empoli FC,3,0,14.0,H,2024.0
503175,2024-11-30,SA,Como 1907,AC Monza,1,1,14.0,D,2024.0
502475,2024-11-30,BL1,FC Augsburg,VfL Bochum 1848,1,0,12.0,H,2024.0
502474,2024-11-30,BL1,SC Freiburg,Borussia Mönchengladbach,3,1,12.0,H,2024.0
502473,2024-11-30,BL1,SV Werder Bremen,VfB Stuttgart,2,2,12.0,D,2024.0
502477,2024-11-30,BL1,1. FC Union Berlin,Bayer 04 Leverkusen,1,2,12.0,A,2024.0
498753,2024-11-30,PD,Deportivo Alavés,CD Leganés,1,1,15.0,D,2024.0
498761,2024-11-30,PD,Real Valladolid CF,Club Atlético de Madrid,0,5,15.0,A,2024.0
503173,2024-11-30,SA,Bologna FC 1909,Venezia FC,3,0,14.0,H,2024.0
502470,2024-11-30,BL1,RB Leipzig,VfL Wolfsburg,1,5,12.0,A,2024.0
503177,2024-12-01,SA,US Lecce,Juventus FC,1,1,14.0,D,2024.0
497534,2024-12-01,PL,Liverpool FC,Manchester City FC,2,0,13.0,H,2024.0
497537,2024-12-01,PL,Tottenham Hotspur FC,Fulham FC,1,1,13.0,D,2024.0
497535,2024-12-01,PL,Manchester United FC,Everton FC,4,0,13.0,H,2024.0
497532,2024-12-01,PL,Chelsea FC,Aston Villa FC,3,0,13.0,H,2024.0
502476,2024-12-01,BL1,1. FSV Mainz 05,TSG 1899 Hoffenheim,2,0,12.0,H,2024.0
502472,2024-12-01,BL1,1. FC Heidenheim 1846,Eintracht Frankfurt,0,4,12.0,A,2024.0
498064,2024-12-01,FL1,Montpellier HSC,Lille OSC,2,2,13.0,D,2024.0
498066,2024-12-01,FL1,Olympique de Marseille,AS Monaco FC,2,1,13.0,H,2024.0
503179,2024-12-01,SA,Parma Calcio 1913,SS Lazio,3,1,14.0,H,2024.0
498760,2024-12-01,PD,Real Sociedad de Fútbol,Real Betis Balompié,2,0,15.0,H,2024.0
503181,2024-12-01,SA,Torino FC,SSC Napoli,0,1,14.0,A,2024.0
503182,2024-12-01,SA,Udinese Calcio,Genoa CFC,0,2,14.0,A,2024.0
498062,2024-12-01,FL1,Toulouse FC,AJ Auxerre,2,0,13.0,H,2024.0
498067,2024-12-01,FL1,Olympique Lyonnais,OGC Nice,4,1,13.0,H,2024.0
498759,2024-12-01,PD,Real Madrid CF,Getafe CF,2,0,15.0,H,2024.0
498756,2024-12-01,PD,Villarreal CF,Girona FC,2,2,15.0,D,2024.0
498757,2024-12-01,PD,Rayo Vallecano de Madrid,Athletic Club,1,2,15.0,A,2024.0
498061,2024-12-01,FL1,Le Havre AC,Angers SCO,0,1,13.0,A,2024.0
498755,2024-12-02,PD,Sevilla FC,CA Osasuna,1,1,15.0,D,2024.0
503180,2024-12-02,SA,AS Roma,Atalanta BC,0,2,14.0,A,2024.0
497546,2024-12-03,PL,Leicester City FC,West Ham United FC,3,1,14.0,H,2024.0
498798,2024-12-03,PD,RCD Mallorca,FC Barcelona,1,5,19.0,A,2024.0
497545,2024-12-03,PL,Ipswich Town FC,Crystal Palace FC,0,1,14.0,A,2024.0
497542,2024-12-04,PL,Aston Villa FC,Brentford FC,3,1,14.0,H,2024.0
497549,2024-12-04,PL,Southampton FC,Chelsea FC,1,5,14.0,A,2024.0
497541,2024-12-04,PL,Arsenal FC,Manchester United FC,2,0,14.0,H,2024.0
497548,2024-12-04,PL,Newcastle United FC,Liverpool FC,3,3,14.0,D,2024.0
497547,2024-12-04,PL,Manchester City FC,Nottingham Forest FC,3,0,14.0,H,2024.0
497543,2024-12-04,PL,Everton FC,Wolverhampton Wanderers FC,4,0,14.0,H,2024.0
498793,2024-12-04,PD,Athletic Club,Real Madrid CF,2,1,19.0,H,2024.0
497540,2024-12-05,PL,AFC Bournemouth,Tottenham Hotspur FC,1,0,14.0,H,2024.0
497544,2024-12-05,PL,Fulham FC,Brighton & Hove Albion FC,3,1,14.0,H,2024.0
498069,2024-12-06,FL1,AJ Auxerre,Paris Saint-Germain FC,0,0,14.0,D,2024.0
502480,2024-12-06,BL1,VfB Stuttgart,1. FC Union Berlin,3,2,13.0,H,2024.0
503187,2024-12-06,SA,FC Internazionale Milano,Parma Calcio 1913,3,1,15.0,H,2024.0
498072,2024-12-06,FL1,Lille OSC,Stade Brestois 29,3,1,14.0,H,2024.0
498768,2024-12-06,PD,RC Celta de Vigo,RCD Mallorca,2,0,16.0,H,2024.0
503183,2024-12-06,SA,Atalanta BC,AC Milan,2,1,15.0,H,2024.0
503191,2024-12-07,SA,AS Roma,US Lecce,4,1,15.0,H,2024.0
498770,2024-12-07,PD,Valencia CF,Rayo Vallecano de Madrid,0,1,16.0,A,2024.0
498769,2024-12-07,PD,Girona FC,Real Madrid CF,0,3,16.0,A,2024.0
497552,2024-12-07,PL,Crystal Palace FC,Manchester City FC,2,2,15.0,D,2024.0
498771,2024-12-07,PD,UD Las Palmas,Real Valladolid CF,2,1,16.0,H,2024.0
502479,2024-12-07,BL1,Bayer 04 Leverkusen,FC St. Pauli 1910,2,1,13.0,H,2024.0
502481,2024-12-07,BL1,FC Bayern München,1. FC Heidenheim 1846,4,2,13.0,H,2024.0
503185,2024-12-07,SA,Genoa CFC,Torino FC,0,0,15.0,D,2024.0
502482,2024-12-07,BL1,Eintracht Frankfurt,FC Augsburg,2,2,13.0,D,2024.0
498765,2024-12-07,PD,Real Betis Balompié,FC Barcelona,2,2,16.0,D,2024.0
497550,2024-12-07,PL,Aston Villa FC,Southampton FC,1,0,15.0,H,2024.0
497551,2024-12-07,PL,Brentford FC,Newcastle United FC,4,2,15.0,H,2024.0
498071,2024-12-07,FL1,Angers SCO,Olympique Lyonnais,0,3,14.0,A,2024.0
498068,2024-12-07,FL1,OGC Nice,Le Havre AC,2,1,14.0,H,2024.0
498076,2024-12-07,FL1,AS Monaco FC,Toulouse FC,2,0,14.0,H,2024.0
503188,2024-12-07,SA,Juventus FC,Bologna FC 1909,2,2,15.0,D,2024.0
502486,2024-12-07,BL1,VfL Bochum 1848,SV Werder Bremen,0,1,13.0,A,2024.0
502485,2024-12-07,BL1,Borussia Mönchengladbach,Borussia Dortmund,1,1,13.0,D,2024.0
497557,2024-12-07,PL,Manchester United FC,Nottingham Forest FC,2,3,15.0,A,2024.0
502487,2024-12-07,BL1,Holstein Kiel,RB Leipzig,0,2,13.0,A,2024.0
498767,2024-12-08,PD,CD Leganés,Real Sociedad de Fútbol,0,3,16.0,A,2024.0
497558,2024-12-08,PL,Tottenham Hotspur FC,Chelsea FC,3,4,15.0,A,2024.0
498073,2024-12-08,FL1,Racing Club de Lens,Montpellier HSC,2,0,14.0,H,2024.0
498075,2024-12-08,FL1,FC Nantes,Stade Rennais FC 1901,1,0,14.0,H,2024.0
498070,2024-12-08,FL1,AS Saint-Étienne,Olympique de Marseille,0,2,14.0,A,2024.0
498074,2024-12-08,FL1,RC Strasbourg Alsace,Stade de Reims,0,0,14.0,D,2024.0
497555,2024-12-08,PL,Ipswich Town FC,AFC Bournemouth,1,2,15.0,A,2024.0
498763,2024-12-08,PD,Athletic Club,Villarreal CF,2,0,16.0,H,2024.0
497556,2024-12-08,PL,Leicester City FC,Brighton & Hove Albion FC,2,2,15.0,D,2024.0
498764,2024-12-08,PD,Club Atlético de Madrid,Sevilla FC,4,3,16.0,H,2024.0
497554,2024-12-08,PL,Fulham FC,Arsenal FC,1,1,15.0,D,2024.0
503186,2024-12-08,SA,Hellas Verona FC,Empoli FC,1,4,15.0,A,2024.0
503184,2024-12-08,SA,ACF Fiorentina,Cagliari Calcio,1,0,15.0,H,2024.0
502484,2024-12-08,BL1,VfL Wolfsburg,1. FSV Mainz 05,4,3,13.0,H,2024.0
502483,2024-12-08,BL1,TSG 1899 Hoffenheim,SC Freiburg,1,1,13.0,D,2024.0
503190,2024-12-08,SA,SSC Napoli,SS Lazio,0,1,15.0,A,2024.0
503192,2024-12-08,SA,Venezia FC,Como 1907,2,2,15.0,D,2024.0
498766,2024-12-08,PD,CA Osasuna,Deportivo Alavés,2,2,16.0,D,2024.0
498772,2024-12-09,PD,Getafe CF,RCD Espanyol de Barcelona,1,0,16.0,H,2024.0
497559,2024-12-09,PL,West Ham United FC,Wolverhampton Wanderers FC,2,1,15.0,H,2024.0
503189,2024-12-09,SA,AC Monza,Udinese Calcio,1,2,15.0,A,2024.0
524010,2024-12-10,CL,GNK Dinamo Zagreb,Celtic FC,0,0,6.0,D,2024.0
523990,2024-12-10,CL,Club Brugge KV,Sporting Clube de Portugal,2,1,6.0,H,2024.0
524052,2024-12-10,CL,Girona FC,Liverpool FC,0,1,6.0,A,2024.0
524066,2024-12-10,CL,Stade Brestois 29,PSV,1,0,6.0,H,2024.0
524024,2024-12-10,CL,FC Red Bull Salzburg,Paris Saint-Germain FC,0,3,6.0,A,2024.0
523972,2024-12-10,CL,Atalanta BC,Real Madrid CF,2,3,6.0,A,2024.0
523980,2024-12-10,CL,Bayer 04 Leverkusen,FC Internazionale Milano,1,0,6.0,H,2024.0
524000,2024-12-10,CL,FK Shakhtar Donetsk,FC Bayern München,1,5,6.0,A,2024.0
523963,2024-12-10,CL,RB Leipzig,Aston Villa FC,2,3,6.0,A,2024.0
523995,2024-12-11,CL,Arsenal FC,AS Monaco FC,3,0,6.0,H,2024.0
523979,2024-12-11,CL,Club Atlético de Madrid,ŠK Slovan Bratislava,3,1,6.0,H,2024.0
524015,2024-12-11,CL,Feyenoord Rotterdam,AC Sparta Praha,4,2,6.0,H,2024.0
523987,2024-12-11,CL,Sport Lisboa e Benfica,Bologna FC 1909,0,0,6.0,D,2024.0
524019,2024-12-11,CL,Lille OSC,SK Sturm Graz,3,2,6.0,H,2024.0
523936,2024-12-11,CL,Borussia Dortmund,FC Barcelona,2,3,6.0,A,2024.0
524074,2024-12-11,CL,VfB Stuttgart,BSC Young Boys,5,1,6.0,H,2024.0
523996,2024-12-11,CL,Juventus FC,Manchester City FC,2,0,6.0,H,2024.0
523970,2024-12-11,CL,AC Milan,FK Crvena Zvezda,2,1,6.0,H,2024.0
502491,2024-12-13,BL1,SC Freiburg,VfL Wolfsburg,3,2,14.0,H,2024.0
503196,2024-12-13,SA,Empoli FC,Torino FC,0,1,16.0,A,2024.0
498081,2024-12-13,FL1,Toulouse FC,AS Saint-Étienne,2,1,15.0,H,2024.0
498781,2024-12-13,PD,Real Valladolid CF,Valencia CF,1,0,17.0,H,2024.0
503202,2024-12-14,SA,Udinese Calcio,SSC Napoli,1,3,16.0,A,2024.0
503197,2024-12-14,SA,Juventus FC,Venezia FC,2,2,16.0,D,2024.0
497569,2024-12-14,PL,Wolverhampton Wanderers FC,Ipswich Town FC,1,2,16.0,A,2024.0
498778,2024-12-14,PD,Rayo Vallecano de Madrid,Real Madrid CF,3,3,17.0,D,2024.0
502496,2024-12-14,BL1,FC Augsburg,Bayer 04 Leverkusen,0,2,14.0,A,2024.0
498079,2024-12-14,FL1,Stade de Reims,AS Monaco FC,0,0,15.0,D,2024.0
502492,2024-12-14,BL1,1. FSV Mainz 05,FC Bayern München,2,1,14.0,H,2024.0
502495,2024-12-14,BL1,FC St. Pauli 1910,SV Werder Bremen,0,2,14.0,A,2024.0
498080,2024-12-14,FL1,AJ Auxerre,Racing Club de Lens,2,2,15.0,D,2024.0
502493,2024-12-14,BL1,Borussia Mönchengladbach,Holstein Kiel,4,1,14.0,H,2024.0
497564,2024-12-14,PL,Liverpool FC,Fulham FC,2,2,16.0,D,2024.0
497561,2024-12-14,PL,Arsenal FC,Everton FC,0,0,16.0,D,2024.0
497567,2024-12-14,PL,Nottingham Forest FC,Aston Villa FC,2,1,16.0,H,2024.0
497566,2024-12-14,PL,Newcastle United FC,Leicester City FC,4,0,16.0,H,2024.0
498779,2024-12-14,PD,RCD Mallorca,Girona FC,2,1,17.0,H,2024.0
498782,2024-12-14,PD,RCD Espanyol de Barcelona,CA Osasuna,0,0,17.0,D,2024.0
503194,2024-12-14,SA,Cagliari Calcio,Atalanta BC,0,1,16.0,A,2024.0
498776,2024-12-14,PD,Sevilla FC,RC Celta de Vigo,1,0,17.0,H,2024.0
498084,2024-12-14,FL1,Olympique de Marseille,Lille OSC,1,1,15.0,D,2024.0
502488,2024-12-15,BL1,RB Leipzig,Eintracht Frankfurt,2,1,14.0,H,2024.0
498773,2024-12-15,PD,Club Atlético de Madrid,Getafe CF,1,0,17.0,H,2024.0
498774,2024-12-15,PD,Deportivo Alavés,Athletic Club,1,1,17.0,D,2024.0
503199,2024-12-15,SA,US Lecce,AC Monza,2,1,16.0,H,2024.0
503200,2024-12-15,SA,AC Milan,Genoa CFC,0,0,16.0,D,2024.0
503195,2024-12-15,SA,Como 1907,AS Roma,2,0,16.0,H,2024.0
502489,2024-12-15,BL1,Borussia Dortmund,TSG 1899 Hoffenheim,1,1,14.0,D,2024.0
497563,2024-12-15,PL,Chelsea FC,Brentford FC,2,1,16.0,H,2024.0
498777,2024-12-15,PD,Villarreal CF,Real Betis Balompié,1,2,17.0,A,2024.0
502490,2024-12-15,BL1,1. FC Heidenheim 1846,VfB Stuttgart,1,3,14.0,A,2024.0
503201,2024-12-15,SA,Parma Calcio 1913,Hellas Verona FC,2,3,16.0,A,2024.0
497565,2024-12-15,PL,Manchester City FC,Manchester United FC,1,2,16.0,A,2024.0
503193,2024-12-15,SA,Bologna FC 1909,ACF Fiorentina,1,0,16.0,H,2024.0
497568,2024-12-15,PL,Southampton FC,Tottenham Hotspur FC,0,5,16.0,A,2024.0
498780,2024-12-15,PD,Real Sociedad de Fútbol,UD Las Palmas,0,0,17.0,D,2024.0
498775,2024-12-15,PD,FC Barcelona,CD Leganés,0,1,17.0,A,2024.0
498078,2024-12-15,FL1,Le Havre AC,RC Strasbourg Alsace,0,3,15.0,A,2024.0
498085,2024-12-15,FL1,Paris Saint-Germain FC,Olympique Lyonnais,3,1,15.0,H,2024.0
498083,2024-12-15,FL1,Stade Brestois 29,FC Nantes,4,1,15.0,H,2024.0
497562,2024-12-15,PL,Brighton & Hove Albion FC,Crystal Palace FC,1,3,16.0,A,2024.0
498077,2024-12-15,FL1,Stade Rennais FC 1901,Angers SCO,2,0,15.0,H,2024.0
498082,2024-12-15,FL1,Montpellier HSC,OGC Nice,2,2,15.0,D,2024.0
503198,2024-12-16,SA,SS Lazio,FC Internazionale Milano,0,6,16.0,A,2024.0
497560,2024-12-16,PL,AFC Bournemouth,West Ham United FC,1,1,16.0,D,2024.0
498731,2024-12-18,PD,Villarreal CF,Rayo Vallecano de Madrid,1,1,12.0,D,2024.0
498742,2024-12-18,PD,RCD Espanyol de Barcelona,Valencia CF,1,1,13.0,D,2024.0
498086,2024-12-18,FL1,AS Monaco FC,Paris Saint-Germain FC,2,4,16.0,A,2024.0
502499,2024-12-20,BL1,FC Bayern München,RB Leipzig,5,1,15.0,H,2024.0
498789,2024-12-20,PD,Girona FC,Real Valladolid CF,3,0,18.0,H,2024.0
503206,2024-12-20,SA,Hellas Verona FC,AC Milan,0,1,17.0,A,2024.0
498787,2024-12-21,PD,FC Barcelona,Club Atlético de Madrid,1,2,18.0,A,2024.0
502501,2024-12-21,BL1,TSG 1899 Hoffenheim,Borussia Mönchengladbach,1,2,15.0,A,2024.0
498786,2024-12-21,PD,RC Celta de Vigo,Real Sociedad de Fútbol,2,0,18.0,H,2024.0
498788,2024-12-21,PD,Getafe CF,RCD Mallorca,0,1,18.0,A,2024.0
497571,2024-12-21,PL,Brentford FC,Nottingham Forest FC,0,2,17.0,A,2024.0
497572,2024-12-21,PL,Crystal Palace FC,Arsenal FC,1,5,17.0,A,2024.0
502498,2024-12-21,BL1,VfB Stuttgart,FC St. Pauli 1910,0,1,15.0,A,2024.0
497579,2024-12-21,PL,West Ham United FC,Brighton & Hove Albion FC,1,1,17.0,D,2024.0
498784,2024-12-21,PD,CA Osasuna,Athletic Club,1,2,18.0,A,2024.0
502497,2024-12-21,BL1,Bayer 04 Leverkusen,SC Freiburg,5,1,15.0,H,2024.0
502500,2024-12-21,BL1,Eintracht Frankfurt,1. FSV Mainz 05,1,3,15.0,A,2024.0
503208,2024-12-21,SA,US Lecce,SS Lazio,1,2,17.0,A,2024.0
503205,2024-12-21,SA,Genoa CFC,SSC Napoli,1,2,17.0,A,2024.0
497575,2024-12-21,PL,Ipswich Town FC,Newcastle United FC,0,4,17.0,A,2024.0
497570,2024-12-21,PL,Aston Villa FC,Manchester City FC,2,1,17.0,H,2024.0
502505,2024-12-21,BL1,Holstein Kiel,FC Augsburg,5,1,15.0,H,2024.0
502502,2024-12-21,BL1,SV Werder Bremen,1. FC Union Berlin,4,1,15.0,H,2024.0
503211,2024-12-21,SA,Torino FC,Bologna FC 1909,0,2,17.0,A,2024.0
497573,2024-12-22,PL,Everton FC,Chelsea FC,0,0,17.0,D,2024.0
497574,2024-12-22,PL,Fulham FC,Southampton FC,0,0,17.0,D,2024.0
497576,2024-12-22,PL,Leicester City FC,Wolverhampton Wanderers FC,0,3,17.0,A,2024.0
497578,2024-12-22,PL,Tottenham Hotspur FC,Liverpool FC,3,6,17.0,A,2024.0
497577,2024-12-22,PL,Manchester United FC,AFC Bournemouth,0,3,17.0,A,2024.0
498791,2024-12-22,PD,Real Madrid CF,Sevilla FC,4,2,18.0,H,2024.0
498792,2024-12-22,PD,UD Las Palmas,RCD Espanyol de Barcelona,1,0,18.0,H,2024.0
498783,2024-12-22,PD,Real Betis Balompié,Rayo Vallecano de Madrid,1,1,18.0,D,2024.0
498790,2024-12-22,PD,Valencia CF,Deportivo Alavés,2,2,18.0,D,2024.0
502504,2024-12-22,BL1,VfL Bochum 1848,1. FC Heidenheim 1846,2,0,15.0,H,2024.0
502503,2024-12-22,BL1,VfL Wolfsburg,Borussia Dortmund,1,3,15.0,A,2024.0
503209,2024-12-22,SA,AC Monza,Juventus FC,1,2,17.0,A,2024.0
503203,2024-12-22,SA,Atalanta BC,Empoli FC,3,2,17.0,H,2024.0
503212,2024-12-22,SA,Venezia FC,Cagliari Calcio,2,1,17.0,H,2024.0
503210,2024-12-22,SA,AS Roma,Parma Calcio 1913,5,0,17.0,H,2024.0
498785,2024-12-22,PD,CD Leganés,Villarreal CF,2,5,18.0,A,2024.0
503207,2024-12-23,SA,FC Internazionale Milano,Como 1907,2,0,17.0,H,2024.0
503204,2024-12-23,SA,ACF Fiorentina,Udinese Calcio,1,2,17.0,A,2024.0
497584,2024-12-26,PL,Liverpool FC,Leicester City FC,3,1,18.0,H,2024.0
497586,2024-12-26,PL,Newcastle United FC,Aston Villa FC,3,0,18.0,H,2024.0
497587,2024-12-26,PL,Nottingham Forest FC,Tottenham Hotspur FC,1,0,18.0,H,2024.0
497589,2024-12-26,PL,Wolverhampton Wanderers FC,Manchester United FC,2,0,18.0,H,2024.0
497583,2024-12-26,PL,Chelsea FC,Fulham FC,1,2,18.0,A,2024.0
497588,2024-12-26,PL,Southampton FC,West Ham United FC,0,1,18.0,A,2024.0
497585,2024-12-26,PL,Manchester City FC,Everton FC,1,1,18.0,D,2024.0
497580,2024-12-26,PL,AFC Bournemouth,Crystal Palace FC,0,0,18.0,D,2024.0
497582,2024-12-27,PL,Brighton & Hove Albion FC,Brentford FC,0,0,18.0,D,2024.0
497581,2024-12-27,PL,Arsenal FC,Ipswich Town FC,1,0,18.0,H,2024.0
503216,2024-12-28,SA,Empoli FC,Genoa CFC,1,2,18.0,A,2024.0
503221,2024-12-28,SA,Parma Calcio 1913,AC Monza,2,1,18.0,H,2024.0
503214,2024-12-28,SA,Cagliari Calcio,FC Internazionale Milano,0,3,18.0,A,2024.0
503218,2024-12-28,SA,SS Lazio,Atalanta BC,1,1,18.0,D,2024.0
497593,2024-12-29,PL,Everton FC,Nottingham Forest FC,0,2,19.0,A,2024.0
503220,2024-12-29,SA,SSC Napoli,Venezia FC,1,0,18.0,H,2024.0
503222,2024-12-29,SA,Udinese Calcio,Torino FC,2,2,18.0,D,2024.0
503217,2024-12-29,SA,Juventus FC,ACF Fiorentina,2,2,18.0,D,2024.0
503219,2024-12-29,SA,AC Milan,AS Roma,1,1,18.0,D,2024.0
497592,2024-12-29,PL,Crystal Palace FC,Southampton FC,2,1,19.0,H,2024.0
497598,2024-12-29,PL,Tottenham Hotspur FC,Wolverhampton Wanderers FC,2,2,19.0,D,2024.0
497596,2024-12-29,PL,Leicester City FC,Manchester City FC,0,2,19.0,A,2024.0
497594,2024-12-29,PL,Fulham FC,AFC Bournemouth,2,2,19.0,D,2024.0
497599,2024-12-29,PL,West Ham United FC,Liverpool FC,0,5,19.0,A,2024.0
503215,2024-12-30,SA,Como 1907,US Lecce,2,0,18.0,H,2024.0
497597,2024-12-30,PL,Manchester United FC,Newcastle United FC,0,2,19.0,A,2024.0
503213,2024-12-30,SA,Bologna FC 1909,Hellas Verona FC,2,3,18.0,A,2024.0
497590,2024-12-30,PL,Aston Villa FC,Brighton & Hove Albion FC,2,2,19.0,D,2024.0
497595,2024-12-30,PL,Ipswich Town FC,Chelsea FC,2,0,19.0,H,2024.0
497591,2025-01-01,PL,Brentford FC,Arsenal FC,1,3,19.0,A,2024.0
498094,2025-01-03,FL1,OGC Nice,Stade Rennais FC 1901,3,2,16.0,H,2024.0
498730,2025-01-03,PD,Valencia CF,Real Madrid CF,1,2,12.0,A,2024.0
497602,2025-01-04,PL,Crystal Palace FC,Chelsea FC,1,1,20.0,D,2024.0
497609,2025-01-04,PL,Manchester City FC,West Ham United FC,4,1,20.0,H,2024.0
497600,2025-01-04,PL,Brighton & Hove Albion FC,Arsenal FC,1,1,20.0,D,2024.0
497605,2025-01-04,PL,Aston Villa FC,Leicester City FC,2,1,20.0,H,2024.0
497607,2025-01-04,PL,Tottenham Hotspur FC,Newcastle United FC,1,2,20.0,A,2024.0
498087,2025-01-04,FL1,Olympique Lyonnais,Montpellier HSC,1,0,16.0,H,2024.0
497601,2025-01-04,PL,Southampton FC,Brentford FC,0,5,20.0,A,2024.0
498089,2025-01-04,FL1,AS Saint-Étienne,Stade de Reims,3,1,16.0,H,2024.0
503232,2025-01-04,SA,Venezia FC,Empoli FC,1,1,19.0,D,2024.0
503225,2025-01-04,SA,ACF Fiorentina,SSC Napoli,0,3,19.0,A,2024.0
503226,2025-01-04,SA,Hellas Verona FC,Udinese Calcio,0,0,19.0,D,2024.0
498091,2025-01-04,FL1,Lille OSC,FC Nantes,1,1,16.0,D,2024.0
497603,2025-01-04,PL,AFC Bournemouth,Everton FC,1,0,20.0,H,2024.0
498092,2025-01-05,FL1,Olympique de Marseille,Le Havre AC,5,1,16.0,H,2024.0
497604,2025-01-05,PL,Fulham FC,Ipswich Town FC,2,2,20.0,D,2024.0
498093,2025-01-05,FL1,RC Strasbourg Alsace,AJ Auxerre,3,1,16.0,H,2024.0
498090,2025-01-05,FL1,Angers SCO,Stade Brestois 29,2,0,16.0,H,2024.0
498088,2025-01-05,FL1,Racing Club de Lens,Toulouse FC,0,1,16.0,A,2024.0
503229,2025-01-05,SA,AC Monza,Cagliari Calcio,1,2,19.0,A,2024.0
503230,2025-01-05,SA,AS Roma,SS Lazio,2,0,19.0,H,2024.0
503231,2025-01-05,SA,Torino FC,Parma Calcio 1913,0,0,19.0,D,2024.0
503228,2025-01-05,SA,US Lecce,Genoa CFC,0,0,19.0,D,2024.0
497606,2025-01-05,PL,Liverpool FC,Manchester United FC,2,2,20.0,D,2024.0
497608,2025-01-06,PL,Wolverhampton Wanderers FC,Nottingham Forest FC,0,3,20.0,A,2024.0
498097,2025-01-10,FL1,AJ Auxerre,Lille OSC,0,0,17.0,D,2024.0
498797,2025-01-10,PD,Rayo Vallecano de Madrid,RC Celta de Vigo,2,1,19.0,H,2024.0
503236,2025-01-10,SA,SS Lazio,Como 1907,1,1,20.0,D,2024.0
502507,2025-01-10,BL1,Borussia Dortmund,Bayer 04 Leverkusen,2,3,16.0,A,2024.0
498096,2025-01-10,FL1,FC Nantes,AS Monaco FC,2,2,17.0,D,2024.0
502512,2025-01-11,BL1,1. FSV Mainz 05,VfL Bochum 1848,2,0,16.0,H,2024.0
502509,2025-01-11,BL1,1. FC Heidenheim 1846,1. FC Union Berlin,2,0,16.0,H,2024.0
502508,2025-01-11,BL1,TSG 1899 Hoffenheim,VfL Wolfsburg,0,1,16.0,A,2024.0
498796,2025-01-11,PD,Sevilla FC,Valencia CF,1,1,19.0,D,2024.0
498802,2025-01-11,PD,RCD Espanyol de Barcelona,CD Leganés,1,1,19.0,D,2024.0
498795,2025-01-11,PD,Deportivo Alavés,Girona FC,0,1,19.0,A,2024.0
502514,2025-01-11,BL1,FC St. Pauli 1910,Eintracht Frankfurt,0,1,16.0,A,2024.0
502513,2025-01-11,BL1,Borussia Mönchengladbach,FC Bayern München,0,1,16.0,A,2024.0
498800,2025-01-11,PD,Real Valladolid CF,Real Betis Balompié,1,0,19.0,H,2024.0
503234,2025-01-11,SA,Empoli FC,US Lecce,1,3,20.0,A,2024.0
498098,2025-01-11,FL1,Stade de Reims,OGC Nice,2,4,17.0,A,2024.0
503241,2025-01-11,SA,Udinese Calcio,Atalanta BC,0,0,20.0,D,2024.0
503237,2025-01-11,SA,AC Milan,Cagliari Calcio,1,1,20.0,D,2024.0
503240,2025-01-11,SA,Torino FC,Juventus FC,1,1,20.0,D,2024.0
498101,2025-01-11,FL1,Stade Brestois 29,Olympique Lyonnais,2,1,17.0,H,2024.0
498103,2025-01-11,FL1,Stade Rennais FC 1901,Olympique de Marseille,1,2,17.0,A,2024.0
502510,2025-01-11,BL1,SC Freiburg,Holstein Kiel,3,2,16.0,H,2024.0
498095,2025-01-12,FL1,Toulouse FC,RC Strasbourg Alsace,1,2,17.0,A,2024.0
498100,2025-01-12,FL1,Montpellier HSC,Angers SCO,1,3,17.0,A,2024.0
502506,2025-01-12,BL1,RB Leipzig,SV Werder Bremen,4,2,16.0,H,2024.0
502511,2025-01-12,BL1,FC Augsburg,VfB Stuttgart,0,1,16.0,A,2024.0
498794,2025-01-12,PD,Club Atlético de Madrid,CA Osasuna,1,0,19.0,H,2024.0
498801,2025-01-12,PD,UD Las Palmas,Getafe CF,1,2,19.0,A,2024.0
503239,2025-01-12,SA,SSC Napoli,Hellas Verona FC,2,0,20.0,H,2024.0
503233,2025-01-12,SA,Bologna FC 1909,AS Roma,2,2,20.0,D,2024.0
503242,2025-01-12,SA,Venezia FC,FC Internazionale Milano,0,1,20.0,A,2024.0
498102,2025-01-12,FL1,Paris Saint-Germain FC,AS Saint-Étienne,2,1,17.0,H,2024.0
498099,2025-01-12,FL1,Le Havre AC,Racing Club de Lens,1,2,17.0,A,2024.0
503235,2025-01-12,SA,Genoa CFC,Parma Calcio 1913,1,0,20.0,H,2024.0
498799,2025-01-13,PD,Real Sociedad de Fútbol,Villarreal CF,1,0,19.0,H,2024.0
503238,2025-01-13,SA,AC Monza,ACF Fiorentina,2,1,20.0,H,2024.0
502518,2025-01-14,BL1,Eintracht Frankfurt,SC Freiburg,4,1,17.0,H,2024.0
497617,2025-01-14,PL,Chelsea FC,AFC Bournemouth,2,2,21.0,D,2024.0
502523,2025-01-14,BL1,Holstein Kiel,Borussia Dortmund,4,2,17.0,H,2024.0
502520,2025-01-14,BL1,VfL Wolfsburg,Borussia Mönchengladbach,5,1,17.0,H,2024.0
502515,2025-01-14,BL1,Bayer 04 Leverkusen,1. FSV Mainz 05,1,0,17.0,H,2024.0
497615,2025-01-14,PL,Brentford FC,Manchester City FC,2,2,21.0,D,2024.0
503223,2025-01-14,SA,Atalanta BC,Juventus FC,1,1,19.0,D,2024.0
497613,2025-01-14,PL,West Ham United FC,Fulham FC,3,2,21.0,H,2024.0
503224,2025-01-14,SA,Como 1907,AC Milan,1,2,19.0,A,2024.0
497614,2025-01-14,PL,Nottingham Forest FC,Liverpool FC,1,1,21.0,D,2024.0
497616,2025-01-15,PL,Arsenal FC,Tottenham Hotspur FC,2,1,21.0,H,2024.0
497619,2025-01-15,PL,Newcastle United FC,Wolverhampton Wanderers FC,3,0,21.0,H,2024.0
497612,2025-01-15,PL,Leicester City FC,Crystal Palace FC,0,2,21.0,A,2024.0
497610,2025-01-15,PL,Everton FC,Aston Villa FC,0,1,21.0,A,2024.0
503227,2025-01-15,SA,FC Internazionale Milano,Bologna FC 1909,2,2,19.0,D,2024.0
502521,2025-01-15,BL1,1. FC Union Berlin,FC Augsburg,0,2,17.0,A,2024.0
502517,2025-01-15,BL1,FC Bayern München,TSG 1899 Hoffenheim,5,0,17.0,H,2024.0
502516,2025-01-15,BL1,VfB Stuttgart,RB Leipzig,2,1,17.0,H,2024.0
502522,2025-01-15,BL1,VfL Bochum 1848,FC St. Pauli 1910,1,0,17.0,H,2024.0
502519,2025-01-15,BL1,SV Werder Bremen,1. FC Heidenheim 1846,3,3,17.0,D,2024.0
497611,2025-01-16,PL,Ipswich Town FC,Brighton & Hove Albion FC,0,2,21.0,A,2024.0
497618,2025-01-16,PL,Manchester United FC,Southampton FC,3,1,21.0,H,2024.0
498109,2025-01-17,FL1,Montpellier HSC,AS Monaco FC,2,1,18.0,H,2024.0
503252,2025-01-17,SA,AS Roma,Genoa CFC,3,1,21.0,H,2024.0
502526,2025-01-17,BL1,Eintracht Frankfurt,Borussia Dortmund,2,0,18.0,H,2024.0
498106,2025-01-17,FL1,Lille OSC,OGC Nice,2,1,18.0,H,2024.0
498812,2025-01-17,PD,RCD Espanyol de Barcelona,Real Valladolid CF,2,1,20.0,H,2024.0
498807,2025-01-18,PD,Getafe CF,FC Barcelona,1,1,20.0,D,2024.0
498803,2025-01-18,PD,Real Betis Balompié,Deportivo Alavés,1,3,20.0,A,2024.0
502528,2025-01-18,BL1,VfB Stuttgart,SC Freiburg,4,0,18.0,H,2024.0
503244,2025-01-18,SA,Bologna FC 1909,AC Monza,3,1,21.0,H,2024.0
502530,2025-01-18,BL1,FC Bayern München,VfL Wolfsburg,3,2,18.0,H,2024.0
502532,2025-01-18,BL1,1. FC Heidenheim 1846,FC St. Pauli 1910,0,2,18.0,A,2024.0
502525,2025-01-18,BL1,VfL Bochum 1848,RB Leipzig,3,3,18.0,D,2024.0
502527,2025-01-18,BL1,Holstein Kiel,TSG 1899 Hoffenheim,1,3,18.0,A,2024.0
502524,2025-01-18,BL1,Bayer 04 Leverkusen,Borussia Mönchengladbach,3,1,18.0,H,2024.0
503250,2025-01-18,SA,Juventus FC,AC Milan,2,0,21.0,H,2024.0
497620,2025-01-18,PL,Newcastle United FC,AFC Bournemouth,1,4,22.0,A,2024.0
497621,2025-01-18,PL,Arsenal FC,Aston Villa FC,2,2,22.0,D,2024.0
497625,2025-01-18,PL,Brentford FC,Liverpool FC,0,2,22.0,A,2024.0
498107,2025-01-18,FL1,Olympique Lyonnais,Toulouse FC,0,0,18.0,D,2024.0
498105,2025-01-18,FL1,Racing Club de Lens,Paris Saint-Germain FC,1,2,18.0,A,2024.0
497624,2025-01-18,PL,Leicester City FC,Fulham FC,0,2,22.0,A,2024.0
497623,2025-01-18,PL,West Ham United FC,Crystal Palace FC,0,2,22.0,A,2024.0
498112,2025-01-18,FL1,Stade Rennais FC 1901,Stade Brestois 29,1,2,18.0,A,2024.0
498808,2025-01-18,PD,Girona FC,Sevilla FC,1,2,20.0,A,2024.0
498805,2025-01-18,PD,CD Leganés,Club Atlético de Madrid,1,0,20.0,H,2024.0
503243,2025-01-18,SA,Atalanta BC,SSC Napoli,2,3,21.0,A,2024.0
498111,2025-01-19,FL1,Angers SCO,AJ Auxerre,2,0,18.0,H,2024.0
498110,2025-01-19,FL1,Stade de Reims,Le Havre AC,1,1,18.0,D,2024.0
503248,2025-01-19,SA,Hellas Verona FC,SS Lazio,0,3,21.0,A,2024.0
498104,2025-01-19,FL1,Olympique de Marseille,RC Strasbourg Alsace,1,1,18.0,D,2024.0
498108,2025-01-19,FL1,AS Saint-Étienne,FC Nantes,1,1,18.0,D,2024.0
498804,2025-01-19,PD,CA Osasuna,Rayo Vallecano de Madrid,1,1,20.0,D,2024.0
498809,2025-01-19,PD,Valencia CF,Real Sociedad de Fútbol,1,0,20.0,H,2024.0
503249,2025-01-19,SA,FC Internazionale Milano,Empoli FC,3,1,21.0,H,2024.0
502531,2025-01-19,BL1,1. FC Union Berlin,1. FSV Mainz 05,2,1,18.0,H,2024.0
498811,2025-01-19,PD,Real Madrid CF,UD Las Palmas,4,1,20.0,H,2024.0
498806,2025-01-19,PD,RC Celta de Vigo,Athletic Club,1,2,20.0,A,2024.0
497627,2025-01-19,PL,Nottingham Forest FC,Southampton FC,3,2,22.0,H,2024.0
497622,2025-01-19,PL,Manchester United FC,Brighton & Hove Albion FC,1,3,22.0,A,2024.0
497626,2025-01-19,PL,Ipswich Town FC,Manchester City FC,0,6,22.0,A,2024.0
497628,2025-01-19,PL,Everton FC,Tottenham Hotspur FC,3,2,22.0,H,2024.0
503247,2025-01-19,SA,ACF Fiorentina,Torino FC,1,1,21.0,D,2024.0
503245,2025-01-19,SA,Cagliari Calcio,US Lecce,4,1,21.0,H,2024.0
503251,2025-01-19,SA,Parma Calcio 1913,Venezia FC,1,1,21.0,D,2024.0
502529,2025-01-19,BL1,SV Werder Bremen,FC Augsburg,0,2,18.0,A,2024.0
503246,2025-01-20,SA,Como 1907,Udinese Calcio,4,1,21.0,H,2024.0
498810,2025-01-20,PD,Villarreal CF,RCD Mallorca,4,0,20.0,H,2024.0
497629,2025-01-20,PL,Chelsea FC,Wolverhampton Wanderers FC,3,1,22.0,H,2024.0
523989,2025-01-21,CL,Club Brugge KV,Juventus FC,0,0,7.0,D,2024.0
524048,2025-01-21,CL,Bologna FC 1909,Borussia Dortmund,2,1,7.0,H,2024.0
523977,2025-01-21,CL,Club Atlético de Madrid,Bayer 04 Leverkusen,2,1,7.0,H,2024.0
523984,2025-01-21,CL,Sport Lisboa e Benfica,FC Barcelona,4,5,7.0,A,2024.0
524030,2025-01-21,CL,FK Crvena Zvezda,PSV,2,3,7.0,A,2024.0
524043,2025-01-21,CL,AS Monaco FC,Aston Villa FC,1,0,7.0,H,2024.0
523975,2025-01-21,CL,Atalanta BC,SK Sturm Graz,5,0,7.0,H,2024.0
523946,2025-01-21,CL,Liverpool FC,Lille OSC,2,1,7.0,H,2024.0
524059,2025-01-21,CL,ŠK Slovan Bratislava,VfB Stuttgart,1,3,7.0,A,2024.0
524003,2025-01-22,CL,FK Shakhtar Donetsk,Stade Brestois 29,2,0,7.0,H,2024.0
523956,2025-01-22,CL,Paris Saint-Germain FC,Manchester City FC,4,2,7.0,H,2024.0
523962,2025-01-22,CL,RB Leipzig,Sporting Clube de Portugal,2,1,7.0,H,2024.0
523994,2025-01-22,CL,Arsenal FC,GNK Dinamo Zagreb,3,0,7.0,H,2024.0
523971,2025-01-22,CL,AC Milan,Girona FC,1,0,7.0,H,2024.0
524060,2025-01-22,CL,AC Sparta Praha,FC Internazionale Milano,0,1,7.0,A,2024.0
523966,2025-01-22,CL,Real Madrid CF,FC Red Bull Salzburg,5,1,7.0,H,2024.0
524012,2025-01-22,CL,Feyenoord Rotterdam,FC Bayern München,3,0,7.0,H,2024.0
524006,2025-01-22,CL,Celtic FC,BSC Young Boys,1,0,7.0,H,2024.0
498821,2025-01-24,PD,UD Las Palmas,CA Osasuna,1,1,21.0,D,2024.0
502541,2025-01-24,BL1,VfL Wolfsburg,Holstein Kiel,2,2,19.0,D,2024.0
503260,2025-01-24,SA,Torino FC,Cagliari Calcio,2,0,22.0,H,2024.0
498118,2025-01-24,FL1,AJ Auxerre,AS Saint-Étienne,1,1,19.0,D,2024.0
503253,2025-01-25,SA,Como 1907,Atalanta BC,1,2,22.0,A,2024.0
502534,2025-01-25,BL1,1. FSV Mainz 05,VfB Stuttgart,2,0,19.0,H,2024.0
497634,2025-01-25,PL,Southampton FC,Newcastle United FC,1,3,23.0,A,2024.0
497631,2025-01-25,PL,Liverpool FC,Ipswich Town FC,4,1,23.0,H,2024.0
497638,2025-01-25,PL,Manchester City FC,Chelsea FC,3,1,23.0,H,2024.0
497633,2025-01-25,PL,Brighton & Hove Albion FC,Everton FC,0,1,23.0,A,2024.0
502535,2025-01-25,BL1,SC Freiburg,FC Bayern München,1,2,19.0,A,2024.0
497635,2025-01-25,PL,AFC Bournemouth,Nottingham Forest FC,5,0,23.0,H,2024.0
503259,2025-01-25,SA,SSC Napoli,Juventus FC,2,1,22.0,H,2024.0
497632,2025-01-25,PL,Wolverhampton Wanderers FC,Arsenal FC,0,1,23.0,A,2024.0
502533,2025-01-25,BL1,RB Leipzig,Bayer 04 Leverkusen,2,2,19.0,D,2024.0
498822,2025-01-25,PD,Sevilla FC,RCD Espanyol de Barcelona,1,1,21.0,D,2024.0
502537,2025-01-25,BL1,FC Augsburg,1. FC Heidenheim 1846,2,1,19.0,H,2024.0
498115,2025-01-25,FL1,AS Monaco FC,Stade Rennais FC 1901,3,2,19.0,H,2024.0
498820,2025-01-25,PD,Real Valladolid CF,Real Madrid CF,0,3,21.0,A,2024.0
498818,2025-01-25,PD,RCD Mallorca,Real Betis Balompié,0,1,21.0,A,2024.0
498120,2025-01-25,FL1,Paris Saint-Germain FC,Stade de Reims,1,1,19.0,D,2024.0
502538,2025-01-25,BL1,Borussia Dortmund,SV Werder Bremen,2,2,19.0,D,2024.0
498113,2025-01-25,FL1,RC Strasbourg Alsace,Lille OSC,2,1,19.0,H,2024.0
498814,2025-01-25,PD,Club Atlético de Madrid,Villarreal CF,1,1,21.0,D,2024.0
502540,2025-01-25,BL1,Borussia Mönchengladbach,VfL Bochum 1848,3,0,19.0,H,2024.0
503254,2025-01-25,SA,Empoli FC,Bologna FC 1909,1,1,22.0,D,2024.0
498816,2025-01-26,PD,FC Barcelona,Valencia CF,7,1,21.0,H,2024.0
498121,2025-01-26,FL1,OGC Nice,Olympique de Marseille,2,0,19.0,H,2024.0
502536,2025-01-26,BL1,TSG 1899 Hoffenheim,Eintracht Frankfurt,2,2,19.0,D,2024.0
502539,2025-01-26,BL1,FC St. Pauli 1910,1. FC Union Berlin,3,0,19.0,H,2024.0
497636,2025-01-26,PL,Aston Villa FC,West Ham United FC,1,1,23.0,D,2024.0
497630,2025-01-26,PL,Fulham FC,Manchester United FC,0,1,23.0,A,2024.0
497639,2025-01-26,PL,Tottenham Hotspur FC,Leicester City FC,1,2,23.0,A,2024.0
497637,2025-01-26,PL,Crystal Palace FC,Brentford FC,1,2,23.0,A,2024.0
503256,2025-01-26,SA,SS Lazio,ACF Fiorentina,1,2,22.0,A,2024.0
503258,2025-01-26,SA,AC Milan,Parma Calcio 1913,3,2,22.0,H,2024.0
503257,2025-01-26,SA,US Lecce,FC Internazionale Milano,0,4,22.0,A,2024.0
503261,2025-01-26,SA,Udinese Calcio,AS Roma,1,2,22.0,A,2024.0
498817,2025-01-26,PD,Rayo Vallecano de Madrid,Girona FC,2,1,21.0,H,2024.0
498819,2025-01-26,PD,Real Sociedad de Fútbol,Getafe CF,0,3,21.0,A,2024.0
498116,2025-01-26,FL1,Toulouse FC,Montpellier HSC,1,2,19.0,A,2024.0
498119,2025-01-26,FL1,Racing Club de Lens,Angers SCO,1,0,19.0,H,2024.0
498117,2025-01-26,FL1,Le Havre AC,Stade Brestois 29,0,1,19.0,A,2024.0
498114,2025-01-26,FL1,FC Nantes,Olympique Lyonnais,1,1,19.0,D,2024.0
498813,2025-01-26,PD,Athletic Club,CD Leganés,0,0,21.0,D,2024.0
503255,2025-01-27,SA,Genoa CFC,AC Monza,2,0,22.0,H,2024.0
503262,2025-01-27,SA,Venezia FC,Hellas Verona FC,1,1,22.0,D,2024.0
498815,2025-01-27,PD,Deportivo Alavés,RC Celta de Vigo,1,1,21.0,D,2024.0
523951,2025-01-29,CL,FC Internazionale Milano,AS Monaco FC,3,0,8.0,H,2024.0
524009,2025-01-29,CL,GNK Dinamo Zagreb,AC Milan,2,1,8.0,H,2024.0
524025,2025-01-29,CL,FC Red Bull Salzburg,Club Atlético de Madrid,1,4,8.0,A,2024.0
524035,2025-01-29,CL,Sporting Clube de Portugal,Bologna FC 1909,1,1,8.0,D,2024.0
524053,2025-01-29,CL,Girona FC,Arsenal FC,1,2,8.0,A,2024.0
524020,2025-01-29,CL,PSV,Liverpool FC,3,2,8.0,H,2024.0
524072,2025-01-29,CL,VfB Stuttgart,Paris Saint-Germain FC,1,4,8.0,A,2024.0
524064,2025-01-29,CL,Stade Brestois 29,Real Madrid CF,0,3,8.0,A,2024.0
524068,2025-01-29,CL,SK Sturm Graz,RB Leipzig,1,0,8.0,H,2024.0
524046,2025-01-29,CL,Aston Villa FC,Celtic FC,4,2,8.0,H,2024.0
523937,2025-01-29,CL,Borussia Dortmund,FK Shakhtar Donetsk,3,1,8.0,H,2024.0
523983,2025-01-29,CL,Bayer 04 Leverkusen,AC Sparta Praha,2,0,8.0,H,2024.0
524038,2025-01-29,CL,BSC Young Boys,FK Crvena Zvezda,0,1,8.0,A,2024.0
523935,2025-01-29,CL,FC Bayern München,ŠK Slovan Bratislava,3,1,8.0,H,2024.0
524018,2025-01-29,CL,Lille OSC,Feyenoord Rotterdam,6,1,8.0,H,2024.0
523941,2025-01-29,CL,FC Barcelona,Atalanta BC,2,2,8.0,D,2024.0
523953,2025-01-29,CL,Manchester City FC,Club Brugge KV,3,1,8.0,H,2024.0
523997,2025-01-29,CL,Juventus FC,Sport Lisboa e Benfica,0,2,8.0,A,2024.0
502548,2025-01-31,BL1,SV Werder Bremen,1. FSV Mainz 05,1,0,20.0,H,2024.0
498826,2025-01-31,PD,CD Leganés,Rayo Vallecano de Madrid,0,1,22.0,A,2024.0
498124,2025-01-31,FL1,Montpellier HSC,Racing Club de Lens,0,2,20.0,A,2024.0
503270,2025-01-31,SA,Parma Calcio 1913,US Lecce,1,3,23.0,A,2024.0
497647,2025-02-01,PL,Ipswich Town FC,Southampton FC,1,2,24.0,A,2024.0
497640,2025-02-01,PL,Wolverhampton Wanderers FC,Aston Villa FC,2,0,24.0,H,2024.0
497641,2025-02-01,PL,Nottingham Forest FC,Brighton & Hove Albion FC,7,0,24.0,H,2024.0
502550,2025-02-01,BL1,FC Bayern München,Holstein Kiel,4,3,20.0,H,2024.0
503264,2025-02-01,SA,Bologna FC 1909,Como 1907,2,0,23.0,H,2024.0
503272,2025-02-01,SA,Udinese Calcio,Venezia FC,3,2,23.0,H,2024.0
503269,2025-02-01,SA,AC Monza,Hellas Verona FC,0,1,23.0,A,2024.0
502549,2025-02-01,BL1,VfB Stuttgart,Borussia Mönchengladbach,1,2,20.0,A,2024.0
497643,2025-02-01,PL,Newcastle United FC,Fulham FC,1,2,24.0,A,2024.0
502542,2025-02-01,BL1,1. FC Union Berlin,RB Leipzig,0,0,20.0,D,2024.0
502543,2025-02-01,BL1,1. FC Heidenheim 1846,Borussia Dortmund,1,2,20.0,A,2024.0
497644,2025-02-01,PL,Everton FC,Leicester City FC,4,0,24.0,H,2024.0
502546,2025-02-01,BL1,FC St. Pauli 1910,FC Augsburg,1,1,20.0,D,2024.0
498123,2025-02-01,FL1,Stade Brestois 29,Paris Saint-Germain FC,2,5,20.0,A,2024.0
502545,2025-02-01,BL1,VfL Bochum 1848,SC Freiburg,0,1,20.0,A,2024.0
498831,2025-02-01,PD,Villarreal CF,Real Valladolid CF,5,1,22.0,H,2024.0
498828,2025-02-01,PD,Getafe CF,Sevilla FC,0,0,22.0,D,2024.0
498125,2025-02-01,FL1,Lille OSC,AS Saint-Étienne,4,1,20.0,H,2024.0
498832,2025-02-01,PD,RCD Espanyol de Barcelona,Real Madrid CF,1,0,22.0,H,2024.0
498823,2025-02-01,PD,Club Atlético de Madrid,RCD Mallorca,2,0,22.0,H,2024.0
503263,2025-02-01,SA,Atalanta BC,Torino FC,1,1,23.0,D,2024.0
497645,2025-02-01,PL,AFC Bournemouth,Liverpool FC,0,2,24.0,A,2024.0
498130,2025-02-01,FL1,AS Monaco FC,AJ Auxerre,4,2,20.0,H,2024.0
498129,2025-02-02,FL1,Stade Rennais FC 1901,RC Strasbourg Alsace,1,0,20.0,H,2024.0
498825,2025-02-02,PD,CA Osasuna,Real Sociedad de Fútbol,2,1,22.0,H,2024.0
498827,2025-02-02,PD,FC Barcelona,Deportivo Alavés,1,0,22.0,H,2024.0
503267,2025-02-02,SA,Juventus FC,Empoli FC,4,1,23.0,H,2024.0
503268,2025-02-02,SA,AC Milan,FC Internazionale Milano,1,1,23.0,D,2024.0
498127,2025-02-02,FL1,Angers SCO,Le Havre AC,1,1,20.0,D,2024.0
498128,2025-02-02,FL1,Toulouse FC,OGC Nice,1,1,20.0,D,2024.0
498126,2025-02-02,FL1,Stade de Reims,FC Nantes,1,2,20.0,A,2024.0
498122,2025-02-02,FL1,Olympique de Marseille,Olympique Lyonnais,3,2,20.0,H,2024.0
498830,2025-02-02,PD,Valencia CF,RC Celta de Vigo,2,1,22.0,H,2024.0
503266,2025-02-02,SA,ACF Fiorentina,Genoa CFC,2,1,23.0,H,2024.0
498824,2025-02-02,PD,Real Betis Balompié,Athletic Club,2,2,22.0,D,2024.0
503271,2025-02-02,SA,AS Roma,SSC Napoli,1,1,23.0,D,2024.0
497642,2025-02-02,PL,Manchester United FC,Crystal Palace FC,0,2,24.0,A,2024.0
497648,2025-02-02,PL,Brentford FC,Tottenham Hotspur FC,0,2,24.0,A,2024.0
497646,2025-02-02,PL,Arsenal FC,Manchester City FC,5,1,24.0,H,2024.0
502544,2025-02-02,BL1,Bayer 04 Leverkusen,TSG 1899 Hoffenheim,3,1,20.0,H,2024.0
502547,2025-02-02,BL1,Eintracht Frankfurt,VfL Wolfsburg,1,1,20.0,D,2024.0
497649,2025-02-03,PL,Chelsea FC,West Ham United FC,2,1,24.0,H,2024.0
498829,2025-02-03,PD,Girona FC,UD Las Palmas,2,1,22.0,H,2024.0
503265,2025-02-03,SA,Cagliari Calcio,SS Lazio,1,2,23.0,A,2024.0
503176,2025-02-06,SA,ACF Fiorentina,FC Internazionale Milano,3,0,14.0,H,2024.0
498132,2025-02-07,FL1,FC Nantes,Stade Brestois 29,0,2,21.0,A,2024.0
502555,2025-02-07,BL1,FC Bayern München,SV Werder Bremen,3,0,21.0,H,2024.0
498136,2025-02-07,FL1,Paris Saint-Germain FC,AS Monaco FC,4,1,21.0,H,2024.0
503274,2025-02-07,SA,Como 1907,Juventus FC,1,2,24.0,A,2024.0
498838,2025-02-07,PD,Rayo Vallecano de Madrid,Real Valladolid CF,1,0,23.0,H,2024.0
502551,2025-02-08,BL1,VfL Wolfsburg,Bayer 04 Leverkusen,0,0,21.0,D,2024.0
498134,2025-02-08,FL1,Lille OSC,Le Havre AC,1,2,21.0,A,2024.0
498135,2025-02-08,FL1,AS Saint-Étienne,Stade Rennais FC 1901,0,2,21.0,A,2024.0
503281,2025-02-08,SA,Torino FC,Genoa CFC,1,1,24.0,D,2024.0
498139,2025-02-08,FL1,OGC Nice,Racing Club de Lens,2,0,21.0,H,2024.0
498833,2025-02-08,PD,Athletic Club,Girona FC,3,0,23.0,H,2024.0
498834,2025-02-08,PD,RC Celta de Vigo,Real Betis Balompié,3,2,23.0,H,2024.0
502552,2025-02-08,BL1,Borussia Dortmund,VfB Stuttgart,1,2,21.0,A,2024.0
498840,2025-02-08,PD,Real Madrid CF,Club Atlético de Madrid,1,1,23.0,D,2024.0
502556,2025-02-08,BL1,1. FSV Mainz 05,FC Augsburg,0,0,21.0,D,2024.0
502557,2025-02-08,BL1,TSG 1899 Hoffenheim,1. FC Union Berlin,0,4,21.0,A,2024.0
502553,2025-02-08,BL1,Borussia Mönchengladbach,Eintracht Frankfurt,1,1,21.0,D,2024.0
498841,2025-02-08,PD,UD Las Palmas,Villarreal CF,1,2,23.0,A,2024.0
503275,2025-02-08,SA,Empoli FC,AC Milan,0,2,24.0,A,2024.0
503276,2025-02-08,SA,Hellas Verona FC,Atalanta BC,0,5,24.0,A,2024.0
502554,2025-02-08,BL1,SC Freiburg,1. FC Heidenheim 1846,1,0,21.0,H,2024.0
503280,2025-02-09,SA,SSC Napoli,Udinese Calcio,1,1,24.0,D,2024.0
498131,2025-02-09,FL1,AJ Auxerre,Toulouse FC,2,2,21.0,D,2024.0
498137,2025-02-09,FL1,Olympique Lyonnais,Stade de Reims,4,0,21.0,H,2024.0
498138,2025-02-09,FL1,Angers SCO,Olympique de Marseille,0,2,21.0,A,2024.0
498133,2025-02-09,FL1,RC Strasbourg Alsace,Montpellier HSC,2,0,21.0,H,2024.0
503278,2025-02-09,SA,SS Lazio,AC Monza,5,1,24.0,H,2024.0
498836,2025-02-09,PD,Sevilla FC,FC Barcelona,1,4,23.0,A,2024.0
503282,2025-02-09,SA,Venezia FC,AS Roma,0,1,24.0,A,2024.0
498837,2025-02-09,PD,Valencia CF,CD Leganés,2,0,23.0,H,2024.0
498842,2025-02-09,PD,Real Sociedad de Fútbol,RCD Espanyol de Barcelona,2,1,23.0,H,2024.0
498835,2025-02-09,PD,Deportivo Alavés,Getafe CF,0,1,23.0,A,2024.0
502558,2025-02-09,BL1,Holstein Kiel,VfL Bochum 1848,2,2,21.0,D,2024.0
502559,2025-02-09,BL1,RB Leipzig,FC St. Pauli 1910,2,0,21.0,H,2024.0
503279,2025-02-09,SA,US Lecce,Bologna FC 1909,0,0,24.0,D,2024.0
503273,2025-02-09,SA,Cagliari Calcio,Parma Calcio 1913,2,1,24.0,H,2024.0
498839,2025-02-10,PD,RCD Mallorca,CA Osasuna,1,1,23.0,D,2024.0
503277,2025-02-10,SA,FC Internazionale Milano,ACF Fiorentina,2,1,24.0,H,2024.0
524076,2025-02-11,CL,Stade Brestois 29,Paris Saint-Germain FC,0,3,1.0,A,2024.0
524077,2025-02-11,CL,Manchester City FC,Real Madrid CF,2,3,1.0,A,2024.0
524081,2025-02-11,CL,Juventus FC,PSV,2,1,1.0,H,2024.0
524082,2025-02-11,CL,Sporting Clube de Portugal,Borussia Dortmund,0,3,1.0,A,2024.0
524083,2025-02-12,CL,Feyenoord Rotterdam,AC Milan,1,0,1.0,H,2024.0
524079,2025-02-12,CL,Celtic FC,FC Bayern München,1,2,1.0,A,2024.0
497553,2025-02-12,PL,Everton FC,Liverpool FC,2,2,15.0,D,2024.0
524080,2025-02-12,CL,Club Brugge KV,Atalanta BC,2,1,1.0,H,2024.0
524078,2025-02-12,CL,AS Monaco FC,Sport Lisboa e Benfica,0,1,1.0,A,2024.0
503284,2025-02-14,SA,Bologna FC 1909,Torino FC,3,2,25.0,H,2024.0
502561,2025-02-14,BL1,FC Augsburg,RB Leipzig,0,0,22.0,D,2024.0
497653,2025-02-14,PL,Brighton & Hove Albion FC,Chelsea FC,3,0,25.0,H,2024.0
498848,2025-02-14,PD,Girona FC,Getafe CF,1,2,24.0,A,2024.0
498144,2025-02-14,FL1,Stade Brestois 29,AJ Auxerre,2,2,22.0,D,2024.0
498843,2025-02-15,PD,Club Atlético de Madrid,RC Celta de Vigo,1,1,24.0,D,2024.0
498845,2025-02-15,PD,CA Osasuna,Real Madrid CF,1,1,24.0,D,2024.0
502562,2025-02-15,BL1,VfL Bochum 1848,Borussia Dortmund,2,0,22.0,H,2024.0
503289,2025-02-15,SA,AC Milan,Hellas Verona FC,1,0,25.0,H,2024.0
503288,2025-02-15,SA,SS Lazio,SSC Napoli,2,2,25.0,D,2024.0
502564,2025-02-15,BL1,FC St. Pauli 1910,SC Freiburg,0,1,22.0,A,2024.0
502560,2025-02-15,BL1,Bayer 04 Leverkusen,FC Bayern München,0,0,22.0,D,2024.0
502567,2025-02-15,BL1,1. FC Union Berlin,Borussia Mönchengladbach,1,2,22.0,A,2024.0
502565,2025-02-15,BL1,VfB Stuttgart,VfL Wolfsburg,1,2,22.0,A,2024.0
503283,2025-02-15,SA,Atalanta BC,Cagliari Calcio,0,0,25.0,D,2024.0
498140,2025-02-15,FL1,Toulouse FC,Paris Saint-Germain FC,0,1,22.0,A,2024.0
498148,2025-02-15,FL1,AS Monaco FC,FC Nantes,7,1,22.0,H,2024.0
497650,2025-02-15,PL,Southampton FC,AFC Bournemouth,1,3,25.0,A,2024.0
497651,2025-02-15,PL,Leicester City FC,Arsenal FC,0,2,25.0,A,2024.0
498846,2025-02-15,PD,CD Leganés,Deportivo Alavés,3,3,24.0,D,2024.0
498141,2025-02-15,FL1,Olympique de Marseille,AS Saint-Étienne,5,1,22.0,H,2024.0
497654,2025-02-15,PL,Crystal Palace FC,Everton FC,1,2,25.0,A,2024.0
498849,2025-02-15,PD,Villarreal CF,Valencia CF,1,1,24.0,D,2024.0
497657,2025-02-15,PL,Manchester City FC,Newcastle United FC,4,0,25.0,H,2024.0
497655,2025-02-15,PL,Aston Villa FC,Ipswich Town FC,1,1,25.0,D,2024.0
497652,2025-02-15,PL,West Ham United FC,Brentford FC,0,1,25.0,A,2024.0
497658,2025-02-15,PL,Fulham FC,Nottingham Forest FC,2,1,25.0,H,2024.0
503285,2025-02-16,SA,ACF Fiorentina,Como 1907,0,2,25.0,A,2024.0
497656,2025-02-16,PL,Tottenham Hotspur FC,Manchester United FC,1,0,25.0,H,2024.0
497659,2025-02-16,PL,Liverpool FC,Wolverhampton Wanderers FC,2,1,25.0,H,2024.0
498844,2025-02-16,PD,Real Betis Balompié,Real Sociedad de Fútbol,3,0,24.0,H,2024.0
498850,2025-02-16,PD,RCD Mallorca,UD Las Palmas,3,1,24.0,H,2024.0
498851,2025-02-16,PD,Real Valladolid CF,Sevilla FC,0,4,24.0,A,2024.0
498852,2025-02-16,PD,RCD Espanyol de Barcelona,Athletic Club,1,1,24.0,D,2024.0
503290,2025-02-16,SA,AC Monza,US Lecce,0,0,25.0,D,2024.0
502563,2025-02-16,BL1,SV Werder Bremen,TSG 1899 Hoffenheim,1,3,22.0,A,2024.0
498146,2025-02-16,FL1,Stade de Reims,Angers SCO,0,1,22.0,A,2024.0
503292,2025-02-16,SA,Udinese Calcio,Empoli FC,3,0,25.0,H,2024.0
498147,2025-02-16,FL1,Le Havre AC,OGC Nice,1,3,22.0,A,2024.0
498145,2025-02-16,FL1,Stade Rennais FC 1901,Lille OSC,0,2,22.0,A,2024.0
502566,2025-02-16,BL1,1. FC Heidenheim 1846,1. FSV Mainz 05,0,2,22.0,A,2024.0
503291,2025-02-16,SA,Parma Calcio 1913,AS Roma,0,1,25.0,A,2024.0
498142,2025-02-16,FL1,Montpellier HSC,Olympique Lyonnais,1,4,22.0,A,2024.0
498143,2025-02-16,FL1,Racing Club de Lens,RC Strasbourg Alsace,0,2,22.0,A,2024.0
503287,2025-02-16,SA,Juventus FC,FC Internazionale Milano,1,0,25.0,H,2024.0
502568,2025-02-16,BL1,Eintracht Frankfurt,Holstein Kiel,3,1,22.0,H,2024.0
498847,2025-02-17,PD,FC Barcelona,Rayo Vallecano de Madrid,1,0,24.0,H,2024.0
503286,2025-02-17,SA,Genoa CFC,Venezia FC,2,0,25.0,H,2024.0
524086,2025-02-18,CL,Sport Lisboa e Benfica,AS Monaco FC,3,3,2.0,D,2024.0
524087,2025-02-18,CL,FC Bayern München,Celtic FC,1,1,2.0,D,2024.0
524088,2025-02-18,CL,Atalanta BC,Club Brugge KV,1,3,2.0,A,2024.0
524091,2025-02-18,CL,AC Milan,Feyenoord Rotterdam,1,1,2.0,D,2024.0
524090,2025-02-19,CL,Borussia Dortmund,Sporting Clube de Portugal,0,0,2.0,D,2024.0
524084,2025-02-19,CL,Paris Saint-Germain FC,Stade Brestois 29,7,0,2.0,H,2024.0
524085,2025-02-19,CL,Real Madrid CF,Manchester City FC,3,1,2.0,H,2024.0
497692,2025-02-19,PL,Aston Villa FC,Liverpool FC,2,2,29.0,D,2024.0
524089,2025-02-19,CL,PSV,Juventus FC,3,1,2.0,H,2024.0
502573,2025-02-21,BL1,SC Freiburg,SV Werder Bremen,5,0,23.0,H,2024.0
498149,2025-02-21,FL1,Stade Rennais FC 1901,Stade de Reims,1,0,23.0,H,2024.0
498854,2025-02-21,PD,RC Celta de Vigo,CA Osasuna,1,0,25.0,H,2024.0
503298,2025-02-21,SA,US Lecce,Udinese Calcio,0,1,26.0,A,2024.0
497660,2025-02-21,PL,Leicester City FC,Brentford FC,0,4,26.0,A,2024.0
497662,2025-02-22,PL,Aston Villa FC,Chelsea FC,2,1,26.0,H,2024.0
502569,2025-02-22,BL1,Holstein Kiel,Bayer 04 Leverkusen,0,2,23.0,A,2024.0
502576,2025-02-22,BL1,VfL Wolfsburg,VfL Bochum 1848,1,1,23.0,D,2024.0
502577,2025-02-22,BL1,1. FSV Mainz 05,FC St. Pauli 1910,2,0,23.0,H,2024.0
497667,2025-02-22,PL,Fulham FC,Crystal Palace FC,0,2,26.0,A,2024.0
497661,2025-02-22,PL,Southampton FC,Brighton & Hove Albion FC,0,4,26.0,A,2024.0
497665,2025-02-22,PL,Everton FC,Manchester United FC,2,2,26.0,D,2024.0
497666,2025-02-22,PL,Ipswich Town FC,Tottenham Hotspur FC,1,4,26.0,A,2024.0
497669,2025-02-22,PL,AFC Bournemouth,Wolverhampton Wanderers FC,0,1,26.0,A,2024.0
502574,2025-02-22,BL1,Borussia Mönchengladbach,FC Augsburg,0,3,23.0,A,2024.0
498155,2025-02-22,FL1,AJ Auxerre,Olympique de Marseille,3,0,23.0,H,2024.0
502575,2025-02-22,BL1,Borussia Dortmund,1. FC Union Berlin,6,0,23.0,H,2024.0
497668,2025-02-22,PL,Arsenal FC,West Ham United FC,0,1,26.0,A,2024.0
498862,2025-02-22,PD,Deportivo Alavés,RCD Espanyol de Barcelona,0,1,25.0,A,2024.0
503302,2025-02-22,SA,Venezia FC,SS Lazio,0,0,26.0,D,2024.0
503301,2025-02-22,SA,Torino FC,AC Milan,2,1,26.0,H,2024.0
503297,2025-02-22,SA,FC Internazionale Milano,Genoa CFC,1,0,26.0,H,2024.0
503299,2025-02-22,SA,Parma Calcio 1913,Bologna FC 1909,2,0,26.0,H,2024.0
498151,2025-02-22,FL1,Lille OSC,AS Monaco FC,2,1,23.0,H,2024.0
498154,2025-02-22,FL1,AS Saint-Étienne,Angers SCO,3,3,23.0,D,2024.0
498861,2025-02-22,PD,UD Las Palmas,FC Barcelona,0,2,25.0,A,2024.0
498858,2025-02-22,PD,Rayo Vallecano de Madrid,Villarreal CF,0,1,25.0,A,2024.0
498857,2025-02-22,PD,Valencia CF,Club Atlético de Madrid,0,3,25.0,A,2024.0
498156,2025-02-23,FL1,OGC Nice,Montpellier HSC,2,0,23.0,H,2024.0
498157,2025-02-23,FL1,Olympique Lyonnais,Paris Saint-Germain FC,2,3,23.0,A,2024.0
503294,2025-02-23,SA,Como 1907,SSC Napoli,2,1,26.0,H,2024.0
498150,2025-02-23,FL1,Le Havre AC,Toulouse FC,1,4,23.0,A,2024.0
498153,2025-02-23,FL1,FC Nantes,Racing Club de Lens,3,1,23.0,H,2024.0
503293,2025-02-23,SA,Cagliari Calcio,Juventus FC,0,1,26.0,A,2024.0
498152,2025-02-23,FL1,RC Strasbourg Alsace,Stade Brestois 29,0,0,23.0,D,2024.0
498859,2025-02-23,PD,Real Madrid CF,Girona FC,2,0,25.0,H,2024.0
498855,2025-02-23,PD,Getafe CF,Real Betis Balompié,1,2,25.0,A,2024.0
503295,2025-02-23,SA,Empoli FC,Atalanta BC,0,5,26.0,A,2024.0
502570,2025-02-23,BL1,TSG 1899 Hoffenheim,VfB Stuttgart,1,1,23.0,D,2024.0
502571,2025-02-23,BL1,FC Bayern München,Eintracht Frankfurt,4,0,23.0,H,2024.0
502572,2025-02-23,BL1,RB Leipzig,1. FC Heidenheim 1846,2,2,23.0,D,2024.0
498853,2025-02-23,PD,Athletic Club,Real Valladolid CF,7,1,25.0,H,2024.0
497664,2025-02-23,PL,Manchester City FC,Liverpool FC,0,2,26.0,A,2024.0
497663,2025-02-23,PL,Newcastle United FC,Nottingham Forest FC,4,3,26.0,H,2024.0
498860,2025-02-23,PD,Real Sociedad de Fútbol,CD Leganés,3,0,25.0,H,2024.0
503296,2025-02-23,SA,Hellas Verona FC,ACF Fiorentina,1,0,26.0,H,2024.0
498856,2025-02-24,PD,Sevilla FC,RCD Mallorca,1,1,25.0,D,2024.0
503300,2025-02-24,SA,AS Roma,AC Monza,4,0,26.0,H,2024.0
497678,2025-02-25,PL,Chelsea FC,Southampton FC,4,0,27.0,H,2024.0
497674,2025-02-25,PL,Wolverhampton Wanderers FC,Fulham FC,1,2,27.0,A,2024.0
497672,2025-02-25,PL,Crystal Palace FC,Aston Villa FC,4,1,27.0,H,2024.0
497670,2025-02-25,PL,Brighton & Hove Albion FC,AFC Bournemouth,2,1,27.0,H,2024.0
497673,2025-02-26,PL,Brentford FC,Everton FC,1,1,27.0,D,2024.0
497671,2025-02-26,PL,Nottingham Forest FC,Arsenal FC,0,0,27.0,D,2024.0
497677,2025-02-26,PL,Manchester United FC,Ipswich Town FC,3,2,27.0,H,2024.0
497679,2025-02-26,PL,Liverpool FC,Newcastle United FC,2,0,27.0,H,2024.0
497675,2025-02-26,PL,Tottenham Hotspur FC,Manchester City FC,0,1,27.0,A,2024.0
497676,2025-02-27,PL,West Ham United FC,Leicester City FC,2,0,27.0,H,2024.0
503124,2025-02-27,SA,Bologna FC 1909,AC Milan,2,1,9.0,H,2024.0
502579,2025-02-28,BL1,VfB Stuttgart,FC Bayern München,1,3,24.0,A,2024.0
503305,2025-02-28,SA,ACF Fiorentina,US Lecce,1,0,27.0,H,2024.0
498871,2025-02-28,PD,Real Valladolid CF,UD Las Palmas,1,1,26.0,D,2024.0
498165,2025-02-28,FL1,AS Monaco FC,Stade de Reims,3,0,24.0,H,2024.0
502578,2025-03-01,BL1,Eintracht Frankfurt,Bayer 04 Leverkusen,1,4,24.0,A,2024.0
502585,2025-03-01,BL1,1. FC Heidenheim 1846,Borussia Mönchengladbach,0,3,24.0,A,2024.0
503312,2025-03-01,SA,Udinese Calcio,Parma Calcio 1913,1,0,27.0,H,2024.0
503310,2025-03-01,SA,SSC Napoli,FC Internazionale Milano,1,1,27.0,D,2024.0
503303,2025-03-01,SA,Atalanta BC,Venezia FC,0,0,27.0,D,2024.0
502584,2025-03-01,BL1,RB Leipzig,1. FSV Mainz 05,1,2,24.0,A,2024.0
502581,2025-03-01,BL1,VfL Bochum 1848,TSG 1899 Hoffenheim,0,1,24.0,A,2024.0
498158,2025-03-01,FL1,Paris Saint-Germain FC,Lille OSC,4,1,24.0,H,2024.0
498868,2025-03-01,PD,Girona FC,RC Celta de Vigo,2,2,26.0,D,2024.0
498864,2025-03-01,PD,Real Betis Balompié,Real Madrid CF,2,1,26.0,H,2024.0
498869,2025-03-01,PD,Rayo Vallecano de Madrid,Sevilla FC,1,1,26.0,D,2024.0
498863,2025-03-01,PD,Club Atlético de Madrid,Athletic Club,1,0,26.0,H,2024.0
502583,2025-03-01,BL1,SV Werder Bremen,VfL Wolfsburg,1,2,24.0,A,2024.0
498162,2025-03-01,FL1,AS Saint-Étienne,OGC Nice,1,3,24.0,A,2024.0
498163,2025-03-01,FL1,Racing Club de Lens,Le Havre AC,3,4,24.0,A,2024.0
502580,2025-03-01,BL1,FC St. Pauli 1910,Borussia Dortmund,0,2,24.0,A,2024.0
498865,2025-03-02,PD,CA Osasuna,Valencia CF,3,3,26.0,D,2024.0
503306,2025-03-02,SA,Genoa CFC,Empoli FC,1,1,27.0,D,2024.0
498870,2025-03-02,PD,RCD Mallorca,Deportivo Alavés,1,1,26.0,D,2024.0
502586,2025-03-02,BL1,1. FC Union Berlin,Holstein Kiel,0,1,24.0,A,2024.0
502582,2025-03-02,BL1,FC Augsburg,SC Freiburg,0,0,24.0,D,2024.0
498164,2025-03-02,FL1,AJ Auxerre,RC Strasbourg Alsace,0,1,24.0,A,2024.0
498161,2025-03-02,FL1,Montpellier HSC,Stade Rennais FC 1901,0,4,24.0,A,2024.0
498166,2025-03-02,FL1,Angers SCO,Toulouse FC,0,4,24.0,A,2024.0
498159,2025-03-02,FL1,Olympique de Marseille,FC Nantes,2,0,24.0,H,2024.0
503308,2025-03-02,SA,AC Milan,SS Lazio,1,2,27.0,A,2024.0
503311,2025-03-02,SA,AS Roma,Como 1907,2,1,27.0,H,2024.0
503304,2025-03-02,SA,Bologna FC 1909,Cagliari Calcio,2,1,27.0,H,2024.0
503309,2025-03-02,SA,AC Monza,Torino FC,0,2,27.0,A,2024.0
498866,2025-03-02,PD,CD Leganés,Getafe CF,1,0,26.0,H,2024.0
498867,2025-03-02,PD,FC Barcelona,Real Sociedad de Fútbol,4,0,26.0,H,2024.0
498160,2025-03-02,FL1,Olympique Lyonnais,Stade Brestois 29,2,1,24.0,H,2024.0
503307,2025-03-03,SA,Juventus FC,Hellas Verona FC,2,0,27.0,H,2024.0
524093,2025-03-04,CL,Club Brugge KV,Aston Villa FC,1,3,1.0,A,2024.0
524094,2025-03-04,CL,Real Madrid CF,Club Atlético de Madrid,2,1,1.0,H,2024.0
524098,2025-03-04,CL,Borussia Dortmund,Lille OSC,1,1,1.0,D,2024.0
524095,2025-03-04,CL,PSV,Arsenal FC,1,7,1.0,A,2024.0
524099,2025-03-05,CL,Sport Lisboa e Benfica,FC Barcelona,0,1,1.0,A,2024.0
524096,2025-03-05,CL,Feyenoord Rotterdam,FC Internazionale Milano,0,2,1.0,A,2024.0
524097,2025-03-05,CL,FC Bayern München,Bayer 04 Leverkusen,3,0,1.0,H,2024.0
524092,2025-03-05,CL,Paris Saint-Germain FC,Liverpool FC,0,1,1.0,A,2024.0
502592,2025-03-07,BL1,Borussia Mönchengladbach,1. FSV Mainz 05,1,3,25.0,A,2024.0
503313,2025-03-07,SA,Cagliari Calcio,Genoa CFC,1,1,28.0,D,2024.0
498170,2025-03-07,FL1,Toulouse FC,AS Monaco FC,1,1,25.0,D,2024.0
502590,2025-03-08,BL1,Bayer 04 Leverkusen,SV Werder Bremen,0,2,25.0,A,2024.0
502587,2025-03-08,BL1,Holstein Kiel,VfB Stuttgart,2,2,25.0,D,2024.0
498175,2025-03-08,FL1,Olympique de Marseille,Racing Club de Lens,0,1,25.0,A,2024.0
498173,2025-03-08,FL1,Lille OSC,Montpellier HSC,1,0,25.0,H,2024.0
497683,2025-03-08,PL,Wolverhampton Wanderers FC,Everton FC,1,1,28.0,D,2024.0
498174,2025-03-08,FL1,Stade Rennais FC 1901,Paris Saint-Germain FC,1,4,25.0,A,2024.0
497688,2025-03-08,PL,Liverpool FC,Southampton FC,3,1,28.0,H,2024.0
498875,2025-03-08,PD,RC Celta de Vigo,CD Leganés,2,1,27.0,H,2024.0
497685,2025-03-08,PL,Crystal Palace FC,Ipswich Town FC,1,0,28.0,H,2024.0
498876,2025-03-08,PD,Deportivo Alavés,Villarreal CF,1,0,27.0,H,2024.0
502591,2025-03-08,BL1,Borussia Dortmund,FC Augsburg,0,1,25.0,A,2024.0
502595,2025-03-08,BL1,VfL Wolfsburg,FC St. Pauli 1910,1,1,25.0,D,2024.0
497684,2025-03-08,PL,Brighton & Hove Albion FC,Fulham FC,2,1,28.0,H,2024.0
498879,2025-03-08,PD,Valencia CF,Real Valladolid CF,2,1,27.0,H,2024.0
497682,2025-03-08,PL,Brentford FC,Aston Villa FC,0,1,28.0,A,2024.0
502594,2025-03-08,BL1,FC Bayern München,VfL Bochum 1848,2,3,25.0,A,2024.0
502588,2025-03-08,BL1,SC Freiburg,RB Leipzig,0,0,25.0,D,2024.0
497687,2025-03-08,PL,Nottingham Forest FC,Manchester City FC,1,0,28.0,H,2024.0
503320,2025-03-08,SA,US Lecce,AC Milan,2,3,28.0,A,2024.0
503322,2025-03-08,SA,Parma Calcio 1913,Torino FC,2,2,28.0,D,2024.0
503314,2025-03-08,SA,Como 1907,Venezia FC,1,1,28.0,D,2024.0
503317,2025-03-08,SA,FC Internazionale Milano,AC Monza,3,2,28.0,H,2024.0
502593,2025-03-09,BL1,Eintracht Frankfurt,1. FC Union Berlin,1,2,25.0,A,2024.0
502589,2025-03-09,BL1,TSG 1899 Hoffenheim,1. FC Heidenheim 1846,1,1,25.0,D,2024.0
498881,2025-03-09,PD,Real Sociedad de Fútbol,Sevilla FC,0,1,27.0,A,2024.0
498874,2025-03-09,PD,Real Betis Balompié,UD Las Palmas,1,0,27.0,H,2024.0
498873,2025-03-09,PD,Athletic Club,RCD Mallorca,1,1,27.0,D,2024.0
498880,2025-03-09,PD,Real Madrid CF,Rayo Vallecano de Madrid,2,1,27.0,H,2024.0
498878,2025-03-09,PD,Getafe CF,Club Atlético de Madrid,2,1,27.0,H,2024.0
498172,2025-03-09,FL1,Stade Brestois 29,Angers SCO,2,0,25.0,H,2024.0
497680,2025-03-09,PL,Tottenham Hotspur FC,AFC Bournemouth,2,2,28.0,D,2024.0
497689,2025-03-09,PL,Chelsea FC,Leicester City FC,1,0,28.0,H,2024.0
498169,2025-03-09,FL1,FC Nantes,RC Strasbourg Alsace,0,1,25.0,A,2024.0
498168,2025-03-09,FL1,Stade de Reims,AJ Auxerre,0,2,25.0,A,2024.0
503321,2025-03-09,SA,SSC Napoli,ACF Fiorentina,2,1,28.0,H,2024.0
498171,2025-03-09,FL1,OGC Nice,Olympique Lyonnais,0,2,25.0,A,2024.0
498167,2025-03-09,FL1,Le Havre AC,AS Saint-Étienne,1,1,25.0,D,2024.0
503315,2025-03-09,SA,Empoli FC,AS Roma,0,1,28.0,A,2024.0
503318,2025-03-09,SA,Juventus FC,Atalanta BC,0,4,28.0,A,2024.0
497681,2025-03-09,PL,Manchester United FC,Arsenal FC,1,1,28.0,D,2024.0
503316,2025-03-09,SA,Hellas Verona FC,Bologna FC 1909,1,2,28.0,A,2024.0
497686,2025-03-10,PL,West Ham United FC,Newcastle United FC,0,1,28.0,A,2024.0
498882,2025-03-10,PD,RCD Espanyol de Barcelona,Girona FC,1,1,27.0,D,2024.0
503319,2025-03-10,SA,SS Lazio,Udinese Calcio,1,1,28.0,D,2024.0
524107,2025-03-11,CL,FC Barcelona,Sport Lisboa e Benfica,3,1,2.0,H,2024.0
524100,2025-03-11,CL,Liverpool FC,Paris Saint-Germain FC,1,5,2.0,A,2024.0
524105,2025-03-11,CL,Bayer 04 Leverkusen,FC Bayern München,0,2,2.0,A,2024.0
524104,2025-03-11,CL,FC Internazionale Milano,Feyenoord Rotterdam,2,1,2.0,H,2024.0
524103,2025-03-12,CL,Arsenal FC,PSV,2,2,2.0,D,2024.0
524101,2025-03-12,CL,Aston Villa FC,Club Brugge KV,3,0,2.0,H,2024.0
524106,2025-03-12,CL,Lille OSC,Borussia Dortmund,1,2,2.0,A,2024.0
524102,2025-03-12,CL,Club Atlético de Madrid,Real Madrid CF,3,4,2.0,A,2024.0
498177,2025-03-14,FL1,OGC Nice,AJ Auxerre,1,1,26.0,D,2024.0
502600,2025-03-14,BL1,FC St. Pauli 1910,TSG 1899 Hoffenheim,1,0,26.0,H,2024.0
503326,2025-03-14,SA,Genoa CFC,US Lecce,2,1,29.0,H,2024.0
498891,2025-03-14,PD,UD Las Palmas,Deportivo Alavés,2,2,28.0,D,2024.0
498183,2025-03-15,FL1,FC Nantes,Lille OSC,1,0,26.0,H,2024.0
497690,2025-03-15,PL,AFC Bournemouth,Brentford FC,1,2,29.0,A,2024.0
497695,2025-03-15,PL,Ipswich Town FC,Nottingham Forest FC,2,4,29.0,A,2024.0
503330,2025-03-15,SA,Torino FC,Empoli FC,1,0,29.0,H,2024.0
503327,2025-03-15,SA,AC Milan,Como 1907,2,1,29.0,H,2024.0
503328,2025-03-15,SA,AC Monza,Parma Calcio 1913,1,1,29.0,D,2024.0
497693,2025-03-15,PL,Everton FC,West Ham United FC,1,1,29.0,D,2024.0
502603,2025-03-15,BL1,SV Werder Bremen,Borussia Mönchengladbach,2,4,26.0,A,2024.0
498181,2025-03-15,FL1,Racing Club de Lens,Stade Rennais FC 1901,1,0,26.0,H,2024.0
502601,2025-03-15,BL1,1. FSV Mainz 05,SC Freiburg,2,2,26.0,D,2024.0
502598,2025-03-15,BL1,RB Leipzig,Borussia Dortmund,2,0,26.0,H,2024.0
502597,2025-03-15,BL1,1. FC Union Berlin,FC Bayern München,1,1,26.0,D,2024.0
497699,2025-03-15,PL,Southampton FC,Wolverhampton Wanderers FC,1,2,29.0,A,2024.0
498888,2025-03-15,PD,Villarreal CF,Real Madrid CF,1,2,28.0,A,2024.0
503331,2025-03-15,SA,Udinese Calcio,Hellas Verona FC,0,1,29.0,A,2024.0
498184,2025-03-15,FL1,Angers SCO,AS Monaco FC,0,2,26.0,A,2024.0
498892,2025-03-15,PD,RCD Mallorca,RCD Espanyol de Barcelona,2,1,28.0,H,2024.0
498890,2025-03-15,PD,Real Valladolid CF,RC Celta de Vigo,0,1,28.0,A,2024.0
497697,2025-03-15,PL,Manchester City FC,Brighton & Hove Albion FC,2,2,29.0,D,2024.0
502602,2025-03-15,BL1,FC Augsburg,VfL Wolfsburg,1,0,26.0,H,2024.0
498886,2025-03-15,PD,Girona FC,Valencia CF,1,1,28.0,D,2024.0
498885,2025-03-16,PD,CD Leganés,Real Betis Balompié,2,3,28.0,A,2024.0
503324,2025-03-16,SA,Bologna FC 1909,SS Lazio,5,0,29.0,H,2024.0
503329,2025-03-16,SA,AS Roma,Cagliari Calcio,1,0,29.0,H,2024.0
502599,2025-03-16,BL1,VfL Bochum 1848,Eintracht Frankfurt,1,3,26.0,A,2024.0
502596,2025-03-16,BL1,VfB Stuttgart,Bayer 04 Leverkusen,3,4,26.0,A,2024.0
502604,2025-03-16,BL1,1. FC Heidenheim 1846,Holstein Kiel,3,1,26.0,H,2024.0
498887,2025-03-16,PD,Sevilla FC,Athletic Club,0,1,28.0,A,2024.0
503325,2025-03-16,SA,ACF Fiorentina,Juventus FC,3,0,29.0,H,2024.0
498884,2025-03-16,PD,CA Osasuna,Getafe CF,1,2,28.0,A,2024.0
497691,2025-03-16,PL,Arsenal FC,Chelsea FC,1,0,29.0,H,2024.0
498883,2025-03-16,PD,Club Atlético de Madrid,FC Barcelona,2,4,28.0,A,2024.0
503323,2025-03-16,SA,Atalanta BC,FC Internazionale Milano,0,2,29.0,A,2024.0
498180,2025-03-16,FL1,Olympique Lyonnais,Le Havre AC,4,2,26.0,H,2024.0
497694,2025-03-16,PL,Fulham FC,Tottenham Hotspur FC,2,0,29.0,H,2024.0
498176,2025-03-16,FL1,Paris Saint-Germain FC,Olympique de Marseille,3,1,26.0,H,2024.0
498182,2025-03-16,FL1,RC Strasbourg Alsace,Toulouse FC,2,1,26.0,H,2024.0
498179,2025-03-16,FL1,Stade Brestois 29,Stade de Reims,0,0,26.0,D,2024.0
497696,2025-03-16,PL,Leicester City FC,Manchester United FC,0,3,29.0,A,2024.0
503332,2025-03-16,SA,Venezia FC,SSC Napoli,0,0,29.0,D,2024.0
498889,2025-03-16,PD,Rayo Vallecano de Madrid,Real Sociedad de Fútbol,2,2,28.0,D,2024.0
498877,2025-03-27,PD,FC Barcelona,CA Osasuna,3,0,27.0,H,2024.0
498188,2025-03-28,FL1,RC Strasbourg Alsace,Olympique Lyonnais,4,2,27.0,H,2024.0
502612,2025-03-28,BL1,Bayer 04 Leverkusen,VfL Bochum 1848,3,1,27.0,H,2024.0
502606,2025-03-29,BL1,Borussia Mönchengladbach,RB Leipzig,1,0,27.0,H,2024.0
503342,2025-03-29,SA,Venezia FC,Bologna FC 1909,0,1,30.0,A,2024.0
498193,2025-03-29,FL1,AS Monaco FC,OGC Nice,2,1,27.0,H,2024.0
498190,2025-03-29,FL1,AS Saint-Étienne,Paris Saint-Germain FC,1,6,27.0,A,2024.0
498191,2025-03-29,FL1,Stade de Reims,Olympique de Marseille,3,1,27.0,H,2024.0
502613,2025-03-29,BL1,FC Bayern München,FC St. Pauli 1910,3,2,27.0,H,2024.0
502609,2025-03-29,BL1,TSG 1899 Hoffenheim,FC Augsburg,1,1,27.0,D,2024.0
502608,2025-03-29,BL1,Holstein Kiel,SV Werder Bremen,0,3,27.0,A,2024.0
502605,2025-03-29,BL1,Eintracht Frankfurt,VfB Stuttgart,1,0,27.0,H,2024.0
498900,2025-03-29,PD,Real Madrid CF,CD Leganés,3,2,29.0,H,2024.0
498902,2025-03-29,PD,RCD Espanyol de Barcelona,Club Atlético de Madrid,1,1,29.0,D,2024.0
503340,2025-03-29,SA,US Lecce,AS Roma,0,1,30.0,A,2024.0
503334,2025-03-29,SA,Como 1907,Empoli FC,1,1,30.0,D,2024.0
498896,2025-03-29,PD,Deportivo Alavés,Rayo Vallecano de Madrid,0,2,29.0,A,2024.0
498901,2025-03-29,PD,Real Sociedad de Fútbol,Real Valladolid CF,2,1,29.0,H,2024.0
503338,2025-03-29,SA,Juventus FC,Genoa CFC,1,0,30.0,H,2024.0
502607,2025-03-29,BL1,VfL Wolfsburg,1. FC Heidenheim 1846,0,1,27.0,A,2024.0
503341,2025-03-30,SA,SSC Napoli,AC Milan,2,1,30.0,H,2024.0
498894,2025-03-30,PD,Real Betis Balompié,Sevilla FC,2,1,29.0,H,2024.0
498189,2025-03-30,FL1,Toulouse FC,Stade Brestois 29,2,4,27.0,A,2024.0
498186,2025-03-30,FL1,AJ Auxerre,Montpellier HSC,1,0,27.0,H,2024.0
498185,2025-03-30,FL1,Angers SCO,Stade Rennais FC 1901,0,3,27.0,A,2024.0
498187,2025-03-30,FL1,Le Havre AC,FC Nantes,3,2,27.0,H,2024.0
498897,2025-03-30,PD,FC Barcelona,Girona FC,4,1,29.0,H,2024.0
503337,2025-03-30,SA,FC Internazionale Milano,Udinese Calcio,2,1,30.0,H,2024.0
498893,2025-03-30,PD,Athletic Club,CA Osasuna,0,0,29.0,D,2024.0
503335,2025-03-30,SA,ACF Fiorentina,Atalanta BC,1,0,30.0,H,2024.0
498899,2025-03-30,PD,Valencia CF,RCD Mallorca,1,0,29.0,H,2024.0
498192,2025-03-30,FL1,Lille OSC,Racing Club de Lens,1,0,27.0,H,2024.0
502611,2025-03-30,BL1,SC Freiburg,1. FC Union Berlin,1,2,27.0,A,2024.0
502610,2025-03-30,BL1,Borussia Dortmund,1. FSV Mainz 05,3,1,27.0,H,2024.0
498898,2025-03-30,PD,Getafe CF,Villarreal CF,1,2,29.0,A,2024.0
503333,2025-03-30,SA,Cagliari Calcio,AC Monza,3,0,30.0,H,2024.0
503339,2025-03-31,SA,SS Lazio,Torino FC,1,1,30.0,D,2024.0
498895,2025-03-31,PD,RC Celta de Vigo,UD Las Palmas,1,1,29.0,D,2024.0
503336,2025-03-31,SA,Hellas Verona FC,Parma Calcio 1913,0,0,30.0,D,2024.0
497704,2025-04-01,PL,Wolverhampton Wanderers FC,West Ham United FC,1,0,30.0,H,2024.0
497701,2025-04-01,PL,Arsenal FC,Fulham FC,2,1,30.0,H,2024.0
497703,2025-04-01,PL,Nottingham Forest FC,Manchester United FC,1,0,30.0,H,2024.0
497709,2025-04-02,PL,Liverpool FC,Everton FC,1,0,30.0,H,2024.0
497700,2025-04-02,PL,AFC Bournemouth,Ipswich Town FC,1,2,30.0,A,2024.0
497702,2025-04-02,PL,Brighton & Hove Albion FC,Aston Villa FC,0,3,30.0,A,2024.0
497708,2025-04-02,PL,Southampton FC,Crystal Palace FC,1,1,30.0,D,2024.0
497707,2025-04-02,PL,Newcastle United FC,Brentford FC,2,1,30.0,H,2024.0
497706,2025-04-02,PL,Manchester City FC,Leicester City FC,2,0,30.0,H,2024.0
497705,2025-04-03,PL,Chelsea FC,Tottenham Hotspur FC,1,0,30.0,H,2024.0
498195,2025-04-04,FL1,OGC Nice,FC Nantes,1,2,28.0,A,2024.0
503346,2025-04-04,SA,Genoa CFC,Udinese Calcio,1,0,31.0,H,2024.0
498912,2025-04-04,PD,Rayo Vallecano de Madrid,RCD Espanyol de Barcelona,0,4,30.0,A,2024.0
502616,2025-04-04,BL1,FC Augsburg,FC Bayern München,1,3,28.0,A,2024.0
498198,2025-04-05,FL1,Olympique Lyonnais,Lille OSC,2,1,28.0,H,2024.0
503349,2025-04-05,SA,AC Monza,Como 1907,1,3,31.0,A,2024.0
497712,2025-04-05,PL,Crystal Palace FC,Brighton & Hove Albion FC,2,1,31.0,H,2024.0
497713,2025-04-05,PL,Everton FC,Arsenal FC,1,1,31.0,D,2024.0
497719,2025-04-05,PL,West Ham United FC,AFC Bournemouth,2,2,31.0,D,2024.0
497710,2025-04-05,PL,Aston Villa FC,Nottingham Forest FC,2,1,31.0,H,2024.0
498200,2025-04-05,FL1,Paris Saint-Germain FC,Angers SCO,1,0,28.0,H,2024.0
498196,2025-04-05,FL1,Stade Brestois 29,AS Monaco FC,2,1,28.0,H,2024.0
497715,2025-04-05,PL,Ipswich Town FC,Wolverhampton Wanderers FC,1,2,31.0,A,2024.0
503350,2025-04-05,SA,Parma Calcio 1913,FC Internazionale Milano,2,2,31.0,D,2024.0
503348,2025-04-05,SA,AC Milan,ACF Fiorentina,2,2,31.0,D,2024.0
502619,2025-04-05,BL1,RB Leipzig,TSG 1899 Hoffenheim,3,1,28.0,H,2024.0
502622,2025-04-05,BL1,1. FSV Mainz 05,Holstein Kiel,1,1,28.0,D,2024.0
502615,2025-04-05,BL1,VfL Bochum 1848,VfB Stuttgart,0,4,28.0,A,2024.0
498904,2025-04-05,PD,FC Barcelona,Real Betis Balompié,1,1,30.0,D,2024.0
498908,2025-04-05,PD,RCD Mallorca,RC Celta de Vigo,1,2,30.0,A,2024.0
498909,2025-04-05,PD,Real Madrid CF,Valencia CF,1,2,30.0,A,2024.0
498905,2025-04-05,PD,Girona FC,Deportivo Alavés,0,1,30.0,A,2024.0
502614,2025-04-05,BL1,1. FC Heidenheim 1846,Bayer 04 Leverkusen,0,1,28.0,A,2024.0
502618,2025-04-05,BL1,SV Werder Bremen,Eintracht Frankfurt,2,0,28.0,H,2024.0
502617,2025-04-05,BL1,SC Freiburg,Borussia Dortmund,1,4,28.0,A,2024.0
498906,2025-04-06,PD,Sevilla FC,Club Atlético de Madrid,1,2,30.0,A,2024.0
498911,2025-04-06,PD,UD Las Palmas,Real Sociedad de Fútbol,1,3,30.0,A,2024.0
498907,2025-04-06,PD,Villarreal CF,Athletic Club,0,0,30.0,D,2024.0
503351,2025-04-06,SA,AS Roma,Juventus FC,1,1,31.0,D,2024.0
503352,2025-04-06,SA,Torino FC,Hellas Verona FC,1,1,31.0,D,2024.0
503345,2025-04-06,SA,Empoli FC,Cagliari Calcio,0,0,31.0,D,2024.0
503347,2025-04-06,SA,US Lecce,Venezia FC,1,1,31.0,D,2024.0
498910,2025-04-06,PD,Real Valladolid CF,Getafe CF,0,4,30.0,A,2024.0
502621,2025-04-06,BL1,FC St. Pauli 1910,Borussia Mönchengladbach,1,1,28.0,D,2024.0
503343,2025-04-06,SA,Atalanta BC,SS Lazio,0,1,31.0,A,2024.0
498201,2025-04-06,FL1,Stade de Reims,RC Strasbourg Alsace,0,1,28.0,A,2024.0
497711,2025-04-06,PL,Brentford FC,Chelsea FC,0,0,31.0,D,2024.0
497714,2025-04-06,PL,Fulham FC,Liverpool FC,3,2,31.0,H,2024.0
497718,2025-04-06,PL,Tottenham Hotspur FC,Southampton FC,3,1,31.0,H,2024.0
497717,2025-04-06,PL,Manchester United FC,Manchester City FC,0,0,31.0,D,2024.0
502620,2025-04-06,BL1,1. FC Union Berlin,VfL Wolfsburg,1,0,28.0,H,2024.0
498202,2025-04-06,FL1,Stade Rennais FC 1901,AJ Auxerre,0,1,28.0,A,2024.0
498199,2025-04-06,FL1,Racing Club de Lens,AS Saint-Étienne,1,0,28.0,H,2024.0
498197,2025-04-06,FL1,Montpellier HSC,Le Havre AC,0,2,28.0,A,2024.0
498194,2025-04-06,FL1,Olympique de Marseille,Toulouse FC,3,2,28.0,H,2024.0
497716,2025-04-07,PL,Leicester City FC,Newcastle United FC,0,3,31.0,A,2024.0
498903,2025-04-07,PD,CD Leganés,CA Osasuna,1,1,30.0,D,2024.0
503344,2025-04-07,SA,Bologna FC 1909,SSC Napoli,1,1,31.0,D,2024.0
524111,2025-04-08,CL,FC Bayern München,FC Internazionale Milano,1,2,1.0,A,2024.0
524108,2025-04-08,CL,Arsenal FC,Real Madrid CF,3,0,1.0,H,2024.0
524109,2025-04-09,CL,Paris Saint-Germain FC,Aston Villa FC,3,1,1.0,H,2024.0
524110,2025-04-09,CL,FC Barcelona,Borussia Dortmund,4,0,1.0,H,2024.0
503361,2025-04-11,SA,Udinese Calcio,AC Milan,0,4,32.0,A,2024.0
498920,2025-04-11,PD,Valencia CF,Sevilla FC,1,0,31.0,H,2024.0
502623,2025-04-11,BL1,VfL Wolfsburg,RB Leipzig,2,3,29.0,A,2024.0
498210,2025-04-11,FL1,Racing Club de Lens,Stade de Reims,0,2,29.0,A,2024.0
502627,2025-04-12,BL1,Borussia Mönchengladbach,SC Freiburg,1,2,29.0,A,2024.0
502628,2025-04-12,BL1,VfL Bochum 1848,FC Augsburg,1,2,29.0,A,2024.0
498917,2025-04-12,PD,CD Leganés,FC Barcelona,0,1,31.0,A,2024.0
502631,2025-04-12,BL1,Holstein Kiel,FC St. Pauli 1910,1,2,29.0,A,2024.0
498921,2025-04-12,PD,Real Sociedad de Fútbol,RCD Mallorca,0,2,31.0,A,2024.0
497721,2025-04-12,PL,Arsenal FC,Brentford FC,1,1,32.0,D,2024.0
502629,2025-04-12,BL1,TSG 1899 Hoffenheim,1. FSV Mainz 05,2,0,29.0,H,2024.0
498919,2025-04-12,PD,Getafe CF,UD Las Palmas,1,3,31.0,A,2024.0
497728,2025-04-12,PL,Southampton FC,Aston Villa FC,0,3,32.0,A,2024.0
503358,2025-04-12,SA,Juventus FC,US Lecce,2,1,32.0,H,2024.0
498211,2025-04-12,FL1,AS Monaco FC,Olympique de Marseille,3,0,29.0,H,2024.0
497722,2025-04-12,PL,Brighton & Hove Albion FC,Leicester City FC,2,2,32.0,D,2024.0
503357,2025-04-12,SA,FC Internazionale Milano,Cagliari Calcio,3,1,32.0,H,2024.0
497727,2025-04-12,PL,Nottingham Forest FC,Everton FC,0,1,32.0,A,2024.0
497725,2025-04-12,PL,Manchester City FC,Crystal Palace FC,5,2,32.0,H,2024.0
498922,2025-04-12,PD,RC Celta de Vigo,RCD Espanyol de Barcelona,0,2,31.0,A,2024.0
502624,2025-04-12,BL1,FC Bayern München,Borussia Dortmund,2,2,29.0,D,2024.0
498207,2025-04-12,FL1,RC Strasbourg Alsace,OGC Nice,2,2,29.0,D,2024.0
498203,2025-04-12,FL1,Toulouse FC,Lille OSC,1,2,29.0,A,2024.0
503362,2025-04-12,SA,Venezia FC,AC Monza,1,0,32.0,H,2024.0
502630,2025-04-12,BL1,Bayer 04 Leverkusen,1. FC Union Berlin,0,0,29.0,D,2024.0
503356,2025-04-13,SA,Hellas Verona FC,Genoa CFC,0,0,32.0,D,2024.0
498205,2025-04-13,FL1,AJ Auxerre,Olympique Lyonnais,1,3,29.0,A,2024.0
498915,2025-04-13,PD,Real Betis Balompié,Villarreal CF,1,2,31.0,A,2024.0
502626,2025-04-13,BL1,VfB Stuttgart,SV Werder Bremen,1,2,29.0,A,2024.0
502625,2025-04-13,BL1,Eintracht Frankfurt,1. FC Heidenheim 1846,3,0,29.0,H,2024.0
498209,2025-04-13,FL1,Angers SCO,Montpellier HSC,2,0,29.0,H,2024.0
498204,2025-04-13,FL1,Le Havre AC,Stade Rennais FC 1901,1,5,29.0,A,2024.0
498208,2025-04-13,FL1,AS Saint-Étienne,Stade Brestois 29,3,3,29.0,D,2024.0
497726,2025-04-13,PL,Newcastle United FC,Manchester United FC,4,1,32.0,H,2024.0
497724,2025-04-13,PL,Liverpool FC,West Ham United FC,2,1,32.0,H,2024.0
498918,2025-04-13,PD,Deportivo Alavés,Real Madrid CF,0,1,31.0,A,2024.0
503359,2025-04-13,SA,SS Lazio,AS Roma,1,1,32.0,D,2024.0
503354,2025-04-13,SA,Como 1907,Torino FC,1,0,32.0,H,2024.0
503355,2025-04-13,SA,ACF Fiorentina,Parma Calcio 1913,0,0,32.0,D,2024.0
503353,2025-04-13,SA,Atalanta BC,Bologna FC 1909,2,0,32.0,H,2024.0
498916,2025-04-13,PD,CA Osasuna,Girona FC,2,1,31.0,H,2024.0
498913,2025-04-13,PD,Athletic Club,Rayo Vallecano de Madrid,3,1,31.0,H,2024.0
497729,2025-04-13,PL,Wolverhampton Wanderers FC,Tottenham Hotspur FC,4,2,32.0,H,2024.0
497723,2025-04-13,PL,Chelsea FC,Ipswich Town FC,2,2,32.0,D,2024.0
503360,2025-04-14,SA,SSC Napoli,Empoli FC,3,0,32.0,H,2024.0
498914,2025-04-14,PD,Club Atlético de Madrid,Real Valladolid CF,4,2,31.0,H,2024.0
497720,2025-04-14,PL,AFC Bournemouth,Fulham FC,1,0,32.0,H,2024.0
524114,2025-04-15,CL,Borussia Dortmund,FC Barcelona,3,1,2.0,H,2024.0
524113,2025-04-15,CL,Aston Villa FC,Paris Saint-Germain FC,3,2,2.0,H,2024.0
497698,2025-04-16,PL,Newcastle United FC,Crystal Palace FC,5,0,29.0,H,2024.0
524112,2025-04-16,CL,Real Madrid CF,Arsenal FC,1,2,2.0,A,2024.0
524115,2025-04-16,CL,FC Internazionale Milano,FC Bayern München,2,2,2.0,D,2024.0
498220,2025-04-18,FL1,Stade Rennais FC 1901,FC Nantes,2,1,30.0,H,2024.0
498932,2025-04-18,PD,RCD Espanyol de Barcelona,Getafe CF,1,0,32.0,H,2024.0
502633,2025-04-19,BL1,1. FC Union Berlin,VfB Stuttgart,4,4,30.0,D,2024.0
502639,2025-04-19,BL1,SV Werder Bremen,VfL Bochum 1848,1,0,30.0,H,2024.0
502637,2025-04-19,BL1,1. FSV Mainz 05,VfL Wolfsburg,2,2,30.0,D,2024.0
497733,2025-04-19,PL,Everton FC,Manchester City FC,0,2,33.0,A,2024.0
497730,2025-04-19,PL,Aston Villa FC,Newcastle United FC,4,1,33.0,H,2024.0
497739,2025-04-19,PL,West Ham United FC,Southampton FC,1,1,33.0,D,2024.0
502634,2025-04-19,BL1,1. FC Heidenheim 1846,FC Bayern München,0,4,30.0,A,2024.0
497731,2025-04-19,PL,Brentford FC,Brighton & Hove Albion FC,4,2,33.0,H,2024.0
497732,2025-04-19,PL,Crystal Palace FC,AFC Bournemouth,0,0,33.0,D,2024.0
502636,2025-04-19,BL1,SC Freiburg,TSG 1899 Hoffenheim,3,2,30.0,H,2024.0
498216,2025-04-19,FL1,Paris Saint-Germain FC,Le Havre AC,2,1,30.0,H,2024.0
498217,2025-04-19,FL1,Olympique de Marseille,Montpellier HSC,5,1,30.0,H,2024.0
498931,2025-04-19,PD,UD Las Palmas,Club Atlético de Madrid,1,0,32.0,H,2024.0
498927,2025-04-19,PD,Rayo Vallecano de Madrid,Valencia CF,1,1,32.0,D,2024.0
498219,2025-04-19,FL1,AS Monaco FC,RC Strasbourg Alsace,0,0,30.0,D,2024.0
503367,2025-04-19,SA,US Lecce,Como 1907,0,3,33.0,A,2024.0
498923,2025-04-19,PD,FC Barcelona,RC Celta de Vigo,4,3,32.0,H,2024.0
498928,2025-04-19,PD,RCD Mallorca,CD Leganés,0,0,32.0,D,2024.0
503369,2025-04-19,SA,AC Monza,SSC Napoli,0,1,33.0,A,2024.0
503371,2025-04-19,SA,AS Roma,Hellas Verona FC,1,0,33.0,H,2024.0
502640,2025-04-19,BL1,RB Leipzig,Holstein Kiel,1,1,30.0,D,2024.0
498213,2025-04-20,FL1,OGC Nice,Angers SCO,2,1,30.0,H,2024.0
498214,2025-04-20,FL1,Stade Brestois 29,Racing Club de Lens,1,3,30.0,A,2024.0
503368,2025-04-20,SA,AC Milan,Atalanta BC,0,1,33.0,A,2024.0
498215,2025-04-20,FL1,Lille OSC,AJ Auxerre,3,1,30.0,H,2024.0
498925,2025-04-20,PD,Sevilla FC,Deportivo Alavés,1,1,32.0,D,2024.0
498926,2025-04-20,PD,Villarreal CF,Real Sociedad de Fútbol,2,2,32.0,D,2024.0
498212,2025-04-20,FL1,AS Saint-Étienne,Olympique Lyonnais,2,1,30.0,H,2024.0
498929,2025-04-20,PD,Real Madrid CF,Athletic Club,1,0,32.0,H,2024.0
498218,2025-04-20,FL1,Stade de Reims,Toulouse FC,1,0,30.0,H,2024.0
503365,2025-04-20,SA,Empoli FC,Venezia FC,2,2,33.0,D,2024.0
498930,2025-04-20,PD,Real Valladolid CF,CA Osasuna,2,3,32.0,A,2024.0
503363,2025-04-20,SA,Bologna FC 1909,FC Internazionale Milano,1,0,33.0,H,2024.0
497737,2025-04-20,PL,Manchester United FC,Wolverhampton Wanderers FC,0,1,33.0,A,2024.0
502638,2025-04-20,BL1,Borussia Dortmund,Borussia Mönchengladbach,3,2,30.0,H,2024.0
502635,2025-04-20,BL1,FC Augsburg,Eintracht Frankfurt,0,0,30.0,D,2024.0
502632,2025-04-20,BL1,FC St. Pauli 1910,Bayer 04 Leverkusen,1,1,30.0,D,2024.0
497735,2025-04-20,PL,Ipswich Town FC,Arsenal FC,0,4,33.0,A,2024.0
497734,2025-04-20,PL,Fulham FC,Chelsea FC,1,2,33.0,A,2024.0
497736,2025-04-20,PL,Leicester City FC,Liverpool FC,0,1,33.0,A,2024.0
498924,2025-04-21,PD,Girona FC,Real Betis Balompié,1,3,32.0,A,2024.0
497738,2025-04-21,PL,Tottenham Hotspur FC,Nottingham Forest FC,1,2,33.0,A,2024.0
497745,2025-04-22,PL,Manchester City FC,Aston Villa FC,2,1,34.0,H,2024.0
498942,2025-04-22,PD,Valencia CF,RCD Espanyol de Barcelona,1,1,33.0,D,2024.0
498940,2025-04-22,PD,FC Barcelona,RCD Mallorca,1,0,33.0,H,2024.0
498206,2025-04-22,FL1,FC Nantes,Paris Saint-Germain FC,1,1,29.0,D,2024.0
498933,2025-04-23,PD,Athletic Club,UD Las Palmas,1,0,33.0,H,2024.0
498938,2025-04-23,PD,RC Celta de Vigo,Villarreal CF,3,0,33.0,H,2024.0
503364,2025-04-23,SA,Cagliari Calcio,ACF Fiorentina,1,2,33.0,A,2024.0
498939,2025-04-23,PD,Deportivo Alavés,Real Sociedad de Fútbol,1,0,33.0,H,2024.0
497741,2025-04-23,PL,Arsenal FC,Crystal Palace FC,2,2,34.0,D,2024.0
503372,2025-04-23,SA,Torino FC,Udinese Calcio,2,0,33.0,H,2024.0
503366,2025-04-23,SA,Genoa CFC,SS Lazio,0,2,33.0,A,2024.0
503370,2025-04-23,SA,Parma Calcio 1913,Juventus FC,1,0,33.0,H,2024.0
498941,2025-04-23,PD,Getafe CF,Real Madrid CF,0,1,33.0,A,2024.0
498936,2025-04-24,PD,CA Osasuna,Sevilla FC,1,0,33.0,H,2024.0
498937,2025-04-24,PD,CD Leganés,Girona FC,1,1,33.0,D,2024.0
498934,2025-04-24,PD,Club Atlético de Madrid,Rayo Vallecano de Madrid,3,0,33.0,H,2024.0
498935,2025-04-24,PD,Real Betis Balompié,Real Valladolid CF,5,1,33.0,H,2024.0
502643,2025-04-25,BL1,VfB Stuttgart,1. FC Heidenheim 1846,0,1,31.0,A,2024.0
498227,2025-04-25,FL1,Paris Saint-Germain FC,OGC Nice,1,3,31.0,A,2024.0
497743,2025-04-26,PL,Chelsea FC,Everton FC,1,0,34.0,H,2024.0
498229,2025-04-26,FL1,Olympique Lyonnais,Stade Rennais FC 1901,4,1,31.0,H,2024.0
498221,2025-04-26,FL1,Le Havre AC,AS Monaco FC,1,1,31.0,D,2024.0
498222,2025-04-26,FL1,RC Strasbourg Alsace,AS Saint-Étienne,3,1,31.0,H,2024.0
502644,2025-04-26,BL1,VfL Wolfsburg,SC Freiburg,0,1,31.0,A,2024.0
497749,2025-04-26,PL,Wolverhampton Wanderers FC,Leicester City FC,3,0,34.0,H,2024.0
502642,2025-04-26,BL1,TSG 1899 Hoffenheim,Borussia Dortmund,2,3,31.0,A,2024.0
502641,2025-04-26,BL1,Eintracht Frankfurt,RB Leipzig,4,0,31.0,H,2024.0
502649,2025-04-26,BL1,Bayer 04 Leverkusen,FC Augsburg,2,0,31.0,H,2024.0
502646,2025-04-26,BL1,Holstein Kiel,Borussia Mönchengladbach,4,3,31.0,H,2024.0
502645,2025-04-26,BL1,FC Bayern München,1. FSV Mainz 05,3,0,31.0,H,2024.0
497748,2025-04-26,PL,Southampton FC,Fulham FC,1,2,34.0,A,2024.0
497742,2025-04-26,PL,Brighton & Hove Albion FC,West Ham United FC,3,2,34.0,H,2024.0
497746,2025-04-26,PL,Newcastle United FC,Ipswich Town FC,3,0,34.0,H,2024.0
497740,2025-04-27,PL,AFC Bournemouth,Manchester United FC,1,1,34.0,D,2024.0
498226,2025-04-27,FL1,Angers SCO,Lille OSC,0,2,31.0,A,2024.0
498223,2025-04-27,FL1,FC Nantes,Toulouse FC,0,0,31.0,D,2024.0
502648,2025-04-27,BL1,SV Werder Bremen,FC St. Pauli 1910,0,0,31.0,D,2024.0
502647,2025-04-27,BL1,VfL Bochum 1848,1. FC Union Berlin,1,1,31.0,D,2024.0
498224,2025-04-27,FL1,Montpellier HSC,Stade de Reims,0,0,31.0,D,2024.0
497744,2025-04-27,PL,Liverpool FC,Tottenham Hotspur FC,5,1,34.0,H,2024.0
498872,2025-04-27,PD,Villarreal CF,RCD Espanyol de Barcelona,1,0,26.0,H,2024.0
498225,2025-04-27,FL1,Racing Club de Lens,AJ Auxerre,0,4,31.0,A,2024.0
503380,2025-04-27,SA,SSC Napoli,Torino FC,2,0,34.0,H,2024.0
498228,2025-04-27,FL1,Olympique de Marseille,Stade Brestois 29,4,1,31.0,H,2024.0
503374,2025-04-27,SA,Como 1907,Genoa CFC,1,0,34.0,H,2024.0
503377,2025-04-27,SA,FC Internazionale Milano,AS Roma,0,1,34.0,A,2024.0
503375,2025-04-27,SA,ACF Fiorentina,Empoli FC,2,1,34.0,H,2024.0
503373,2025-04-27,SA,Atalanta BC,US Lecce,1,1,34.0,D,2024.0
503378,2025-04-27,SA,Juventus FC,AC Monza,2,0,34.0,H,2024.0
503382,2025-04-27,SA,Venezia FC,AC Milan,0,2,34.0,A,2024.0
503376,2025-04-28,SA,Hellas Verona FC,Cagliari Calcio,0,2,34.0,A,2024.0
503379,2025-04-28,SA,SS Lazio,Parma Calcio 1913,2,2,34.0,D,2024.0
503381,2025-04-28,SA,Udinese Calcio,Bologna FC 1909,0,0,34.0,D,2024.0
524116,2025-04-29,CL,Arsenal FC,Paris Saint-Germain FC,0,1,1.0,A,2024.0
524117,2025-04-30,CL,FC Barcelona,FC Internazionale Milano,3,3,1.0,D,2024.0
497747,2025-05-01,PL,Nottingham Forest FC,Brentford FC,0,2,34.0,A,2024.0
503392,2025-05-02,SA,Torino FC,Venezia FC,1,1,35.0,D,2024.0
502657,2025-05-02,BL1,1. FC Heidenheim 1846,VfL Bochum 1848,0,0,32.0,D,2024.0
498947,2025-05-02,PD,Rayo Vallecano de Madrid,Getafe CF,1,0,34.0,H,2024.0
498232,2025-05-02,FL1,OGC Nice,Stade de Reims,1,0,32.0,H,2024.0
497758,2025-05-02,PL,Manchester City FC,Wolverhampton Wanderers FC,1,0,35.0,H,2024.0
498946,2025-05-03,PD,Villarreal CF,CA Osasuna,4,2,34.0,H,2024.0
498950,2025-05-03,PD,Real Valladolid CF,FC Barcelona,1,2,34.0,A,2024.0
498951,2025-05-03,PD,UD Las Palmas,Valencia CF,2,3,34.0,A,2024.0
498236,2025-05-03,FL1,Toulouse FC,Stade Rennais FC 1901,2,1,32.0,H,2024.0
498237,2025-05-03,FL1,RC Strasbourg Alsace,Paris Saint-Germain FC,2,1,32.0,H,2024.0
497756,2025-05-03,PL,Everton FC,Ipswich Town FC,2,2,35.0,D,2024.0
497751,2025-05-03,PL,Aston Villa FC,Fulham FC,1,0,35.0,H,2024.0
497757,2025-05-03,PL,Leicester City FC,Southampton FC,2,0,35.0,H,2024.0
497750,2025-05-03,PL,Arsenal FC,AFC Bournemouth,1,2,35.0,A,2024.0
498943,2025-05-03,PD,Deportivo Alavés,Club Atlético de Madrid,0,0,34.0,D,2024.0
503387,2025-05-03,SA,FC Internazionale Milano,Hellas Verona FC,1,0,35.0,H,2024.0
503384,2025-05-03,SA,Cagliari Calcio,Udinese Calcio,1,2,35.0,A,2024.0
503390,2025-05-03,SA,Parma Calcio 1913,Como 1907,0,1,35.0,A,2024.0
503388,2025-05-03,SA,US Lecce,SSC Napoli,0,1,35.0,A,2024.0
502651,2025-05-03,BL1,FC St. Pauli 1910,VfB Stuttgart,0,1,32.0,A,2024.0
498234,2025-05-03,FL1,AS Saint-Étienne,AS Monaco FC,1,3,32.0,A,2024.0
502654,2025-05-03,BL1,Borussia Mönchengladbach,TSG 1899 Hoffenheim,4,4,32.0,D,2024.0
502655,2025-05-03,BL1,1. FC Union Berlin,SV Werder Bremen,2,2,32.0,D,2024.0
502656,2025-05-03,BL1,Borussia Dortmund,VfL Wolfsburg,4,0,32.0,H,2024.0
502652,2025-05-03,BL1,RB Leipzig,FC Bayern München,3,3,32.0,D,2024.0
498952,2025-05-04,PD,RCD Espanyol de Barcelona,Real Betis Balompié,1,2,34.0,A,2024.0
498238,2025-05-04,FL1,AJ Auxerre,Le Havre AC,1,2,32.0,A,2024.0
498235,2025-05-04,FL1,FC Nantes,Angers SCO,0,1,32.0,A,2024.0
503383,2025-05-04,SA,Bologna FC 1909,Juventus FC,1,1,35.0,D,2024.0
503391,2025-05-04,SA,AS Roma,ACF Fiorentina,1,0,35.0,H,2024.0
503389,2025-05-04,SA,AC Monza,Atalanta BC,0,4,35.0,A,2024.0
498948,2025-05-04,PD,Real Madrid CF,RC Celta de Vigo,3,2,34.0,H,2024.0
498945,2025-05-04,PD,Sevilla FC,CD Leganés,2,2,34.0,D,2024.0
498949,2025-05-04,PD,Real Sociedad de Fútbol,Athletic Club,0,0,34.0,D,2024.0
503385,2025-05-04,SA,Empoli FC,SS Lazio,0,1,35.0,A,2024.0
498231,2025-05-04,FL1,Lille OSC,Olympique de Marseille,1,1,32.0,D,2024.0
497753,2025-05-04,PL,Brighton & Hove Albion FC,Newcastle United FC,1,1,35.0,D,2024.0
497759,2025-05-04,PL,West Ham United FC,Tottenham Hotspur FC,1,1,35.0,D,2024.0
498230,2025-05-04,FL1,Olympique Lyonnais,Racing Club de Lens,1,2,32.0,A,2024.0
502653,2025-05-04,BL1,1. FSV Mainz 05,Eintracht Frankfurt,1,1,32.0,D,2024.0
502650,2025-05-04,BL1,SC Freiburg,Bayer 04 Leverkusen,2,2,32.0,D,2024.0
502658,2025-05-04,BL1,FC Augsburg,Holstein Kiel,1,3,32.0,A,2024.0
497752,2025-05-04,PL,Brentford FC,Manchester United FC,4,3,35.0,H,2024.0
497754,2025-05-04,PL,Chelsea FC,Liverpool FC,3,1,35.0,H,2024.0
498233,2025-05-04,FL1,Stade Brestois 29,Montpellier HSC,1,0,32.0,H,2024.0
498944,2025-05-05,PD,Girona FC,RCD Mallorca,1,0,34.0,H,2024.0
503386,2025-05-05,SA,Genoa CFC,AC Milan,1,2,35.0,A,2024.0
497755,2025-05-05,PL,Crystal Palace FC,Nottingham Forest FC,1,1,35.0,D,2024.0
524119,2025-05-06,CL,FC Internazionale Milano,FC Barcelona,4,3,2.0,H,2024.0
524118,2025-05-07,CL,Paris Saint-Germain FC,Arsenal FC,2,1,2.0,H,2024.0
502661,2025-05-09,BL1,VfL Wolfsburg,TSG 1899 Hoffenheim,2,2,33.0,D,2024.0
498961,2025-05-09,PD,UD Las Palmas,Rayo Vallecano de Madrid,0,1,35.0,A,2024.0
503398,2025-05-09,SA,AC Milan,Bologna FC 1909,3,1,36.0,H,2024.0
497761,2025-05-10,PL,Fulham FC,Everton FC,1,3,36.0,A,2024.0
502659,2025-05-10,BL1,SV Werder Bremen,RB Leipzig,0,0,33.0,D,2024.0
498239,2025-05-10,FL1,Stade de Reims,AS Saint-Étienne,0,2,33.0,A,2024.0
497769,2025-05-10,PL,Wolverhampton Wanderers FC,Brighton & Hove Albion FC,0,2,36.0,A,2024.0
497767,2025-05-10,PL,Southampton FC,Manchester City FC,0,0,36.0,D,2024.0
497760,2025-05-10,PL,AFC Bournemouth,Aston Villa FC,0,1,36.0,A,2024.0
502663,2025-05-10,BL1,Holstein Kiel,SC Freiburg,1,2,33.0,A,2024.0
502662,2025-05-10,BL1,1. FC Union Berlin,1. FC Heidenheim 1846,0,3,33.0,A,2024.0
498241,2025-05-10,FL1,Angers SCO,RC Strasbourg Alsace,2,1,33.0,H,2024.0
502665,2025-05-10,BL1,VfL Bochum 1848,1. FSV Mainz 05,1,4,33.0,A,2024.0
502666,2025-05-10,BL1,FC Bayern München,Borussia Mönchengladbach,2,0,33.0,H,2024.0
498240,2025-05-10,FL1,AJ Auxerre,FC Nantes,1,1,33.0,D,2024.0
498959,2025-05-10,PD,Valencia CF,Getafe CF,3,0,35.0,H,2024.0
498242,2025-05-10,FL1,Le Havre AC,Olympique de Marseille,1,3,33.0,A,2024.0
498958,2025-05-10,PD,Girona FC,Villarreal CF,0,1,35.0,A,2024.0
497762,2025-05-10,PL,Ipswich Town FC,Brentford FC,0,1,36.0,A,2024.0
498954,2025-05-10,PD,Club Atlético de Madrid,Real Sociedad de Fútbol,4,0,35.0,H,2024.0
498956,2025-05-10,PD,RC Celta de Vigo,Sevilla FC,3,2,35.0,H,2024.0
503395,2025-05-10,SA,Empoli FC,Parma Calcio 1913,2,1,36.0,H,2024.0
503397,2025-05-10,SA,SS Lazio,Juventus FC,1,1,36.0,D,2024.0
498960,2025-05-10,PD,RCD Mallorca,Real Valladolid CF,2,1,35.0,H,2024.0
498246,2025-05-10,FL1,Stade Brestois 29,Lille OSC,2,0,33.0,H,2024.0
498245,2025-05-10,FL1,Toulouse FC,Racing Club de Lens,1,1,33.0,D,2024.0
498244,2025-05-10,FL1,Montpellier HSC,Paris Saint-Germain FC,1,4,33.0,A,2024.0
498243,2025-05-10,FL1,Stade Rennais FC 1901,OGC Nice,2,0,33.0,H,2024.0
503394,2025-05-10,SA,Como 1907,Cagliari Calcio,3,1,36.0,H,2024.0
498247,2025-05-10,FL1,AS Monaco FC,Olympique Lyonnais,2,0,33.0,H,2024.0
498953,2025-05-11,PD,Athletic Club,Deportivo Alavés,1,0,35.0,H,2024.0
497766,2025-05-11,PL,Nottingham Forest FC,Leicester City FC,2,2,36.0,D,2024.0
497763,2025-05-11,PL,Liverpool FC,Arsenal FC,2,2,36.0,D,2024.0
497768,2025-05-11,PL,Tottenham Hotspur FC,Crystal Palace FC,0,2,36.0,A,2024.0
498962,2025-05-11,PD,CD Leganés,RCD Espanyol de Barcelona,3,2,35.0,H,2024.0
497764,2025-05-11,PL,Manchester United FC,West Ham United FC,0,2,36.0,A,2024.0
503399,2025-05-11,SA,SSC Napoli,Genoa CFC,2,2,36.0,D,2024.0
497765,2025-05-11,PL,Newcastle United FC,Chelsea FC,2,0,36.0,H,2024.0
503401,2025-05-11,SA,Udinese Calcio,AC Monza,1,2,36.0,A,2024.0
503396,2025-05-11,SA,Hellas Verona FC,US Lecce,1,1,36.0,D,2024.0
498957,2025-05-11,PD,FC Barcelona,Real Madrid CF,4,3,35.0,H,2024.0
498955,2025-05-11,PD,Real Betis Balompié,CA Osasuna,1,1,35.0,D,2024.0
502664,2025-05-11,BL1,VfB Stuttgart,FC Augsburg,4,0,33.0,H,2024.0
502667,2025-05-11,BL1,Eintracht Frankfurt,FC St. Pauli 1910,2,2,33.0,D,2024.0
502660,2025-05-11,BL1,Bayer 04 Leverkusen,Borussia Dortmund,2,4,33.0,A,2024.0
503400,2025-05-11,SA,Torino FC,FC Internazionale Milano,0,2,36.0,A,2024.0
503402,2025-05-12,SA,Venezia FC,ACF Fiorentina,2,1,36.0,H,2024.0
503393,2025-05-12,SA,Atalanta BC,AS Roma,2,1,36.0,H,2024.0
498970,2025-05-13,PD,Real Sociedad de Fútbol,RC Celta de Vigo,0,1,36.0,A,2024.0
498971,2025-05-13,PD,Real Valladolid CF,Girona FC,0,1,36.0,A,2024.0
498966,2025-05-13,PD,Sevilla FC,UD Las Palmas,1,0,36.0,H,2024.0
498967,2025-05-14,PD,Villarreal CF,CD Leganés,3,0,36.0,H,2024.0
498964,2025-05-14,PD,Deportivo Alavés,Valencia CF,1,0,36.0,H,2024.0
498969,2025-05-14,PD,Real Madrid CF,RCD Mallorca,2,1,36.0,H,2024.0
498965,2025-05-15,PD,Getafe CF,Athletic Club,0,2,36.0,A,2024.0
498968,2025-05-15,PD,Rayo Vallecano de Madrid,Real Betis Balompié,2,2,36.0,D,2024.0
498963,2025-05-15,PD,CA Osasuna,Club Atlético de Madrid,2,0,36.0,H,2024.0
498972,2025-05-15,PD,RCD Espanyol de Barcelona,FC Barcelona,0,2,36.0,A,2024.0
497774,2025-05-16,PL,Chelsea FC,Manchester United FC,1,0,37.0,H,2024.0
497771,2025-05-16,PL,Aston Villa FC,Tottenham Hotspur FC,2,0,37.0,H,2024.0
498249,2025-05-17,FL1,Olympique Lyonnais,Angers SCO,2,0,34.0,H,2024.0
502669,2025-05-17,BL1,RB Leipzig,VfB Stuttgart,2,3,34.0,A,2024.0
502675,2025-05-17,BL1,FC St. Pauli 1910,VfL Bochum 1848,0,2,34.0,A,2024.0
502668,2025-05-17,BL1,1. FSV Mainz 05,Bayer 04 Leverkusen,2,2,34.0,D,2024.0
502670,2025-05-17,BL1,TSG 1899 Hoffenheim,FC Bayern München,0,4,34.0,A,2024.0
502674,2025-05-17,BL1,FC Augsburg,1. FC Union Berlin,1,2,34.0,A,2024.0
498256,2025-05-17,FL1,Paris Saint-Germain FC,AJ Auxerre,3,1,34.0,H,2024.0
502672,2025-05-17,BL1,1. FC Heidenheim 1846,SV Werder Bremen,1,4,34.0,A,2024.0
498248,2025-05-17,FL1,Olympique de Marseille,Stade Rennais FC 1901,4,2,34.0,H,2024.0
498251,2025-05-17,FL1,AS Saint-Étienne,Toulouse FC,2,3,34.0,A,2024.0
498250,2025-05-17,FL1,OGC Nice,Stade Brestois 29,6,0,34.0,H,2024.0
498255,2025-05-17,FL1,Racing Club de Lens,AS Monaco FC,4,0,34.0,H,2024.0
498252,2025-05-17,FL1,Lille OSC,Stade de Reims,2,1,34.0,H,2024.0
498254,2025-05-17,FL1,FC Nantes,Montpellier HSC,3,0,34.0,H,2024.0
502673,2025-05-17,BL1,Borussia Mönchengladbach,VfL Wolfsburg,0,1,34.0,A,2024.0
503405,2025-05-17,SA,Genoa CFC,Atalanta BC,2,3,37.0,A,2024.0
502676,2025-05-17,BL1,Borussia Dortmund,Holstein Kiel,3,0,34.0,H,2024.0
502671,2025-05-17,BL1,SC Freiburg,Eintracht Frankfurt,1,3,34.0,A,2024.0
498253,2025-05-17,FL1,RC Strasbourg Alsace,Le Havre AC,2,3,34.0,A,2024.0
498974,2025-05-18,PD,RC Celta de Vigo,Rayo Vallecano de Madrid,1,2,37.0,A,2024.0
503403,2025-05-18,SA,Cagliari Calcio,Venezia FC,3,0,37.0,H,2024.0
498977,2025-05-18,PD,Valencia CF,Athletic Club,0,1,37.0,A,2024.0
498975,2025-05-18,PD,FC Barcelona,Villarreal CF,2,3,37.0,A,2024.0
498979,2025-05-18,PD,Real Sociedad de Fútbol,Girona FC,3,2,37.0,H,2024.0
497770,2025-05-18,PL,Arsenal FC,Newcastle United FC,1,0,37.0,H,2024.0
498981,2025-05-18,PD,UD Las Palmas,CD Leganés,0,1,37.0,A,2024.0
498982,2025-05-18,PD,CA Osasuna,RCD Espanyol de Barcelona,2,0,37.0,H,2024.0
498973,2025-05-18,PD,Club Atlético de Madrid,Real Betis Balompié,4,1,37.0,H,2024.0
498978,2025-05-18,PD,RCD Mallorca,Getafe CF,1,2,37.0,A,2024.0
498980,2025-05-18,PD,Real Valladolid CF,Deportivo Alavés,0,1,37.0,A,2024.0
498976,2025-05-18,PD,Sevilla FC,Real Madrid CF,0,2,37.0,A,2024.0
497772,2025-05-18,PL,Brentford FC,Fulham FC,2,3,37.0,A,2024.0
497776,2025-05-18,PL,Everton FC,Southampton FC,2,0,37.0,H,2024.0
503406,2025-05-18,SA,Hellas Verona FC,Como 1907,1,1,37.0,D,2024.0
503411,2025-05-18,SA,Parma Calcio 1913,SSC Napoli,0,0,37.0,D,2024.0
503409,2025-05-18,SA,US Lecce,Torino FC,1,0,37.0,H,2024.0
503408,2025-05-18,SA,Juventus FC,Udinese Calcio,2,0,37.0,H,2024.0
503412,2025-05-18,SA,AS Roma,AC Milan,3,1,37.0,H,2024.0
503404,2025-05-18,SA,ACF Fiorentina,Bologna FC 1909,3,2,37.0,H,2024.0
497777,2025-05-18,PL,Leicester City FC,Ipswich Town FC,2,0,37.0,H,2024.0
503407,2025-05-18,SA,FC Internazionale Milano,SS Lazio,2,2,37.0,D,2024.0
497779,2025-05-18,PL,West Ham United FC,Nottingham Forest FC,1,2,37.0,A,2024.0
503410,2025-05-18,SA,AC Monza,Empoli FC,1,3,37.0,A,2024.0
497773,2025-05-19,PL,Brighton & Hove Albion FC,Liverpool FC,3,2,37.0,H,2024.0
497778,2025-05-20,PL,Manchester City FC,AFC Bournemouth,3,1,37.0,H,2024.0
497775,2025-05-20,PL,Crystal Palace FC,Wolverhampton Wanderers FC,4,2,37.0,H,2024.0
498984,2025-05-23,PD,Real Betis Balompié,Valencia CF,1,1,38.0,D,2024.0
503415,2025-05-23,SA,Como 1907,FC Internazionale Milano,0,2,38.0,A,2024.0
503419,2025-05-23,SA,SSC Napoli,Cagliari Calcio,2,0,38.0,H,2024.0
503414,2025-05-24,SA,Bologna FC 1909,Genoa CFC,1,3,38.0,A,2024.0
503418,2025-05-24,SA,AC Milan,AC Monza,2,0,38.0,H,2024.0
498992,2025-05-24,PD,RCD Espanyol de Barcelona,UD Las Palmas,2,0,38.0,H,2024.0
498987,2025-05-24,PD,Getafe CF,RC Celta de Vigo,1,2,38.0,A,2024.0
498985,2025-05-24,PD,CD Leganés,Real Valladolid CF,3,0,38.0,H,2024.0
498990,2025-05-24,PD,Rayo Vallecano de Madrid,RCD Mallorca,0,0,38.0,D,2024.0
498986,2025-05-24,PD,Deportivo Alavés,CA Osasuna,1,1,38.0,D,2024.0
498991,2025-05-24,PD,Real Madrid CF,Real Sociedad de Fútbol,2,0,38.0,H,2024.0
503422,2025-05-25,SA,Venezia FC,Juventus FC,2,3,38.0,A,2024.0
497787,2025-05-25,PL,Southampton FC,Arsenal FC,1,2,38.0,A,2024.0
498983,2025-05-25,PD,Athletic Club,FC Barcelona,0,3,38.0,A,2024.0
498989,2025-05-25,PD,Villarreal CF,Sevilla FC,4,2,38.0,H,2024.0
503421,2025-05-25,SA,Udinese Calcio,ACF Fiorentina,2,3,38.0,A,2024.0
503413,2025-05-25,SA,Atalanta BC,Parma Calcio 1913,2,3,38.0,A,2024.0
497786,2025-05-25,PL,Nottingham Forest FC,Chelsea FC,0,1,38.0,A,2024.0
503417,2025-05-25,SA,SS Lazio,US Lecce,0,1,38.0,A,2024.0
503420,2025-05-25,SA,Torino FC,AS Roma,0,2,38.0,A,2024.0
498988,2025-05-25,PD,Girona FC,Club Atlético de Madrid,0,4,38.0,A,2024.0
497785,2025-05-25,PL,Newcastle United FC,Everton FC,0,1,38.0,A,2024.0
497789,2025-05-25,PL,Wolverhampton Wanderers FC,Brentford FC,1,1,38.0,D,2024.0
497783,2025-05-25,PL,Liverpool FC,Crystal Palace FC,1,1,38.0,D,2024.0
497780,2025-05-25,PL,AFC Bournemouth,Leicester City FC,2,0,38.0,H,2024.0
497781,2025-05-25,PL,Fulham FC,Manchester City FC,0,2,38.0,A,2024.0
497782,2025-05-25,PL,Ipswich Town FC,West Ham United FC,1,3,38.0,A,2024.0
497788,2025-05-25,PL,Tottenham Hotspur FC,Brighton & Hove Albion FC,1,4,38.0,A,2024.0
497784,2025-05-25,PL,Manchester United FC,Aston Villa FC,2,0,38.0,H,2024.0
503416,2025-05-25,SA,Empoli FC,Hellas Verona FC,1,2,38.0,A,2024.0
524120,2025-05-31,CL,Paris Saint-Germain FC,FC Internazionale Milano,5,0,0.0,H,2024.0
542414,2025-08-15,FL1,Stade Rennais FC 1901,Olympique de Marseille,1,0,1.0,H,2025.0
544214,2025-08-15,PD,Girona FC,Rayo Vallecano de Madrid,1,3,1.0,A,2025.0
537785,2025-08-15,PL,Liverpool FC,AFC Bournemouth,4,2,1.0,H,2025.0
544220,2025-08-15,PD,Villarreal CF,Real Oviedo,2,0,1.0,H,2025.0
544211,2025-08-16,PD,Deportivo Alavés,Levante UD,2,1,1.0,H,2025.0
544216,2025-08-16,PD,RCD Mallorca,FC Barcelona,0,3,1.0,A,2025.0
542411,2025-08-16,FL1,Racing Club de Lens,Olympique Lyonnais,0,1,1.0,A,2025.0
542407,2025-08-16,FL1,AS Monaco FC,Le Havre AC,3,1,1.0,H,2025.0
542410,2025-08-16,FL1,OGC Nice,Toulouse FC,0,1,1.0,A,2025.0
537791,2025-08-16,PL,Wolverhampton Wanderers FC,Manchester City FC,0,4,1.0,A,2025.0
537789,2025-08-16,PL,Sunderland AFC,West Ham United FC,3,0,1.0,H,2025.0
544219,2025-08-16,PD,Valencia CF,Real Sociedad de Fútbol,1,1,1.0,D,2025.0
537786,2025-08-16,PL,Aston Villa FC,Newcastle United FC,0,0,1.0,D,2025.0
537787,2025-08-16,PL,Brighton & Hove Albion FC,Fulham FC,1,1,1.0,D,2025.0
537790,2025-08-16,PL,Tottenham Hotspur FC,Burnley FC,3,0,1.0,H,2025.0
544212,2025-08-17,PD,Athletic Club,Sevilla FC,3,2,1.0,H,2025.0
544215,2025-08-17,PD,RCD Espanyol de Barcelona,Club Atlético de Madrid,2,1,1.0,H,2025.0
537793,2025-08-17,PL,Manchester United FC,Arsenal FC,0,1,1.0,A,2025.0
542413,2025-08-17,FL1,Stade Brestois 29,Lille OSC,3,3,1.0,D,2025.0
542412,2025-08-17,FL1,Angers SCO,Paris FC,1,0,1.0,H,2025.0
544213,2025-08-17,PD,RC Celta de Vigo,Getafe CF,0,2,1.0,A,2025.0
537792,2025-08-17,PL,Chelsea FC,Crystal Palace FC,0,0,1.0,D,2025.0
542406,2025-08-17,FL1,AJ Auxerre,FC Lorient,1,0,1.0,H,2025.0
542408,2025-08-17,FL1,FC Metz,RC Strasbourg Alsace,0,1,1.0,A,2025.0
542409,2025-08-17,FL1,FC Nantes,Paris Saint-Germain FC,0,1,1.0,A,2025.0
537788,2025-08-17,PL,Nottingham Forest FC,Brentford FC,3,1,1.0,H,2025.0
537794,2025-08-18,PL,Leeds United FC,Everton FC,1,0,1.0,H,2025.0
544217,2025-08-18,PD,Elche CF,Real Betis Balompié,1,1,1.0,D,2025.0
544218,2025-08-19,PD,Real Madrid CF,CA Osasuna,1,0,1.0,H,2025.0
544225,2025-08-22,PD,Real Betis Balompié,Deportivo Alavés,1,0,2.0,H,2025.0
537804,2025-08-22,PL,West Ham United FC,Chelsea FC,1,5,2.0,A,2025.0
542422,2025-08-22,FL1,Paris Saint-Germain FC,Angers SCO,1,0,2.0,H,2025.0
540406,2025-08-22,BL1,FC Bayern München,RB Leipzig,6,0,1.0,H,2025.0
537797,2025-08-23,PL,Arsenal FC,Leeds United FC,5,0,2.0,H,2025.0
542420,2025-08-23,FL1,Olympique de Marseille,Paris FC,5,2,2.0,H,2025.0
540414,2025-08-23,BL1,1. FC Heidenheim 1846,VfL Wolfsburg,1,3,1.0,A,2025.0
544222,2025-08-23,PD,Club Atlético de Madrid,Elche CF,1,1,2.0,D,2025.0
544227,2025-08-23,PD,RCD Mallorca,RC Celta de Vigo,1,1,2.0,D,2025.0
537798,2025-08-23,PL,Brentford FC,Aston Villa FC,1,0,2.0,H,2025.0
537795,2025-08-23,PL,AFC Bournemouth,Wolverhampton Wanderers FC,1,0,2.0,H,2025.0
537802,2025-08-23,PL,Manchester City FC,Tottenham Hotspur FC,0,2,2.0,A,2025.0
537799,2025-08-23,PL,Burnley FC,Sunderland AFC,2,0,2.0,H,2025.0
542419,2025-08-23,FL1,Olympique Lyonnais,FC Metz,3,0,2.0,H,2025.0
540413,2025-08-23,BL1,FC St. Pauli 1910,Borussia Dortmund,3,3,1.0,D,2025.0
544226,2025-08-23,PD,Levante UD,FC Barcelona,2,3,2.0,A,2025.0
536819,2025-08-23,SA,Genoa CFC,US Lecce,0,0,1.0,D,2025.0
542418,2025-08-23,FL1,OGC Nice,AJ Auxerre,3,1,2.0,H,2025.0
536815,2025-08-23,SA,AC Milan,US Cremonese,1,2,1.0,A,2025.0
536816,2025-08-23,SA,AS Roma,Bologna FC 1909,1,0,1.0,H,2025.0
536823,2025-08-23,SA,US Sassuolo Calcio,SSC Napoli,0,2,1.0,A,2025.0
540408,2025-08-23,BL1,Bayer 04 Leverkusen,TSG 1899 Hoffenheim,1,2,1.0,A,2025.0
540409,2025-08-23,BL1,SC Freiburg,FC Augsburg,1,3,1.0,A,2025.0
540412,2025-08-23,BL1,1. FC Union Berlin,VfB Stuttgart,2,1,1.0,H,2025.0
540407,2025-08-23,BL1,Eintracht Frankfurt,SV Werder Bremen,4,1,1.0,H,2025.0
536820,2025-08-24,SA,Como 1907,SS Lazio,2,0,1.0,H,2025.0
537796,2025-08-24,PL,Crystal Palace FC,Nottingham Forest FC,1,1,2.0,D,2025.0
537800,2025-08-24,PL,Everton FC,Brighton & Hove Albion FC,2,0,2.0,H,2025.0
537801,2025-08-24,PL,Fulham FC,Manchester United FC,1,1,2.0,D,2025.0
540410,2025-08-24,BL1,1. FSV Mainz 05,1. FC Köln,0,1,1.0,A,2025.0
544230,2025-08-24,PD,Villarreal CF,Girona FC,5,0,2.0,H,2025.0
540411,2025-08-24,BL1,Borussia Mönchengladbach,Hamburger SV,0,0,1.0,D,2025.0
542423,2025-08-24,FL1,RC Strasbourg Alsace,FC Nantes,1,0,2.0,H,2025.0
544228,2025-08-24,PD,Real Sociedad de Fútbol,RCD Espanyol de Barcelona,2,2,2.0,D,2025.0
542421,2025-08-24,FL1,Lille OSC,AS Monaco FC,1,0,2.0,H,2025.0
536822,2025-08-24,SA,Juventus FC,Parma Calcio 1913,2,0,1.0,H,2025.0
536817,2025-08-24,SA,Atalanta BC,AC Pisa 1909,1,1,1.0,D,2025.0
544223,2025-08-24,PD,CA Osasuna,Valencia CF,1,0,2.0,H,2025.0
542417,2025-08-24,FL1,Toulouse FC,Stade Brestois 29,2,0,2.0,H,2025.0
544224,2025-08-24,PD,Real Oviedo,Real Madrid CF,0,3,2.0,A,2025.0
542415,2025-08-24,FL1,Le Havre AC,Racing Club de Lens,1,2,2.0,A,2025.0
542416,2025-08-24,FL1,FC Lorient,Stade Rennais FC 1901,4,0,2.0,H,2025.0
536818,2025-08-24,SA,Cagliari Calcio,ACF Fiorentina,1,1,1.0,D,2025.0
544229,2025-08-25,PD,Sevilla FC,Getafe CF,1,2,2.0,A,2025.0
537803,2025-08-25,PL,Newcastle United FC,Liverpool FC,2,3,2.0,A,2025.0
544221,2025-08-25,PD,Athletic Club,Rayo Vallecano de Madrid,1,0,2.0,H,2025.0
536824,2025-08-25,SA,Udinese Calcio,Hellas Verona FC,1,1,1.0,D,2025.0
536821,2025-08-25,SA,FC Internazionale Milano,Torino FC,5,0,1.0,H,2025.0
544268,2025-08-27,PD,RC Celta de Vigo,Real Betis Balompié,1,1,6.0,D,2025.0
544233,2025-08-29,PD,Elche CF,Levante UD,2,0,3.0,H,2025.0
544239,2025-08-29,PD,Valencia CF,Getafe CF,3,0,3.0,H,2025.0
536833,2025-08-29,SA,US Cremonese,US Sassuolo Calcio,3,2,2.0,H,2025.0
536834,2025-08-29,SA,US Lecce,AC Milan,0,2,2.0,A,2025.0
540423,2025-08-29,BL1,Hamburger SV,FC St. Pauli 1910,0,2,2.0,A,2025.0
542431,2025-08-29,FL1,Racing Club de Lens,Stade Brestois 29,3,1,3.0,H,2025.0
537813,2025-08-30,PL,Tottenham Hotspur FC,AFC Bournemouth,0,1,3.0,A,2025.0
540421,2025-08-30,BL1,TSG 1899 Hoffenheim,Eintracht Frankfurt,1,3,2.0,A,2025.0
537814,2025-08-30,PL,Wolverhampton Wanderers FC,Everton FC,2,3,3.0,A,2025.0
540416,2025-08-30,BL1,RB Leipzig,1. FC Heidenheim 1846,2,0,2.0,H,2025.0
537810,2025-08-30,PL,Leeds United FC,Newcastle United FC,0,0,3.0,D,2025.0
540420,2025-08-30,BL1,FC Augsburg,FC Bayern München,2,3,2.0,A,2025.0
544240,2025-08-30,PD,Real Madrid CF,RCD Mallorca,2,1,3.0,H,2025.0
544235,2025-08-30,PD,Girona FC,Sevilla FC,0,2,3.0,A,2025.0
544236,2025-08-30,PD,Real Oviedo,Real Sociedad de Fútbol,1,0,3.0,H,2025.0
544231,2025-08-30,PD,Deportivo Alavés,Club Atlético de Madrid,1,1,3.0,D,2025.0
537805,2025-08-30,PL,Sunderland AFC,Brentford FC,2,1,3.0,H,2025.0
542427,2025-08-30,FL1,FC Nantes,AJ Auxerre,1,0,3.0,H,2025.0
540418,2025-08-30,BL1,VfB Stuttgart,Borussia Mönchengladbach,1,0,2.0,H,2025.0
537808,2025-08-30,PL,Chelsea FC,Fulham FC,2,0,3.0,H,2025.0
536831,2025-08-30,SA,AC Pisa 1909,AS Roma,0,1,2.0,A,2025.0
536826,2025-08-30,SA,Bologna FC 1909,Como 1907,1,0,2.0,H,2025.0
542426,2025-08-30,FL1,FC Lorient,Lille OSC,1,7,3.0,A,2025.0
542429,2025-08-30,FL1,Toulouse FC,Paris Saint-Germain FC,3,6,3.0,A,2025.0
540417,2025-08-30,BL1,SV Werder Bremen,Bayer 04 Leverkusen,3,3,2.0,D,2025.0
536830,2025-08-30,SA,Parma Calcio 1913,Atalanta BC,1,1,2.0,D,2025.0
536832,2025-08-30,SA,SSC Napoli,Cagliari Calcio,1,0,2.0,H,2025.0
537811,2025-08-30,PL,Manchester United FC,Burnley FC,3,2,3.0,H,2025.0
536825,2025-08-31,SA,Genoa CFC,Juventus FC,0,1,2.0,A,2025.0
536827,2025-08-31,SA,Torino FC,ACF Fiorentina,0,0,2.0,D,2025.0
540422,2025-08-31,BL1,1. FC Köln,SC Freiburg,4,1,2.0,H,2025.0
544237,2025-08-31,PD,Real Betis Balompié,Athletic Club,1,2,3.0,A,2025.0
540419,2025-08-31,BL1,VfL Wolfsburg,1. FSV Mainz 05,1,1,2.0,D,2025.0
536828,2025-08-31,SA,FC Internazionale Milano,Udinese Calcio,1,2,2.0,A,2025.0
536829,2025-08-31,SA,SS Lazio,Hellas Verona FC,4,0,2.0,H,2025.0
540415,2025-08-31,BL1,Borussia Dortmund,1. FC Union Berlin,3,0,2.0,H,2025.0
544234,2025-08-31,PD,RCD Espanyol de Barcelona,CA Osasuna,1,0,3.0,H,2025.0
544238,2025-08-31,PD,Rayo Vallecano de Madrid,FC Barcelona,1,1,3.0,D,2025.0
542424,2025-08-31,FL1,Le Havre AC,OGC Nice,3,1,3.0,H,2025.0
537807,2025-08-31,PL,Brighton & Hove Albion FC,Manchester City FC,2,1,3.0,H,2025.0
542425,2025-08-31,FL1,AS Monaco FC,RC Strasbourg Alsace,3,2,3.0,H,2025.0
537809,2025-08-31,PL,Liverpool FC,Arsenal FC,1,0,3.0,H,2025.0
542432,2025-08-31,FL1,Angers SCO,Stade Rennais FC 1901,1,1,3.0,D,2025.0
542428,2025-08-31,FL1,Paris FC,FC Metz,3,2,3.0,H,2025.0
537806,2025-08-31,PL,Aston Villa FC,Crystal Palace FC,0,3,3.0,A,2025.0
542430,2025-08-31,FL1,Olympique Lyonnais,Olympique de Marseille,1,0,3.0,H,2025.0
537812,2025-08-31,PL,Nottingham Forest FC,West Ham United FC,0,3,3.0,A,2025.0
544232,2025-08-31,PD,RC Celta de Vigo,Villarreal CF,1,1,3.0,D,2025.0
542436,2025-09-12,FL1,Olympique de Marseille,FC Lorient,4,0,4.0,H,2025.0
544249,2025-09-12,PD,Sevilla FC,Elche CF,2,2,4.0,D,2025.0
540425,2025-09-12,BL1,Bayer 04 Leverkusen,Eintracht Frankfurt,3,1,3.0,H,2025.0
536839,2025-09-13,SA,Cagliari Calcio,Parma Calcio 1913,2,0,3.0,H,2025.0
536835,2025-09-13,SA,ACF Fiorentina,SSC Napoli,1,3,3.0,A,2025.0
540426,2025-09-13,BL1,SC Freiburg,VfB Stuttgart,3,1,3.0,H,2025.0
540427,2025-09-13,BL1,1. FSV Mainz 05,RB Leipzig,0,1,3.0,A,2025.0
540429,2025-09-13,BL1,VfL Wolfsburg,1. FC Köln,3,3,3.0,D,2025.0
537818,2025-09-13,PL,Brentford FC,Chelsea FC,2,2,4.0,D,2025.0
537824,2025-09-13,PL,West Ham United FC,Tottenham Hotspur FC,0,3,4.0,A,2025.0
537823,2025-09-13,PL,Newcastle United FC,Wolverhampton Wanderers FC,1,0,4.0,H,2025.0
537821,2025-09-13,PL,Fulham FC,Leeds United FC,1,0,4.0,H,2025.0
537816,2025-09-13,PL,Crystal Palace FC,Sunderland AFC,0,0,4.0,D,2025.0
537815,2025-09-13,PL,AFC Bournemouth,Brighton & Hove Albion FC,2,1,4.0,H,2025.0
544250,2025-09-13,PD,Real Sociedad de Fútbol,Real Madrid CF,1,2,4.0,A,2025.0
544245,2025-09-13,PD,Getafe CF,Real Oviedo,2,0,4.0,H,2025.0
537820,2025-09-13,PL,Everton FC,Aston Villa FC,0,0,4.0,D,2025.0
540432,2025-09-13,BL1,1. FC Heidenheim 1846,Borussia Dortmund,0,2,3.0,A,2025.0
542433,2025-09-13,FL1,AJ Auxerre,AS Monaco FC,1,2,4.0,A,2025.0
542435,2025-09-13,FL1,OGC Nice,FC Nantes,1,0,4.0,H,2025.0
540424,2025-09-13,BL1,FC Bayern München,Hamburger SV,5,0,3.0,H,2025.0
537817,2025-09-13,PL,Arsenal FC,Nottingham Forest FC,3,0,4.0,H,2025.0
540430,2025-09-13,BL1,1. FC Union Berlin,TSG 1899 Hoffenheim,2,4,3.0,A,2025.0
544241,2025-09-13,PD,Club Atlético de Madrid,Villarreal CF,2,0,4.0,H,2025.0
544247,2025-09-13,PD,Athletic Club,Deportivo Alavés,0,1,4.0,A,2025.0
536842,2025-09-13,SA,Juventus FC,FC Internazionale Milano,4,3,3.0,H,2025.0
537822,2025-09-14,PL,Manchester City FC,Manchester United FC,3,0,4.0,H,2025.0
536843,2025-09-14,SA,AC Pisa 1909,Udinese Calcio,0,1,3.0,A,2025.0
536844,2025-09-14,SA,US Sassuolo Calcio,SS Lazio,1,0,3.0,H,2025.0
536838,2025-09-14,SA,Atalanta BC,US Lecce,4,1,3.0,H,2025.0
542438,2025-09-14,FL1,Paris Saint-Germain FC,Racing Club de Lens,2,0,4.0,H,2025.0
542434,2025-09-14,FL1,FC Metz,Angers SCO,1,1,4.0,D,2025.0
536836,2025-09-14,SA,AC Milan,Bologna FC 1909,1,0,3.0,H,2025.0
542437,2025-09-14,FL1,Lille OSC,Toulouse FC,2,1,4.0,H,2025.0
537819,2025-09-14,PL,Burnley FC,Liverpool FC,0,1,4.0,A,2025.0
542440,2025-09-14,FL1,Stade Brestois 29,Paris FC,1,2,4.0,A,2025.0
536837,2025-09-14,SA,AS Roma,Torino FC,0,1,3.0,A,2025.0
544248,2025-09-14,PD,Levante UD,Real Betis Balompié,2,2,4.0,D,2025.0
544246,2025-09-14,PD,CA Osasuna,Rayo Vallecano de Madrid,2,0,4.0,H,2025.0
540431,2025-09-14,BL1,FC St. Pauli 1910,FC Augsburg,2,1,3.0,H,2025.0
540428,2025-09-14,BL1,Borussia Mönchengladbach,SV Werder Bremen,0,4,3.0,A,2025.0
542441,2025-09-14,FL1,Stade Rennais FC 1901,Olympique Lyonnais,3,1,4.0,H,2025.0
542439,2025-09-14,FL1,RC Strasbourg Alsace,Le Havre AC,1,0,4.0,H,2025.0
544243,2025-09-14,PD,RC Celta de Vigo,Girona FC,1,1,4.0,D,2025.0
544242,2025-09-14,PD,FC Barcelona,Valencia CF,6,0,4.0,H,2025.0
544244,2025-09-15,PD,RCD Espanyol de Barcelona,RCD Mallorca,3,2,4.0,H,2025.0
536841,2025-09-15,SA,Hellas Verona FC,US Cremonese,0,0,3.0,D,2025.0
536840,2025-09-15,SA,Como 1907,Genoa CFC,1,1,3.0,D,2025.0
551981,2025-09-16,CL,Athletic Club,Arsenal FC,0,2,1.0,A,2025.0
552049,2025-09-16,CL,PSV,Royale Union Saint-Gilloise,1,3,1.0,A,2025.0
551941,2025-09-16,CL,Juventus FC,Borussia Dortmund,4,4,1.0,D,2025.0
551991,2025-09-16,CL,Sport Lisboa e Benfica,Qarabağ Ağdam FK,2,3,1.0,A,2025.0
552012,2025-09-16,CL,Tottenham Hotspur FC,Villarreal CF,1,0,1.0,H,2025.0
551927,2025-09-16,CL,Real Madrid CF,Olympique de Marseille,2,1,1.0,H,2025.0
551908,2025-09-17,CL,FC Bayern München,Chelsea FC,3,1,1.0,H,2025.0
551946,2025-09-17,CL,Liverpool FC,Club Atlético de Madrid,3,2,1.0,H,2025.0
552023,2025-09-17,CL,SK Slavia Praha,FK Bodø/Glimt,2,2,1.0,D,2025.0
552031,2025-09-17,CL,PAE Olympiakos SFP,Paphos FC,0,0,1.0,D,2025.0
551936,2025-09-17,CL,AFC Ajax,FC Internazionale Milano,0,2,1.0,A,2025.0
551959,2025-09-17,CL,Paris Saint-Germain FC,Atalanta BC,4,0,1.0,H,2025.0
551975,2025-09-18,CL,FC København,Bayer 04 Leverkusen,2,2,1.0,D,2025.0
551995,2025-09-18,CL,Club Brugge KV,AS Monaco FC,4,1,1.0,H,2025.0
551958,2025-09-18,CL,Newcastle United FC,FC Barcelona,1,2,1.0,A,2025.0
551965,2025-09-18,CL,Manchester City FC,SSC Napoli,2,0,1.0,H,2025.0
552000,2025-09-18,CL,Eintracht Frankfurt,Galatasaray SK,5,1,1.0,H,2025.0
552027,2025-09-18,CL,Sporting Clube de Portugal,FK Kairat,4,1,1.0,H,2025.0
540438,2025-09-19,BL1,VfB Stuttgart,FC St. Pauli 1910,2,0,4.0,H,2025.0
544253,2025-09-19,PD,Real Betis Balompié,Real Sociedad de Fútbol,3,1,5.0,H,2025.0
536854,2025-09-19,SA,US Lecce,Cagliari Calcio,1,2,4.0,A,2025.0
542448,2025-09-19,FL1,Olympique Lyonnais,Angers SCO,1,0,5.0,H,2025.0
536852,2025-09-20,SA,Udinese Calcio,AC Milan,0,3,4.0,A,2025.0
537834,2025-09-20,PL,Wolverhampton Wanderers FC,Leeds United FC,1,3,5.0,A,2025.0
537832,2025-09-20,PL,Manchester United FC,Chelsea FC,2,1,5.0,H,2025.0
537833,2025-09-20,PL,West Ham United FC,Crystal Palace FC,1,2,5.0,A,2025.0
537830,2025-09-20,PL,Fulham FC,Brentford FC,3,1,5.0,H,2025.0
537827,2025-09-20,PL,Brighton & Hove Albion FC,Tottenham Hotspur FC,2,2,5.0,D,2025.0
537829,2025-09-20,PL,Burnley FC,Nottingham Forest FC,1,1,5.0,D,2025.0
544256,2025-09-20,PD,Valencia CF,Athletic Club,2,0,5.0,H,2025.0
536846,2025-09-20,SA,Bologna FC 1909,Genoa CFC,2,1,4.0,H,2025.0
536848,2025-09-20,SA,Hellas Verona FC,Juventus FC,1,1,4.0,D,2025.0
544260,2025-09-20,PD,Villarreal CF,CA Osasuna,2,1,5.0,H,2025.0
537831,2025-09-20,PL,Liverpool FC,Everton FC,2,1,5.0,H,2025.0
544255,2025-09-20,PD,Girona FC,Levante UD,0,4,5.0,A,2025.0
544259,2025-09-20,PD,Real Madrid CF,RCD Espanyol de Barcelona,2,0,5.0,H,2025.0
542450,2025-09-20,FL1,Stade Brestois 29,OGC Nice,4,1,5.0,H,2025.0
542445,2025-09-20,FL1,FC Nantes,Stade Rennais FC 1901,2,2,5.0,D,2025.0
540440,2025-09-20,BL1,TSG 1899 Hoffenheim,FC Bayern München,1,4,4.0,A,2025.0
542449,2025-09-20,FL1,Racing Club de Lens,Lille OSC,3,0,5.0,H,2025.0
540436,2025-09-20,BL1,RB Leipzig,1. FC Köln,3,1,4.0,H,2025.0
540437,2025-09-20,BL1,SV Werder Bremen,SC Freiburg,0,3,4.0,A,2025.0
540441,2025-09-20,BL1,Hamburger SV,1. FC Heidenheim 1846,2,1,4.0,H,2025.0
544251,2025-09-20,PD,Deportivo Alavés,Sevilla FC,1,2,5.0,A,2025.0
540439,2025-09-20,BL1,FC Augsburg,1. FSV Mainz 05,1,4,4.0,A,2025.0
536850,2025-09-21,SA,SS Lazio,AS Roma,0,1,4.0,A,2025.0
537828,2025-09-21,PL,Arsenal FC,Manchester City FC,1,1,5.0,D,2025.0
542446,2025-09-21,FL1,Paris FC,RC Strasbourg Alsace,2,3,5.0,A,2025.0
542444,2025-09-21,FL1,AS Monaco FC,FC Metz,5,2,5.0,H,2025.0
542443,2025-09-21,FL1,AJ Auxerre,Toulouse FC,1,0,5.0,H,2025.0
542442,2025-09-21,FL1,Le Havre AC,FC Lorient,1,1,5.0,D,2025.0
537826,2025-09-21,PL,Sunderland AFC,Aston Villa FC,1,1,5.0,D,2025.0
536847,2025-09-21,SA,Torino FC,Atalanta BC,0,3,4.0,A,2025.0
544252,2025-09-21,PD,FC Barcelona,Getafe CF,3,0,5.0,H,2025.0
537825,2025-09-21,PL,AFC Bournemouth,Newcastle United FC,0,0,5.0,D,2025.0
536849,2025-09-21,SA,FC Internazionale Milano,US Sassuolo Calcio,2,1,4.0,H,2025.0
544257,2025-09-21,PD,RCD Mallorca,Club Atlético de Madrid,1,1,5.0,D,2025.0
544254,2025-09-21,PD,Elche CF,Real Oviedo,1,0,5.0,H,2025.0
544258,2025-09-21,PD,Rayo Vallecano de Madrid,RC Celta de Vigo,1,1,5.0,D,2025.0
540434,2025-09-21,BL1,Eintracht Frankfurt,1. FC Union Berlin,3,4,4.0,A,2025.0
540433,2025-09-21,BL1,Bayer 04 Leverkusen,Borussia Mönchengladbach,1,1,4.0,D,2025.0
540435,2025-09-21,BL1,Borussia Dortmund,VfL Wolfsburg,1,0,4.0,H,2025.0
536845,2025-09-21,SA,ACF Fiorentina,Como 1907,1,2,4.0,A,2025.0
536853,2025-09-21,SA,US Cremonese,Parma Calcio 1913,0,0,4.0,D,2025.0
542447,2025-09-22,FL1,Olympique de Marseille,Paris Saint-Germain FC,1,0,5.0,H,2025.0
536851,2025-09-22,SA,SSC Napoli,AC Pisa 1909,3,2,4.0,H,2025.0
544264,2025-09-23,PD,Levante UD,Real Madrid CF,1,4,6.0,A,2025.0
544261,2025-09-23,PD,Athletic Club,Girona FC,1,1,6.0,D,2025.0
544265,2025-09-23,PD,Sevilla FC,Villarreal CF,1,2,6.0,A,2025.0
544263,2025-09-23,PD,RCD Espanyol de Barcelona,Valencia CF,2,2,6.0,D,2025.0
544262,2025-09-24,PD,Club Atlético de Madrid,Rayo Vallecano de Madrid,3,2,6.0,H,2025.0
544266,2025-09-24,PD,Getafe CF,Deportivo Alavés,1,1,6.0,D,2025.0
544270,2025-09-24,PD,Real Sociedad de Fútbol,RCD Mallorca,1,0,6.0,H,2025.0
544269,2025-09-25,PD,CA Osasuna,Elche CF,1,1,6.0,D,2025.0
544267,2025-09-25,PD,Real Oviedo,FC Barcelona,1,3,6.0,A,2025.0
540442,2025-09-26,BL1,FC Bayern München,SV Werder Bremen,4,0,5.0,H,2025.0
542457,2025-09-26,FL1,RC Strasbourg Alsace,Olympique de Marseille,1,2,6.0,A,2025.0
544279,2025-09-26,PD,Girona FC,RCD Espanyol de Barcelona,0,0,7.0,D,2025.0
540449,2025-09-27,BL1,1. FC Heidenheim 1846,FC Augsburg,2,1,5.0,H,2025.0
540444,2025-09-27,BL1,1. FSV Mainz 05,Borussia Dortmund,0,2,5.0,A,2025.0
540446,2025-09-27,BL1,VfL Wolfsburg,RB Leipzig,0,1,5.0,A,2025.0
542456,2025-09-27,FL1,Paris Saint-Germain FC,AJ Auxerre,2,0,6.0,H,2025.0
540448,2025-09-27,BL1,FC St. Pauli 1910,Bayer 04 Leverkusen,1,2,5.0,A,2025.0
544276,2025-09-27,PD,RCD Mallorca,Deportivo Alavés,1,0,7.0,H,2025.0
544271,2025-09-27,PD,Club Atlético de Madrid,Real Madrid CF,5,2,7.0,H,2025.0
542453,2025-09-27,FL1,Toulouse FC,FC Nantes,2,2,6.0,D,2025.0
542451,2025-09-27,FL1,FC Lorient,AS Monaco FC,3,1,6.0,H,2025.0
544274,2025-09-27,PD,Getafe CF,Levante UD,1,1,7.0,D,2025.0
540445,2025-09-27,BL1,Borussia Mönchengladbach,Eintracht Frankfurt,4,6,5.0,A,2025.0
537836,2025-09-27,PL,Crystal Palace FC,Liverpool FC,2,1,6.0,H,2025.0
537843,2025-09-27,PL,Nottingham Forest FC,Sunderland AFC,0,1,6.0,A,2025.0
537841,2025-09-27,PL,Manchester City FC,Burnley FC,5,1,6.0,H,2025.0
537844,2025-09-27,PL,Tottenham Hotspur FC,Wolverhampton Wanderers FC,1,1,6.0,D,2025.0
537837,2025-09-27,PL,Brentford FC,Manchester United FC,3,1,6.0,H,2025.0
537838,2025-09-27,PL,Chelsea FC,Brighton & Hove Albion FC,1,3,6.0,A,2025.0
536857,2025-09-27,SA,Cagliari Calcio,FC Internazionale Milano,0,2,5.0,A,2025.0
536860,2025-09-27,SA,Juventus FC,Atalanta BC,1,1,5.0,D,2025.0
536859,2025-09-27,SA,Como 1907,US Cremonese,1,1,5.0,D,2025.0
537840,2025-09-27,PL,Leeds United FC,AFC Bournemouth,2,2,6.0,D,2025.0
544277,2025-09-27,PD,Villarreal CF,Athletic Club,1,0,7.0,H,2025.0
536862,2025-09-28,SA,AC Pisa 1909,ACF Fiorentina,0,0,5.0,D,2025.0
536863,2025-09-28,SA,US Sassuolo Calcio,Udinese Calcio,3,1,5.0,H,2025.0
536856,2025-09-28,SA,AS Roma,Hellas Verona FC,2,0,5.0,H,2025.0
540450,2025-09-28,BL1,1. FC Köln,VfB Stuttgart,1,2,5.0,A,2025.0
537842,2025-09-28,PL,Newcastle United FC,Arsenal FC,1,2,6.0,A,2025.0
537835,2025-09-28,PL,Aston Villa FC,Fulham FC,3,1,6.0,H,2025.0
536864,2025-09-28,SA,US Lecce,Bologna FC 1909,2,2,5.0,D,2025.0
536855,2025-09-28,SA,AC Milan,SSC Napoli,2,1,5.0,H,2025.0
540443,2025-09-28,BL1,SC Freiburg,TSG 1899 Hoffenheim,1,1,5.0,D,2025.0
542459,2025-09-28,FL1,Stade Rennais FC 1901,Racing Club de Lens,0,0,6.0,D,2025.0
542455,2025-09-28,FL1,Lille OSC,Olympique Lyonnais,0,1,6.0,A,2025.0
542458,2025-09-28,FL1,Angers SCO,Stade Brestois 29,0,2,6.0,A,2025.0
544278,2025-09-28,PD,Elche CF,RC Celta de Vigo,2,1,7.0,H,2025.0
542452,2025-09-28,FL1,FC Metz,Le Havre AC,0,0,6.0,D,2025.0
544272,2025-09-28,PD,FC Barcelona,Real Sociedad de Fútbol,2,1,7.0,H,2025.0
544275,2025-09-28,PD,Rayo Vallecano de Madrid,Sevilla FC,0,1,7.0,A,2025.0
544273,2025-09-28,PD,Real Betis Balompié,CA Osasuna,2,0,7.0,H,2025.0
542454,2025-09-28,FL1,OGC Nice,Paris FC,1,1,6.0,D,2025.0
540447,2025-09-28,BL1,1. FC Union Berlin,Hamburger SV,0,0,5.0,D,2025.0
536858,2025-09-29,SA,Genoa CFC,SS Lazio,0,3,5.0,A,2025.0
537839,2025-09-29,PL,Everton FC,West Ham United FC,1,1,6.0,D,2025.0
536861,2025-09-29,SA,Parma Calcio 1913,Torino FC,2,1,5.0,H,2025.0
551982,2025-09-30,CL,Atalanta BC,Club Brugge KV,2,1,2.0,H,2025.0
544280,2025-09-30,PD,Valencia CF,Real Oviedo,1,2,7.0,A,2025.0
551951,2025-09-30,CL,Galatasaray SK,Liverpool FC,1,0,2.0,H,2025.0
551930,2025-09-30,CL,FK Kairat,Real Madrid CF,0,5,2.0,A,2025.0
551915,2025-09-30,CL,Paphos FC,FC Bayern München,1,5,2.0,A,2025.0
551997,2025-09-30,CL,Club Atlético de Madrid,Eintracht Frankfurt,5,1,2.0,H,2025.0
551917,2025-09-30,CL,Chelsea FC,Sport Lisboa e Benfica,1,0,2.0,H,2025.0
551935,2025-09-30,CL,FC Internazionale Milano,SK Slavia Praha,3,0,2.0,H,2025.0
552020,2025-09-30,CL,FK Bodø/Glimt,Tottenham Hotspur FC,2,2,2.0,D,2025.0
552015,2025-09-30,CL,Olympique de Marseille,AFC Ajax,4,0,2.0,H,2025.0
551968,2025-10-01,CL,AS Monaco FC,Manchester City FC,2,2,2.0,D,2025.0
552002,2025-10-01,CL,Villarreal CF,Juventus FC,2,2,2.0,D,2025.0
551978,2025-10-01,CL,Arsenal FC,PAE Olympiakos SFP,2,0,2.0,H,2025.0
552026,2025-10-01,CL,SSC Napoli,Sporting Clube de Portugal,2,1,2.0,H,2025.0
551972,2025-10-01,CL,Bayer 04 Leverkusen,PSV,1,1,2.0,D,2025.0
552044,2025-10-01,CL,Royale Union Saint-Gilloise,Newcastle United FC,0,4,2.0,A,2025.0
552039,2025-10-01,CL,Qarabağ Ağdam FK,FC København,2,0,2.0,H,2025.0
551952,2025-10-01,CL,FC Barcelona,Paris Saint-Germain FC,1,2,2.0,A,2025.0
551944,2025-10-01,CL,Borussia Dortmund,Athletic Club,4,1,2.0,H,2025.0
536868,2025-10-03,SA,Hellas Verona FC,US Sassuolo Calcio,0,1,6.0,A,2025.0
537845,2025-10-03,PL,AFC Bournemouth,Fulham FC,3,1,7.0,H,2025.0
542464,2025-10-03,FL1,Paris FC,FC Lorient,2,0,7.0,H,2025.0
544288,2025-10-03,PD,CA Osasuna,Getafe CF,2,1,8.0,H,2025.0
540458,2025-10-03,BL1,TSG 1899 Hoffenheim,1. FC Köln,0,1,6.0,A,2025.0
542463,2025-10-04,FL1,FC Metz,Olympique de Marseille,0,3,7.0,A,2025.0
544289,2025-10-04,PD,Real Oviedo,Levante UD,0,2,8.0,A,2025.0
544283,2025-10-04,PD,Girona FC,Valencia CF,2,1,8.0,H,2025.0
544282,2025-10-04,PD,Athletic Club,RCD Mallorca,2,1,8.0,H,2025.0
544284,2025-10-04,PD,Real Madrid CF,Villarreal CF,3,1,8.0,H,2025.0
537847,2025-10-04,PL,Arsenal FC,West Ham United FC,2,0,7.0,H,2025.0
537851,2025-10-04,PL,Leeds United FC,Tottenham Hotspur FC,1,2,7.0,A,2025.0
542461,2025-10-04,FL1,AJ Auxerre,Racing Club de Lens,1,2,7.0,A,2025.0
542468,2025-10-04,FL1,Stade Brestois 29,FC Nantes,0,0,7.0,D,2025.0
540454,2025-10-04,BL1,SV Werder Bremen,FC St. Pauli 1910,1,0,6.0,H,2025.0
540457,2025-10-04,BL1,FC Augsburg,VfL Wolfsburg,3,1,6.0,H,2025.0
540453,2025-10-04,BL1,Borussia Dortmund,RB Leipzig,1,1,6.0,D,2025.0
540451,2025-10-04,BL1,Bayer 04 Leverkusen,1. FC Union Berlin,2,0,6.0,H,2025.0
537852,2025-10-04,PL,Manchester United FC,Sunderland AFC,2,0,7.0,H,2025.0
537849,2025-10-04,PL,Chelsea FC,Liverpool FC,2,1,7.0,H,2025.0
536866,2025-10-04,SA,Atalanta BC,Como 1907,1,1,6.0,D,2025.0
536869,2025-10-04,SA,FC Internazionale Milano,US Cremonese,4,1,6.0,H,2025.0
536871,2025-10-04,SA,SS Lazio,Torino FC,3,3,6.0,D,2025.0
536872,2025-10-04,SA,Parma Calcio 1913,US Lecce,0,1,6.0,A,2025.0
540452,2025-10-04,BL1,Eintracht Frankfurt,FC Bayern München,0,3,6.0,A,2025.0
537848,2025-10-05,PL,Brentford FC,Manchester City FC,0,1,7.0,A,2025.0
536870,2025-10-05,SA,Juventus FC,AC Milan,0,0,6.0,D,2025.0
536873,2025-10-05,SA,SSC Napoli,Genoa CFC,2,1,6.0,H,2025.0
536865,2025-10-05,SA,ACF Fiorentina,AS Roma,1,2,6.0,A,2025.0
542465,2025-10-05,FL1,Olympique Lyonnais,Toulouse FC,1,2,7.0,A,2025.0
536867,2025-10-05,SA,Bologna FC 1909,AC Pisa 1909,4,0,6.0,H,2025.0
537853,2025-10-05,PL,Newcastle United FC,Nottingham Forest FC,2,0,7.0,H,2025.0
537850,2025-10-05,PL,Everton FC,Crystal Palace FC,2,1,7.0,H,2025.0
537846,2025-10-05,PL,Aston Villa FC,Burnley FC,2,1,7.0,H,2025.0
542467,2025-10-05,FL1,RC Strasbourg Alsace,Angers SCO,5,0,7.0,H,2025.0
540459,2025-10-05,BL1,Hamburger SV,1. FSV Mainz 05,4,0,6.0,H,2025.0
537854,2025-10-05,PL,Wolverhampton Wanderers FC,Brighton & Hove Albion FC,1,1,7.0,D,2025.0
540456,2025-10-05,BL1,Borussia Mönchengladbach,SC Freiburg,0,0,6.0,D,2025.0
544287,2025-10-05,PD,RCD Espanyol de Barcelona,Real Betis Balompié,1,2,8.0,A,2025.0
540455,2025-10-05,BL1,VfB Stuttgart,1. FC Heidenheim 1846,1,0,6.0,H,2025.0
542466,2025-10-05,FL1,Lille OSC,Paris Saint-Germain FC,1,1,7.0,D,2025.0
542460,2025-10-05,FL1,Le Havre AC,Stade Rennais FC 1901,2,2,7.0,D,2025.0
544290,2025-10-05,PD,Real Sociedad de Fútbol,Rayo Vallecano de Madrid,0,1,8.0,A,2025.0
544285,2025-10-05,PD,RC Celta de Vigo,Club Atlético de Madrid,1,1,8.0,D,2025.0
536874,2025-10-05,SA,Udinese Calcio,Cagliari Calcio,1,1,6.0,D,2025.0
544286,2025-10-05,PD,Sevilla FC,FC Barcelona,4,1,8.0,H,2025.0
544281,2025-10-05,PD,Deportivo Alavés,Elche CF,3,1,8.0,H,2025.0
542462,2025-10-05,FL1,AS Monaco FC,OGC Nice,2,2,7.0,D,2025.0
542474,2025-10-17,FL1,Paris Saint-Germain FC,RC Strasbourg Alsace,3,3,8.0,D,2025.0
544299,2025-10-17,PD,Real Oviedo,RCD Espanyol de Barcelona,0,2,9.0,A,2025.0
540465,2025-10-17,BL1,1. FC Union Berlin,Borussia Mönchengladbach,3,1,7.0,H,2025.0
537856,2025-10-18,PL,Brighton & Hove Albion FC,Newcastle United FC,2,1,8.0,H,2025.0
536884,2025-10-18,SA,US Lecce,US Sassuolo Calcio,0,0,7.0,D,2025.0
540463,2025-10-18,BL1,RB Leipzig,Hamburger SV,2,1,7.0,H,2025.0
540462,2025-10-18,BL1,1. FSV Mainz 05,Bayer 04 Leverkusen,3,4,7.0,A,2025.0
540464,2025-10-18,BL1,VfL Wolfsburg,VfB Stuttgart,0,3,7.0,A,2025.0
540460,2025-10-18,BL1,FC Bayern München,Borussia Dortmund,2,1,7.0,H,2025.0
540468,2025-10-18,BL1,1. FC Köln,FC Augsburg,1,1,7.0,D,2025.0
540467,2025-10-18,BL1,1. FC Heidenheim 1846,SV Werder Bremen,2,2,7.0,D,2025.0
542473,2025-10-18,FL1,Olympique de Marseille,Le Havre AC,6,2,8.0,H,2025.0
536876,2025-10-18,SA,AS Roma,FC Internazionale Milano,0,1,7.0,A,2025.0
544298,2025-10-18,PD,Villarreal CF,Real Betis Balompié,2,2,9.0,D,2025.0
536881,2025-10-18,SA,Torino FC,SSC Napoli,1,0,7.0,H,2025.0
536882,2025-10-18,SA,AC Pisa 1909,Hellas Verona FC,0,0,7.0,D,2025.0
537857,2025-10-18,PL,Crystal Palace FC,AFC Bournemouth,3,3,8.0,D,2025.0
542476,2025-10-18,FL1,Angers SCO,AS Monaco FC,1,1,8.0,D,2025.0
537855,2025-10-18,PL,Sunderland AFC,Wolverhampton Wanderers FC,2,0,8.0,H,2025.0
537858,2025-10-18,PL,Burnley FC,Leeds United FC,2,0,8.0,H,2025.0
537862,2025-10-18,PL,Nottingham Forest FC,Chelsea FC,0,3,8.0,A,2025.0
537861,2025-10-18,PL,Manchester City FC,Everton FC,2,0,8.0,H,2025.0
544292,2025-10-18,PD,Club Atlético de Madrid,CA Osasuna,1,0,9.0,H,2025.0
537859,2025-10-18,PL,Fulham FC,Arsenal FC,0,1,8.0,A,2025.0
544300,2025-10-18,PD,Sevilla FC,RCD Mallorca,1,3,9.0,A,2025.0
544293,2025-10-18,PD,FC Barcelona,Girona FC,2,1,9.0,H,2025.0
542472,2025-10-18,FL1,OGC Nice,Olympique Lyonnais,3,2,8.0,H,2025.0
542475,2025-10-19,FL1,Racing Club de Lens,Paris FC,2,1,8.0,H,2025.0
540466,2025-10-19,BL1,FC St. Pauli 1910,TSG 1899 Hoffenheim,0,3,7.0,A,2025.0
540461,2025-10-19,BL1,SC Freiburg,Eintracht Frankfurt,2,2,7.0,D,2025.0
536875,2025-10-19,SA,AC Milan,ACF Fiorentina,2,1,7.0,H,2025.0
536877,2025-10-19,SA,Atalanta BC,SS Lazio,0,0,7.0,D,2025.0
536879,2025-10-19,SA,Genoa CFC,Parma Calcio 1913,0,0,7.0,D,2025.0
544295,2025-10-19,PD,Getafe CF,Real Madrid CF,0,1,9.0,A,2025.0
536878,2025-10-19,SA,Cagliari Calcio,Bologna FC 1909,0,2,7.0,A,2025.0
542470,2025-10-19,FL1,FC Nantes,Lille OSC,0,2,8.0,A,2025.0
536880,2025-10-19,SA,Como 1907,Juventus FC,2,0,7.0,H,2025.0
537860,2025-10-19,PL,Liverpool FC,Manchester United FC,1,2,8.0,A,2025.0
537863,2025-10-19,PL,Tottenham Hotspur FC,Aston Villa FC,1,2,8.0,A,2025.0
544297,2025-10-19,PD,Elche CF,Athletic Club,0,0,9.0,D,2025.0
542477,2025-10-19,FL1,Stade Rennais FC 1901,AJ Auxerre,2,2,8.0,D,2025.0
542471,2025-10-19,FL1,Toulouse FC,FC Metz,4,0,8.0,H,2025.0
544294,2025-10-19,PD,RC Celta de Vigo,Real Sociedad de Fútbol,1,1,9.0,D,2025.0
544296,2025-10-19,PD,Levante UD,Rayo Vallecano de Madrid,0,3,9.0,A,2025.0
542469,2025-10-19,FL1,FC Lorient,Stade Brestois 29,3,3,8.0,D,2025.0
537864,2025-10-20,PL,West Ham United FC,Brentford FC,0,2,8.0,A,2025.0
536883,2025-10-20,SA,US Cremonese,Udinese Calcio,1,1,7.0,D,2025.0
544291,2025-10-20,PD,Deportivo Alavés,Valencia CF,0,0,9.0,D,2025.0
551955,2025-10-21,CL,FC Barcelona,PAE Olympiakos SFP,6,1,3.0,H,2025.0
551976,2025-10-21,CL,Arsenal FC,Club Atlético de Madrid,4,0,3.0,H,2025.0
551964,2025-10-21,CL,Villarreal CF,Manchester City FC,0,2,3.0,A,2025.0
551960,2025-10-21,CL,Bayer 04 Leverkusen,Paris Saint-Germain FC,2,7,3.0,A,2025.0
551938,2025-10-21,CL,Royale Union Saint-Gilloise,FC Internazionale Milano,0,4,3.0,A,2025.0
552045,2025-10-21,CL,FK Kairat,Paphos FC,0,0,3.0,D,2025.0
551992,2025-10-21,CL,Newcastle United FC,Sport Lisboa e Benfica,3,0,3.0,H,2025.0
552048,2025-10-21,CL,PSV,SSC Napoli,6,2,3.0,H,2025.0
551945,2025-10-21,CL,FC København,Borussia Dortmund,2,4,3.0,A,2025.0
552025,2025-10-22,CL,Galatasaray SK,FK Bodø/Glimt,3,1,3.0,H,2025.0
551919,2025-10-22,CL,Chelsea FC,AFC Ajax,5,1,3.0,H,2025.0
551947,2025-10-22,CL,Eintracht Frankfurt,Liverpool FC,1,5,3.0,A,2025.0
551984,2025-10-22,CL,Atalanta BC,SK Slavia Praha,0,0,3.0,D,2025.0
552016,2025-10-22,CL,Sporting Clube de Portugal,Olympique de Marseille,2,1,3.0,H,2025.0
552022,2025-10-22,CL,AS Monaco FC,Tottenham Hotspur FC,0,0,3.0,D,2025.0
551925,2025-10-22,CL,Real Madrid CF,Juventus FC,1,0,3.0,H,2025.0
551910,2025-10-22,CL,FC Bayern München,Club Brugge KV,4,0,3.0,H,2025.0
552040,2025-10-22,CL,Athletic Club,Qarabağ Ağdam FK,3,1,3.0,H,2025.0
542480,2025-10-24,FL1,Paris FC,FC Nantes,1,2,9.0,A,2025.0
536886,2025-10-24,SA,AC Milan,AC Pisa 1909,2,2,8.0,D,2025.0
544303,2025-10-24,PD,Real Sociedad de Fútbol,Sevilla FC,2,1,10.0,H,2025.0
537871,2025-10-24,PL,Leeds United FC,West Ham United FC,2,1,9.0,H,2025.0
540472,2025-10-24,BL1,SV Werder Bremen,1. FC Union Berlin,1,0,8.0,H,2025.0
536894,2025-10-25,SA,US Cremonese,Atalanta BC,1,1,8.0,D,2025.0
536892,2025-10-25,SA,SSC Napoli,FC Internazionale Milano,3,1,8.0,H,2025.0
544304,2025-10-25,PD,Valencia CF,Villarreal CF,0,2,10.0,A,2025.0
536893,2025-10-25,SA,Udinese Calcio,US Lecce,3,2,8.0,H,2025.0
544309,2025-10-25,PD,RCD Espanyol de Barcelona,Elche CF,1,0,10.0,H,2025.0
542483,2025-10-25,FL1,Racing Club de Lens,Olympique de Marseille,2,1,9.0,H,2025.0
542479,2025-10-25,FL1,AS Monaco FC,Toulouse FC,1,0,9.0,H,2025.0
536890,2025-10-25,SA,Parma Calcio 1913,Como 1907,0,0,8.0,D,2025.0
544301,2025-10-25,PD,Athletic Club,Getafe CF,0,1,10.0,A,2025.0
542485,2025-10-25,FL1,Stade Brestois 29,Paris Saint-Germain FC,0,3,9.0,A,2025.0
537873,2025-10-25,PL,Newcastle United FC,Fulham FC,2,1,9.0,H,2025.0
540471,2025-10-25,BL1,Borussia Dortmund,1. FC Köln,1,0,8.0,H,2025.0
544302,2025-10-25,PD,Girona FC,Real Oviedo,3,3,10.0,D,2025.0
540475,2025-10-25,BL1,FC Augsburg,RB Leipzig,0,6,8.0,A,2025.0
537869,2025-10-25,PL,Chelsea FC,Sunderland AFC,1,2,9.0,A,2025.0
537872,2025-10-25,PL,Manchester United FC,Brighton & Hove Albion FC,4,2,9.0,H,2025.0
540470,2025-10-25,BL1,Eintracht Frankfurt,FC St. Pauli 1910,2,0,8.0,H,2025.0
540476,2025-10-25,BL1,TSG 1899 Hoffenheim,1. FC Heidenheim 1846,3,1,8.0,H,2025.0
540477,2025-10-25,BL1,Hamburger SV,VfL Wolfsburg,0,1,8.0,A,2025.0
540474,2025-10-25,BL1,Borussia Mönchengladbach,FC Bayern München,0,3,8.0,A,2025.0
537868,2025-10-25,PL,Brentford FC,Liverpool FC,3,2,9.0,H,2025.0
536889,2025-10-26,SA,SS Lazio,Juventus FC,1,0,8.0,H,2025.0
536888,2025-10-26,SA,Hellas Verona FC,Cagliari Calcio,2,2,8.0,D,2025.0
536887,2025-10-26,SA,Torino FC,Genoa CFC,2,1,8.0,H,2025.0
537870,2025-10-26,PL,Everton FC,Tottenham Hotspur FC,0,3,9.0,A,2025.0
540469,2025-10-26,BL1,Bayer 04 Leverkusen,SC Freiburg,2,0,8.0,H,2025.0
544305,2025-10-26,PD,Rayo Vallecano de Madrid,Deportivo Alavés,1,0,10.0,H,2025.0
544308,2025-10-26,PD,CA Osasuna,RC Celta de Vigo,2,3,10.0,A,2025.0
544307,2025-10-26,PD,Real Madrid CF,FC Barcelona,2,1,10.0,H,2025.0
544310,2025-10-26,PD,RCD Mallorca,Levante UD,1,1,10.0,D,2025.0
536885,2025-10-26,SA,ACF Fiorentina,Bologna FC 1909,2,2,8.0,D,2025.0
536891,2025-10-26,SA,US Sassuolo Calcio,AS Roma,0,1,8.0,A,2025.0
542481,2025-10-26,FL1,Olympique Lyonnais,RC Strasbourg Alsace,2,1,9.0,H,2025.0
537866,2025-10-26,PL,Aston Villa FC,Manchester City FC,1,0,9.0,H,2025.0
542478,2025-10-26,FL1,AJ Auxerre,Le Havre AC,0,1,9.0,A,2025.0
537874,2025-10-26,PL,Wolverhampton Wanderers FC,Burnley FC,2,3,9.0,A,2025.0
537867,2025-10-26,PL,Arsenal FC,Crystal Palace FC,1,0,9.0,H,2025.0
542482,2025-10-26,FL1,Lille OSC,FC Metz,6,1,9.0,H,2025.0
537865,2025-10-26,PL,AFC Bournemouth,Nottingham Forest FC,2,0,9.0,H,2025.0
540473,2025-10-26,BL1,VfB Stuttgart,1. FSV Mainz 05,2,1,8.0,H,2025.0
542484,2025-10-26,FL1,Angers SCO,FC Lorient,2,0,9.0,H,2025.0
542486,2025-10-26,FL1,Stade Rennais FC 1901,OGC Nice,1,2,9.0,A,2025.0
544306,2025-10-27,PD,Real Betis Balompié,Club Atlético de Madrid,0,2,10.0,A,2025.0
536904,2025-10-28,SA,US Lecce,SSC Napoli,0,1,9.0,A,2025.0
536896,2025-10-28,SA,Atalanta BC,AC Milan,1,1,9.0,D,2025.0
542494,2025-10-29,FL1,Olympique de Marseille,Angers SCO,2,2,10.0,D,2025.0
542491,2025-10-29,FL1,Paris FC,Olympique Lyonnais,3,3,10.0,D,2025.0
542493,2025-10-29,FL1,OGC Nice,Lille OSC,2,0,10.0,H,2025.0
542492,2025-10-29,FL1,Toulouse FC,Stade Rennais FC 1901,2,2,10.0,D,2025.0
536899,2025-10-29,SA,Como 1907,Hellas Verona FC,3,1,9.0,H,2025.0
536902,2025-10-29,SA,Juventus FC,Udinese Calcio,3,1,9.0,H,2025.0
536898,2025-10-29,SA,Genoa CFC,US Cremonese,0,2,9.0,A,2025.0
536895,2025-10-29,SA,AS Roma,Parma Calcio 1913,2,1,9.0,H,2025.0
536901,2025-10-29,SA,FC Internazionale Milano,ACF Fiorentina,3,0,9.0,H,2025.0
542488,2025-10-29,FL1,FC Lorient,Paris Saint-Germain FC,1,1,10.0,D,2025.0
542489,2025-10-29,FL1,FC Metz,Racing Club de Lens,2,0,10.0,H,2025.0
542490,2025-10-29,FL1,FC Nantes,AS Monaco FC,3,5,10.0,A,2025.0
542487,2025-10-29,FL1,Le Havre AC,Stade Brestois 29,1,0,10.0,H,2025.0
542495,2025-10-29,FL1,RC Strasbourg Alsace,AJ Auxerre,3,0,10.0,H,2025.0
536900,2025-10-29,SA,Bologna FC 1909,Torino FC,0,0,9.0,D,2025.0
536897,2025-10-30,SA,Cagliari Calcio,US Sassuolo Calcio,1,2,9.0,A,2025.0
536903,2025-10-30,SA,AC Pisa 1909,SS Lazio,0,0,9.0,D,2025.0
544315,2025-10-31,PD,Getafe CF,Girona FC,2,1,11.0,H,2025.0
540482,2025-10-31,BL1,FC Augsburg,Borussia Dortmund,0,1,9.0,A,2025.0
542496,2025-11-01,FL1,AJ Auxerre,Olympique de Marseille,0,1,11.0,A,2025.0
537882,2025-11-01,PL,Nottingham Forest FC,Manchester United FC,2,2,10.0,D,2025.0
537879,2025-11-01,PL,Fulham FC,Wolverhampton Wanderers FC,3,0,10.0,H,2025.0
537883,2025-11-01,PL,Tottenham Hotspur FC,Chelsea FC,0,1,10.0,A,2025.0
537880,2025-11-01,PL,Liverpool FC,Aston Villa FC,2,0,10.0,H,2025.0
537877,2025-11-01,PL,Crystal Palace FC,Brentford FC,2,0,10.0,H,2025.0
537876,2025-11-01,PL,Brighton & Hove Albion FC,Leeds United FC,3,0,10.0,H,2025.0
536913,2025-11-01,SA,Udinese Calcio,Atalanta BC,1,0,10.0,H,2025.0
536912,2025-11-01,SA,SSC Napoli,Como 1907,0,0,10.0,D,2025.0
536914,2025-11-01,SA,US Cremonese,Juventus FC,1,2,10.0,A,2025.0
542497,2025-11-01,FL1,AS Monaco FC,Paris FC,0,1,11.0,A,2025.0
540484,2025-11-01,BL1,FC St. Pauli 1910,Borussia Mönchengladbach,0,4,9.0,A,2025.0
537878,2025-11-01,PL,Burnley FC,Arsenal FC,0,2,10.0,A,2025.0
542501,2025-11-01,FL1,Paris Saint-Germain FC,OGC Nice,1,0,11.0,H,2025.0
540478,2025-11-01,BL1,FC Bayern München,Bayer 04 Leverkusen,3,0,9.0,H,2025.0
540483,2025-11-01,BL1,1. FC Union Berlin,SC Freiburg,0,0,9.0,D,2025.0
540480,2025-11-01,BL1,RB Leipzig,VfB Stuttgart,3,1,9.0,H,2025.0
544317,2025-11-01,PD,Real Sociedad de Fútbol,Athletic Club,3,2,11.0,H,2025.0
544316,2025-11-01,PD,Real Madrid CF,Valencia CF,4,0,11.0,H,2025.0
544312,2025-11-01,PD,Club Atlético de Madrid,Sevilla FC,3,0,11.0,H,2025.0
540485,2025-11-01,BL1,1. FC Heidenheim 1846,Eintracht Frankfurt,1,1,9.0,D,2025.0
544320,2025-11-01,PD,Villarreal CF,Rayo Vallecano de Madrid,4,0,11.0,H,2025.0
540479,2025-11-01,BL1,1. FSV Mainz 05,SV Werder Bremen,1,1,9.0,D,2025.0
540486,2025-11-02,BL1,1. FC Köln,Hamburger SV,4,1,9.0,H,2025.0
542500,2025-11-02,FL1,Lille OSC,Angers SCO,1,0,11.0,H,2025.0
542498,2025-11-02,FL1,FC Nantes,FC Metz,0,2,11.0,A,2025.0
542504,2025-11-02,FL1,Stade Rennais FC 1901,RC Strasbourg Alsace,4,1,11.0,H,2025.0
542503,2025-11-02,FL1,Stade Brestois 29,Olympique Lyonnais,0,0,11.0,D,2025.0
542499,2025-11-02,FL1,Toulouse FC,Le Havre AC,0,0,11.0,D,2025.0
542502,2025-11-02,FL1,Racing Club de Lens,FC Lorient,3,0,11.0,H,2025.0
540481,2025-11-02,BL1,VfL Wolfsburg,TSG 1899 Hoffenheim,2,3,9.0,A,2025.0
536907,2025-11-02,SA,Torino FC,AC Pisa 1909,2,2,10.0,D,2025.0
537881,2025-11-02,PL,Manchester City FC,AFC Bournemouth,3,1,10.0,H,2025.0
536908,2025-11-02,SA,Hellas Verona FC,FC Internazionale Milano,1,2,10.0,A,2025.0
536910,2025-11-02,SA,Parma Calcio 1913,Bologna FC 1909,1,3,10.0,A,2025.0
536905,2025-11-02,SA,ACF Fiorentina,US Lecce,0,1,10.0,A,2025.0
536906,2025-11-02,SA,AC Milan,AS Roma,1,0,10.0,H,2025.0
537884,2025-11-02,PL,West Ham United FC,Newcastle United FC,3,1,10.0,H,2025.0
544313,2025-11-02,PD,FC Barcelona,Elche CF,3,1,11.0,H,2025.0
544318,2025-11-02,PD,Levante UD,RC Celta de Vigo,1,2,11.0,A,2025.0
544311,2025-11-02,PD,Deportivo Alavés,RCD Espanyol de Barcelona,2,1,11.0,H,2025.0
544314,2025-11-02,PD,Real Betis Balompié,RCD Mallorca,3,0,11.0,H,2025.0
537875,2025-11-03,PL,Sunderland AFC,Everton FC,1,1,10.0,D,2025.0
544319,2025-11-03,PD,Real Oviedo,CA Osasuna,0,0,11.0,D,2025.0
536909,2025-11-03,SA,SS Lazio,Cagliari Calcio,2,0,10.0,H,2025.0
536911,2025-11-03,SA,US Sassuolo Calcio,Genoa CFC,1,2,10.0,A,2025.0
551979,2025-11-04,CL,SK Slavia Praha,Arsenal FC,0,3,4.0,A,2025.0
551999,2025-11-04,CL,SSC Napoli,Eintracht Frankfurt,0,0,4.0,D,2025.0
551924,2025-11-04,CL,Liverpool FC,Real Madrid CF,1,0,4.0,H,2025.0
552021,2025-11-04,CL,Tottenham Hotspur FC,FC København,4,0,4.0,H,2025.0
551909,2025-11-04,CL,Paris Saint-Germain FC,FC Bayern München,1,2,4.0,A,2025.0
552029,2025-11-04,CL,PAE Olympiakos SFP,PSV,1,1,4.0,D,2025.0
552003,2025-11-04,CL,Juventus FC,Sporting Clube de Portugal,1,1,4.0,D,2025.0
552009,2025-11-04,CL,Club Atlético de Madrid,Royale Union Saint-Gilloise,3,1,4.0,H,2025.0
552024,2025-11-04,CL,FK Bodø/Glimt,AS Monaco FC,0,1,4.0,A,2025.0
552033,2025-11-05,CL,AFC Ajax,Galatasaray SK,0,3,4.0,A,2025.0
551922,2025-11-05,CL,Qarabağ Ağdam FK,Chelsea FC,2,2,4.0,D,2025.0
551985,2025-11-05,CL,Olympique de Marseille,Atalanta BC,0,1,4.0,A,2025.0
552014,2025-11-05,CL,Paphos FC,Villarreal CF,1,0,4.0,H,2025.0
551939,2025-11-05,CL,Manchester City FC,Borussia Dortmund,4,1,4.0,H,2025.0
552047,2025-11-05,CL,Newcastle United FC,Athletic Club,2,0,4.0,H,2025.0
551937,2025-11-05,CL,FC Internazionale Milano,FK Kairat,2,1,4.0,H,2025.0
551954,2025-11-05,CL,Club Brugge KV,FC Barcelona,3,3,4.0,D,2025.0
551971,2025-11-05,CL,Sport Lisboa e Benfica,Bayer 04 Leverkusen,0,1,4.0,A,2025.0
542509,2025-11-07,FL1,Paris FC,Stade Rennais FC 1901,0,1,12.0,A,2025.0
536923,2025-11-07,SA,AC Pisa 1909,US Cremonese,1,0,11.0,H,2025.0
540490,2025-11-07,BL1,SV Werder Bremen,VfL Wolfsburg,2,1,10.0,H,2025.0
544323,2025-11-07,PD,Elche CF,Real Sociedad de Fútbol,1,1,12.0,D,2025.0
544326,2025-11-08,PD,Girona FC,Deportivo Alavés,1,0,12.0,H,2025.0
542505,2025-11-08,FL1,Le Havre AC,FC Nantes,1,1,12.0,D,2025.0
540494,2025-11-08,BL1,TSG 1899 Hoffenheim,RB Leipzig,3,1,10.0,H,2025.0
540487,2025-11-08,BL1,Bayer 04 Leverkusen,1. FC Heidenheim 1846,6,0,10.0,H,2025.0
542511,2025-11-08,FL1,Olympique de Marseille,Stade Brestois 29,3,0,12.0,H,2025.0
544324,2025-11-08,PD,RCD Espanyol de Barcelona,Villarreal CF,0,2,12.0,A,2025.0
544322,2025-11-08,PD,Club Atlético de Madrid,Levante UD,3,1,12.0,H,2025.0
537889,2025-11-08,PL,Chelsea FC,Wolverhampton Wanderers FC,3,0,11.0,H,2025.0
540493,2025-11-08,BL1,1. FC Union Berlin,FC Bayern München,2,2,10.0,D,2025.0
540492,2025-11-08,BL1,Borussia Mönchengladbach,1. FC Köln,3,1,10.0,H,2025.0
542506,2025-11-08,FL1,AS Monaco FC,Racing Club de Lens,1,4,12.0,A,2025.0
536918,2025-11-08,SA,Como 1907,Cagliari Calcio,0,0,11.0,D,2025.0
536924,2025-11-08,SA,US Lecce,Hellas Verona FC,0,0,11.0,D,2025.0
536921,2025-11-08,SA,Juventus FC,Torino FC,0,0,11.0,D,2025.0
536922,2025-11-08,SA,Parma Calcio 1913,AC Milan,2,2,11.0,D,2025.0
537885,2025-11-08,PL,Sunderland AFC,Arsenal FC,2,2,11.0,D,2025.0
537894,2025-11-08,PL,West Ham United FC,Burnley FC,3,2,11.0,H,2025.0
537890,2025-11-08,PL,Everton FC,Fulham FC,2,0,11.0,H,2025.0
537893,2025-11-08,PL,Tottenham Hotspur FC,Manchester United FC,2,2,11.0,D,2025.0
544330,2025-11-08,PD,Sevilla FC,CA Osasuna,1,0,12.0,H,2025.0
540495,2025-11-08,BL1,Hamburger SV,Borussia Dortmund,1,1,10.0,D,2025.0
537888,2025-11-09,PL,Brentford FC,Newcastle United FC,3,1,11.0,H,2025.0
544327,2025-11-09,PD,RC Celta de Vigo,FC Barcelona,2,4,12.0,A,2025.0
544329,2025-11-09,PD,RCD Mallorca,Getafe CF,1,0,12.0,H,2025.0
544325,2025-11-09,PD,Rayo Vallecano de Madrid,Real Madrid CF,0,0,12.0,D,2025.0
542513,2025-11-09,FL1,Angers SCO,AJ Auxerre,2,0,12.0,H,2025.0
544328,2025-11-09,PD,Valencia CF,Real Betis Balompié,1,1,12.0,D,2025.0
536916,2025-11-09,SA,Atalanta BC,US Sassuolo Calcio,0,3,11.0,A,2025.0
542508,2025-11-09,FL1,FC Metz,OGC Nice,2,1,12.0,H,2025.0
542510,2025-11-09,FL1,Olympique Lyonnais,Paris Saint-Germain FC,2,3,12.0,A,2025.0
544321,2025-11-09,PD,Athletic Club,Real Oviedo,1,0,12.0,H,2025.0
536920,2025-11-09,SA,FC Internazionale Milano,SS Lazio,2,0,11.0,H,2025.0
542507,2025-11-09,FL1,FC Lorient,Toulouse FC,1,1,12.0,D,2025.0
536919,2025-11-09,SA,Bologna FC 1909,SSC Napoli,2,0,11.0,H,2025.0
537891,2025-11-09,PL,Manchester City FC,Liverpool FC,3,0,11.0,H,2025.0
537887,2025-11-09,PL,Crystal Palace FC,Brighton & Hove Albion FC,0,0,11.0,D,2025.0
537886,2025-11-09,PL,Aston Villa FC,AFC Bournemouth,4,0,11.0,H,2025.0
540488,2025-11-09,BL1,Eintracht Frankfurt,1. FSV Mainz 05,1,0,10.0,H,2025.0
536915,2025-11-09,SA,AS Roma,Udinese Calcio,2,0,11.0,H,2025.0
540489,2025-11-09,BL1,SC Freiburg,FC St. Pauli 1910,2,1,10.0,H,2025.0
536917,2025-11-09,SA,Genoa CFC,ACF Fiorentina,2,2,11.0,D,2025.0
540491,2025-11-09,BL1,VfB Stuttgart,FC Augsburg,3,2,10.0,H,2025.0
537892,2025-11-09,PL,Nottingham Forest FC,Leeds United FC,3,1,11.0,H,2025.0
542512,2025-11-09,FL1,RC Strasbourg Alsace,Lille OSC,2,0,12.0,H,2025.0
540498,2025-11-21,BL1,1. FSV Mainz 05,TSG 1899 Hoffenheim,1,1,11.0,D,2025.0
544339,2025-11-21,PD,Valencia CF,Levante UD,1,0,13.0,H,2025.0
542517,2025-11-21,FL1,OGC Nice,Olympique de Marseille,1,5,13.0,A,2025.0
540504,2025-11-22,BL1,1. FC Köln,Eintracht Frankfurt,3,4,11.0,A,2025.0
536933,2025-11-22,SA,Udinese Calcio,Bologna FC 1909,0,3,12.0,A,2025.0
540497,2025-11-22,BL1,Borussia Dortmund,VfB Stuttgart,3,3,11.0,D,2025.0
537904,2025-11-22,PL,Wolverhampton Wanderers FC,Crystal Palace FC,0,2,12.0,A,2025.0
537903,2025-11-22,PL,Newcastle United FC,Manchester City FC,2,1,12.0,H,2025.0
537899,2025-11-22,PL,Fulham FC,Sunderland AFC,1,0,12.0,H,2025.0
537896,2025-11-22,PL,Brighton & Hove Albion FC,Brentford FC,2,1,12.0,H,2025.0
536925,2025-11-22,SA,ACF Fiorentina,Juventus FC,1,1,12.0,D,2025.0
540503,2025-11-22,BL1,1. FC Heidenheim 1846,Borussia Mönchengladbach,0,3,11.0,A,2025.0
537898,2025-11-22,PL,Burnley FC,Chelsea FC,0,2,12.0,A,2025.0
537900,2025-11-22,PL,Liverpool FC,Nottingham Forest FC,0,3,12.0,A,2025.0
536926,2025-11-22,SA,Cagliari Calcio,Genoa CFC,3,3,12.0,D,2025.0
536932,2025-11-22,SA,SSC Napoli,Atalanta BC,3,1,12.0,H,2025.0
544335,2025-11-22,PD,CA Osasuna,Real Sociedad de Fútbol,1,3,13.0,A,2025.0
537895,2025-11-22,PL,AFC Bournemouth,West Ham United FC,2,2,12.0,D,2025.0
542522,2025-11-22,FL1,Stade Rennais FC 1901,AS Monaco FC,4,1,13.0,H,2025.0
542519,2025-11-22,FL1,Paris Saint-Germain FC,Le Havre AC,3,0,13.0,H,2025.0
540501,2025-11-22,BL1,FC Augsburg,Hamburger SV,1,0,11.0,H,2025.0
542520,2025-11-22,FL1,Racing Club de Lens,RC Strasbourg Alsace,1,0,13.0,H,2025.0
544340,2025-11-22,PD,Villarreal CF,RCD Mallorca,2,1,13.0,H,2025.0
540500,2025-11-22,BL1,VfL Wolfsburg,Bayer 04 Leverkusen,1,3,11.0,A,2025.0
544331,2025-11-22,PD,Deportivo Alavés,RC Celta de Vigo,0,1,13.0,A,2025.0
540496,2025-11-22,BL1,FC Bayern München,SC Freiburg,6,2,11.0,H,2025.0
544337,2025-11-22,PD,FC Barcelona,Athletic Club,4,0,13.0,H,2025.0
544332,2025-11-23,PD,Real Betis Balompié,Girona FC,1,1,13.0,D,2025.0
542514,2025-11-23,FL1,AJ Auxerre,Olympique Lyonnais,0,0,13.0,D,2025.0
544333,2025-11-23,PD,Elche CF,Real Madrid CF,2,2,13.0,D,2025.0
540499,2025-11-23,BL1,RB Leipzig,SV Werder Bremen,2,0,11.0,H,2025.0
540502,2025-11-23,BL1,FC St. Pauli 1910,1. FC Union Berlin,0,1,11.0,A,2025.0
536928,2025-11-23,SA,Hellas Verona FC,Parma Calcio 1913,1,2,12.0,A,2025.0
537897,2025-11-23,PL,Arsenal FC,Tottenham Hotspur FC,4,1,12.0,H,2025.0
537901,2025-11-23,PL,Leeds United FC,Aston Villa FC,1,2,12.0,A,2025.0
536929,2025-11-23,SA,FC Internazionale Milano,AC Milan,0,1,12.0,A,2025.0
544336,2025-11-23,PD,Real Oviedo,Rayo Vallecano de Madrid,0,0,13.0,D,2025.0
542516,2025-11-23,FL1,Toulouse FC,Angers SCO,0,1,13.0,A,2025.0
542515,2025-11-23,FL1,FC Nantes,FC Lorient,1,1,13.0,D,2025.0
536934,2025-11-23,SA,US Cremonese,AS Roma,1,3,12.0,A,2025.0
536930,2025-11-23,SA,SS Lazio,US Lecce,2,0,12.0,H,2025.0
542518,2025-11-23,FL1,Lille OSC,Paris FC,4,2,13.0,H,2025.0
542521,2025-11-23,FL1,Stade Brestois 29,FC Metz,3,2,13.0,H,2025.0
544338,2025-11-23,PD,Getafe CF,Club Atlético de Madrid,0,1,13.0,A,2025.0
544334,2025-11-24,PD,RCD Espanyol de Barcelona,Sevilla FC,2,1,13.0,H,2025.0
537902,2025-11-24,PL,Manchester United FC,Everton FC,0,1,12.0,A,2025.0
536927,2025-11-24,SA,Torino FC,Como 1907,1,5,12.0,A,2025.0
536931,2025-11-24,SA,US Sassuolo Calcio,AC Pisa 1909,2,2,12.0,D,2025.0
551940,2025-11-25,CL,Borussia Dortmund,Villarreal CF,4,0,5.0,H,2025.0
551916,2025-11-25,CL,Chelsea FC,FC Barcelona,3,0,5.0,H,2025.0
552037,2025-11-25,CL,SSC Napoli,Qarabağ Ağdam FK,2,0,5.0,H,2025.0
552035,2025-11-25,CL,SK Slavia Praha,Athletic Club,0,0,5.0,D,2025.0
551963,2025-11-25,CL,Manchester City FC,Bayer 04 Leverkusen,0,2,5.0,A,2025.0
552004,2025-11-25,CL,FK Bodø/Glimt,Juventus FC,2,3,5.0,A,2025.0
552017,2025-11-25,CL,Olympique de Marseille,Newcastle United FC,2,1,5.0,H,2025.0
551990,2025-11-25,CL,AFC Ajax,Sport Lisboa e Benfica,0,2,5.0,A,2025.0
552043,2025-11-25,CL,Galatasaray SK,Royale Union Saint-Gilloise,0,1,5.0,A,2025.0
551948,2025-11-26,CL,Liverpool FC,PSV,1,4,5.0,A,2025.0
552042,2025-11-26,CL,Paphos FC,AS Monaco FC,2,2,5.0,D,2025.0
552046,2025-11-26,CL,FC København,FK Kairat,3,2,5.0,H,2025.0
551983,2025-11-26,CL,Eintracht Frankfurt,Atalanta BC,0,3,5.0,A,2025.0
551934,2025-11-26,CL,Club Atlético de Madrid,FC Internazionale Milano,2,1,5.0,H,2025.0
551911,2025-11-26,CL,Arsenal FC,FC Bayern München,3,1,5.0,H,2025.0
551928,2025-11-26,CL,PAE Olympiakos SFP,Real Madrid CF,3,4,5.0,A,2025.0
551961,2025-11-26,CL,Paris Saint-Germain FC,Tottenham Hotspur FC,5,3,5.0,H,2025.0
551994,2025-11-26,CL,Sporting Clube de Portugal,Club Brugge KV,3,0,5.0,H,2025.0
544350,2025-11-28,PD,Getafe CF,Elche CF,1,0,14.0,H,2025.0
536939,2025-11-28,SA,Como 1907,US Sassuolo Calcio,2,0,13.0,H,2025.0
542526,2025-11-28,FL1,FC Metz,Stade Rennais FC 1901,0,1,14.0,A,2025.0
540510,2025-11-28,BL1,Borussia Mönchengladbach,RB Leipzig,0,0,12.0,D,2025.0
536942,2025-11-29,SA,Parma Calcio 1913,Udinese Calcio,0,2,13.0,A,2025.0
536938,2025-11-29,SA,Genoa CFC,Hellas Verona FC,2,1,13.0,H,2025.0
542527,2025-11-29,FL1,Paris FC,AJ Auxerre,1,1,14.0,D,2025.0
542524,2025-11-29,FL1,AS Monaco FC,Paris Saint-Germain FC,1,0,14.0,H,2025.0
544348,2025-11-29,PD,Levante UD,Athletic Club,0,2,14.0,A,2025.0
540506,2025-11-29,BL1,Bayer 04 Leverkusen,Borussia Dortmund,1,2,12.0,A,2025.0
544347,2025-11-29,PD,FC Barcelona,Deportivo Alavés,3,1,14.0,H,2025.0
542529,2025-11-29,FL1,Olympique de Marseille,Toulouse FC,2,2,14.0,D,2025.0
536935,2025-11-29,SA,AC Milan,SS Lazio,1,0,13.0,H,2025.0
544344,2025-11-29,PD,RCD Mallorca,CA Osasuna,2,2,14.0,D,2025.0
544341,2025-11-29,PD,Club Atlético de Madrid,Real Oviedo,2,0,14.0,H,2025.0
540512,2025-11-29,BL1,TSG 1899 Hoffenheim,FC Augsburg,3,0,12.0,H,2025.0
540509,2025-11-29,BL1,SV Werder Bremen,1. FC Köln,1,1,12.0,D,2025.0
537913,2025-11-29,PL,Tottenham Hotspur FC,Fulham FC,1,2,13.0,A,2025.0
537910,2025-11-29,PL,Everton FC,Newcastle United FC,1,4,13.0,A,2025.0
540511,2025-11-29,BL1,1. FC Union Berlin,1. FC Heidenheim 1846,1,2,12.0,A,2025.0
536941,2025-11-29,SA,Juventus FC,Cagliari Calcio,2,1,13.0,H,2025.0
537905,2025-11-29,PL,Sunderland AFC,AFC Bournemouth,3,2,13.0,H,2025.0
540505,2025-11-29,BL1,FC Bayern München,FC St. Pauli 1910,3,1,12.0,H,2025.0
537911,2025-11-29,PL,Manchester City FC,Leeds United FC,3,2,13.0,H,2025.0
537908,2025-11-29,PL,Brentford FC,Burnley FC,3,1,13.0,H,2025.0
540513,2025-11-30,BL1,Hamburger SV,VfB Stuttgart,2,1,12.0,H,2025.0
544349,2025-11-30,PD,Sevilla FC,Real Betis Balompié,0,2,14.0,A,2025.0
544346,2025-11-30,PD,Real Sociedad de Fútbol,Villarreal CF,2,3,14.0,A,2025.0
544343,2025-11-30,PD,Girona FC,Real Madrid CF,1,1,14.0,D,2025.0
537914,2025-11-30,PL,West Ham United FC,Liverpool FC,0,2,13.0,A,2025.0
537907,2025-11-30,PL,Crystal Palace FC,Manchester United FC,1,2,13.0,A,2025.0
537906,2025-11-30,PL,Aston Villa FC,Wolverhampton Wanderers FC,1,0,13.0,H,2025.0
537912,2025-11-30,PL,Nottingham Forest FC,Brighton & Hove Albion FC,0,2,13.0,A,2025.0
537909,2025-11-30,PL,Chelsea FC,Arsenal FC,1,1,13.0,D,2025.0
542523,2025-11-30,FL1,Le Havre AC,Lille OSC,0,1,14.0,A,2025.0
542531,2025-11-30,FL1,Angers SCO,Racing Club de Lens,1,2,14.0,A,2025.0
542530,2025-11-30,FL1,RC Strasbourg Alsace,Stade Brestois 29,1,2,14.0,A,2025.0
542528,2025-11-30,FL1,Olympique Lyonnais,FC Nantes,3,0,14.0,H,2025.0
536936,2025-11-30,SA,AS Roma,SSC Napoli,0,1,13.0,A,2025.0
536944,2025-11-30,SA,US Lecce,Torino FC,2,1,13.0,H,2025.0
536943,2025-11-30,SA,AC Pisa 1909,FC Internazionale Milano,0,2,13.0,A,2025.0
536937,2025-11-30,SA,Atalanta BC,ACF Fiorentina,2,0,13.0,H,2025.0
540508,2025-11-30,BL1,SC Freiburg,1. FSV Mainz 05,4,0,12.0,H,2025.0
542525,2025-11-30,FL1,FC Lorient,OGC Nice,3,1,14.0,H,2025.0
540507,2025-11-30,BL1,Eintracht Frankfurt,VfL Wolfsburg,1,1,12.0,D,2025.0
544342,2025-11-30,PD,RC Celta de Vigo,RCD Espanyol de Barcelona,0,1,14.0,A,2025.0
544345,2025-12-01,PD,Rayo Vallecano de Madrid,Valencia CF,1,1,14.0,D,2025.0
536940,2025-12-01,SA,Bologna FC 1909,US Cremonese,1,3,13.0,A,2025.0
537919,2025-12-02,PL,Fulham FC,Manchester City FC,4,5,14.0,A,2025.0
537923,2025-12-02,PL,Newcastle United FC,Tottenham Hotspur FC,2,2,14.0,D,2025.0
537915,2025-12-02,PL,AFC Bournemouth,Everton FC,0,1,14.0,A,2025.0
544395,2025-12-02,PD,FC Barcelona,Club Atlético de Madrid,3,1,19.0,H,2025.0
537916,2025-12-03,PL,Brighton & Hove Albion FC,Aston Villa FC,3,4,14.0,A,2025.0
537921,2025-12-03,PL,Leeds United FC,Chelsea FC,3,1,14.0,H,2025.0
537920,2025-12-03,PL,Liverpool FC,Sunderland AFC,1,1,14.0,D,2025.0
537918,2025-12-03,PL,Burnley FC,Crystal Palace FC,0,1,14.0,A,2025.0
537924,2025-12-03,PL,Wolverhampton Wanderers FC,Nottingham Forest FC,0,1,14.0,A,2025.0
544391,2025-12-03,PD,Athletic Club,Real Madrid CF,0,3,19.0,A,2025.0
537917,2025-12-03,PL,Arsenal FC,Brentford FC,2,0,14.0,H,2025.0
537922,2025-12-04,PL,Manchester United FC,West Ham United FC,1,1,14.0,D,2025.0
544359,2025-12-05,PD,Real Oviedo,RCD Mallorca,0,0,15.0,D,2025.0
540515,2025-12-05,BL1,1. FSV Mainz 05,Borussia Mönchengladbach,0,1,13.0,A,2025.0
542540,2025-12-05,FL1,Stade Brestois 29,AS Monaco FC,1,0,15.0,H,2025.0
542538,2025-12-05,FL1,Lille OSC,Olympique de Marseille,1,0,15.0,H,2025.0
537931,2025-12-06,PL,Manchester City FC,Sunderland AFC,3,0,15.0,H,2025.0
537928,2025-12-06,PL,Everton FC,Nottingham Forest FC,3,0,15.0,H,2025.0
537925,2025-12-06,PL,AFC Bournemouth,Chelsea FC,0,0,15.0,D,2025.0
542535,2025-12-06,FL1,FC Nantes,Racing Club de Lens,1,2,15.0,A,2025.0
537926,2025-12-06,PL,Aston Villa FC,Arsenal FC,2,1,15.0,H,2025.0
542539,2025-12-06,FL1,Paris Saint-Germain FC,Stade Rennais FC 1901,5,0,15.0,H,2025.0
544357,2025-12-06,PD,Villarreal CF,Getafe CF,2,0,15.0,H,2025.0
540520,2025-12-06,BL1,1. FC Köln,FC St. Pauli 1910,1,1,13.0,D,2025.0
544355,2025-12-06,PD,Real Betis Balompié,FC Barcelona,3,5,15.0,A,2025.0
542536,2025-12-06,FL1,Toulouse FC,RC Strasbourg Alsace,1,0,15.0,H,2025.0
537932,2025-12-06,PL,Newcastle United FC,Burnley FC,2,1,15.0,H,2025.0
544351,2025-12-06,PD,Deportivo Alavés,Real Sociedad de Fútbol,1,0,15.0,H,2025.0
540517,2025-12-06,BL1,VfB Stuttgart,FC Bayern München,0,5,13.0,A,2025.0
536947,2025-12-06,SA,Hellas Verona FC,Atalanta BC,3,1,14.0,H,2025.0
544352,2025-12-06,PD,Athletic Club,Club Atlético de Madrid,1,0,15.0,H,2025.0
537930,2025-12-06,PL,Leeds United FC,Liverpool FC,3,3,15.0,D,2025.0
537933,2025-12-06,PL,Tottenham Hotspur FC,Brentford FC,2,0,15.0,H,2025.0
536951,2025-12-06,SA,US Sassuolo Calcio,ACF Fiorentina,3,1,14.0,H,2025.0
540516,2025-12-06,BL1,RB Leipzig,Eintracht Frankfurt,6,0,13.0,H,2025.0
540519,2025-12-06,BL1,1. FC Heidenheim 1846,SC Freiburg,2,1,13.0,H,2025.0
540522,2025-12-06,BL1,FC Augsburg,Bayer 04 Leverkusen,2,0,13.0,H,2025.0
540518,2025-12-06,BL1,VfL Wolfsburg,1. FC Union Berlin,3,1,13.0,H,2025.0
536948,2025-12-06,SA,FC Internazionale Milano,Como 1907,4,0,14.0,H,2025.0
537929,2025-12-07,PL,Fulham FC,Crystal Palace FC,1,2,15.0,A,2025.0
536952,2025-12-07,SA,SSC Napoli,Juventus FC,2,1,14.0,H,2025.0
536949,2025-12-07,SA,SS Lazio,Bologna FC 1909,1,1,14.0,D,2025.0
536945,2025-12-07,SA,Cagliari Calcio,AS Roma,1,0,14.0,H,2025.0
536954,2025-12-07,SA,US Cremonese,US Lecce,2,0,14.0,H,2025.0
544356,2025-12-07,PD,Real Madrid CF,RC Celta de Vigo,0,2,15.0,A,2025.0
544354,2025-12-07,PD,RCD Espanyol de Barcelona,Rayo Vallecano de Madrid,1,0,15.0,H,2025.0
544360,2025-12-07,PD,Valencia CF,Sevilla FC,1,1,15.0,D,2025.0
537927,2025-12-07,PL,Brighton & Hove Albion FC,West Ham United FC,1,1,15.0,D,2025.0
542537,2025-12-07,FL1,OGC Nice,Angers SCO,0,1,15.0,A,2025.0
542532,2025-12-07,FL1,Le Havre AC,Paris FC,0,0,15.0,D,2025.0
542534,2025-12-07,FL1,FC Lorient,Olympique Lyonnais,1,0,15.0,H,2025.0
542533,2025-12-07,FL1,AJ Auxerre,FC Metz,3,1,15.0,H,2025.0
540514,2025-12-07,BL1,Borussia Dortmund,TSG 1899 Hoffenheim,2,0,13.0,H,2025.0
540521,2025-12-07,BL1,Hamburger SV,SV Werder Bremen,3,2,13.0,H,2025.0
544353,2025-12-07,PD,Elche CF,Girona FC,3,0,15.0,H,2025.0
536950,2025-12-08,SA,AC Pisa 1909,Parma Calcio 1913,0,1,14.0,A,2025.0
537934,2025-12-08,PL,Wolverhampton Wanderers FC,Manchester United FC,1,4,15.0,A,2025.0
536953,2025-12-08,SA,Udinese Calcio,Genoa CFC,1,2,14.0,A,2025.0
544358,2025-12-08,PD,CA Osasuna,Levante UD,2,0,15.0,H,2025.0
536946,2025-12-08,SA,Torino FC,AC Milan,2,3,14.0,A,2025.0
552041,2025-12-09,CL,AS Monaco FC,Galatasaray SK,1,0,6.0,H,2025.0
551918,2025-12-09,CL,Atalanta BC,Chelsea FC,2,1,6.0,H,2025.0
552018,2025-12-09,CL,Royale Union Saint-Gilloise,Olympique de Marseille,2,3,6.0,A,2025.0
552019,2025-12-09,CL,Tottenham Hotspur FC,SK Slavia Praha,3,0,6.0,H,2025.0
551931,2025-12-09,CL,FC Internazionale Milano,Liverpool FC,0,1,6.0,A,2025.0
552032,2025-12-09,CL,FK Kairat,PAE Olympiakos SFP,0,1,6.0,A,2025.0
551912,2025-12-09,CL,FC Bayern München,Sporting Clube de Portugal,3,1,6.0,H,2025.0
551953,2025-12-09,CL,FC Barcelona,Eintracht Frankfurt,2,1,6.0,H,2025.0
552008,2025-12-09,CL,PSV,Club Atlético de Madrid,2,3,6.0,A,2025.0
552005,2025-12-10,CL,Juventus FC,Paphos FC,2,0,6.0,H,2025.0
551989,2025-12-10,CL,Sport Lisboa e Benfica,SSC Napoli,2,0,6.0,H,2025.0
551977,2025-12-10,CL,Club Brugge KV,Arsenal FC,0,3,6.0,A,2025.0
551974,2025-12-10,CL,Bayer 04 Leverkusen,Newcastle United FC,2,2,6.0,D,2025.0
552013,2025-12-10,CL,Villarreal CF,FC København,2,3,6.0,A,2025.0
551942,2025-12-10,CL,Borussia Dortmund,FK Bodø/Glimt,2,2,6.0,D,2025.0
552034,2025-12-10,CL,Qarabağ Ağdam FK,AFC Ajax,2,4,6.0,A,2025.0
551923,2025-12-10,CL,Real Madrid CF,Manchester City FC,1,2,6.0,A,2025.0
551969,2025-12-10,CL,Athletic Club,Paris Saint-Germain FC,0,0,6.0,D,2025.0
540529,2025-12-12,BL1,1. FC Union Berlin,RB Leipzig,3,1,14.0,H,2025.0
544369,2025-12-12,PD,Real Sociedad de Fútbol,Girona FC,1,2,16.0,A,2025.0
542548,2025-12-12,FL1,Angers SCO,FC Nantes,4,1,16.0,H,2025.0
536964,2025-12-12,SA,US Lecce,AC Pisa 1909,1,0,15.0,H,2025.0
540528,2025-12-13,BL1,Borussia Mönchengladbach,VfL Wolfsburg,1,3,14.0,A,2025.0
540525,2025-12-13,BL1,Eintracht Frankfurt,FC Augsburg,1,0,14.0,H,2025.0
540530,2025-12-13,BL1,FC St. Pauli 1910,1. FC Heidenheim 1846,2,1,14.0,H,2025.0
537939,2025-12-13,PL,Burnley FC,Fulham FC,2,3,16.0,A,2025.0
537937,2025-12-13,PL,Arsenal FC,Wolverhampton Wanderers FC,2,1,16.0,H,2025.0
537940,2025-12-13,PL,Chelsea FC,Everton FC,2,0,16.0,H,2025.0
537941,2025-12-13,PL,Liverpool FC,Brighton & Hove Albion FC,2,0,16.0,H,2025.0
536958,2025-12-13,SA,Atalanta BC,Cagliari Calcio,2,1,15.0,H,2025.0
542542,2025-12-13,FL1,FC Metz,Paris Saint-Germain FC,2,3,16.0,A,2025.0
542543,2025-12-13,FL1,Paris FC,Toulouse FC,0,3,16.0,A,2025.0
540524,2025-12-13,BL1,Bayer 04 Leverkusen,1. FC Köln,2,0,14.0,H,2025.0
542549,2025-12-13,FL1,Stade Rennais FC 1901,Stade Brestois 29,3,1,16.0,H,2025.0
544362,2025-12-13,PD,Club Atlético de Madrid,Valencia CF,2,1,16.0,H,2025.0
544367,2025-12-13,PD,RCD Mallorca,Elche CF,3,1,16.0,H,2025.0
544363,2025-12-13,PD,FC Barcelona,CA Osasuna,2,0,16.0,H,2025.0
544368,2025-12-13,PD,Getafe CF,RCD Espanyol de Barcelona,0,1,16.0,A,2025.0
536961,2025-12-13,SA,Torino FC,US Cremonese,1,0,15.0,H,2025.0
536962,2025-12-13,SA,Parma Calcio 1913,SS Lazio,0,1,15.0,A,2025.0
540531,2025-12-13,BL1,TSG 1899 Hoffenheim,Hamburger SV,4,1,14.0,H,2025.0
537938,2025-12-14,PL,Brentford FC,Leeds United FC,1,1,16.0,D,2025.0
540523,2025-12-14,BL1,FC Bayern München,1. FSV Mainz 05,2,2,14.0,D,2025.0
536960,2025-12-14,SA,Bologna FC 1909,Juventus FC,0,1,15.0,A,2025.0
536959,2025-12-14,SA,Genoa CFC,FC Internazionale Milano,1,2,15.0,A,2025.0
537936,2025-12-14,PL,Crystal Palace FC,Manchester City FC,0,3,16.0,A,2025.0
536956,2025-12-14,SA,AC Milan,US Sassuolo Calcio,2,2,15.0,D,2025.0
537943,2025-12-14,PL,Nottingham Forest FC,Tottenham Hotspur FC,3,0,16.0,H,2025.0
537935,2025-12-14,PL,Sunderland AFC,Newcastle United FC,1,0,16.0,H,2025.0
537944,2025-12-14,PL,West Ham United FC,Aston Villa FC,2,3,16.0,A,2025.0
536963,2025-12-14,SA,Udinese Calcio,SSC Napoli,1,0,15.0,H,2025.0
536955,2025-12-14,SA,ACF Fiorentina,Hellas Verona FC,1,2,15.0,A,2025.0
544370,2025-12-14,PD,Sevilla FC,Real Oviedo,4,0,16.0,H,2025.0
542547,2025-12-14,FL1,Racing Club de Lens,OGC Nice,2,0,16.0,H,2025.0
544365,2025-12-14,PD,RC Celta de Vigo,Athletic Club,2,0,16.0,H,2025.0
540526,2025-12-14,BL1,SC Freiburg,Borussia Dortmund,1,1,14.0,D,2025.0
540527,2025-12-14,BL1,SV Werder Bremen,VfB Stuttgart,0,4,14.0,A,2025.0
542545,2025-12-14,FL1,Olympique de Marseille,AS Monaco FC,1,0,16.0,H,2025.0
544361,2025-12-14,PD,Deportivo Alavés,Real Madrid CF,1,2,16.0,A,2025.0
542546,2025-12-14,FL1,RC Strasbourg Alsace,FC Lorient,0,0,16.0,D,2025.0
542541,2025-12-14,FL1,AJ Auxerre,Lille OSC,3,4,16.0,A,2025.0
542544,2025-12-14,FL1,Olympique Lyonnais,Le Havre AC,1,0,16.0,H,2025.0
544366,2025-12-15,PD,Rayo Vallecano de Madrid,Real Betis Balompié,0,0,16.0,D,2025.0
536957,2025-12-15,SA,AS Roma,Como 1907,1,0,15.0,H,2025.0
537942,2025-12-15,PL,Manchester United FC,AFC Bournemouth,4,4,16.0,D,2025.0
544380,2025-12-19,PD,Valencia CF,RCD Mallorca,1,1,17.0,D,2025.0
540532,2025-12-19,BL1,Borussia Dortmund,Borussia Mönchengladbach,2,0,15.0,H,2025.0
544375,2025-12-20,PD,Real Madrid CF,Sevilla FC,2,0,17.0,H,2025.0
540536,2025-12-20,BL1,VfL Wolfsburg,SC Freiburg,3,4,15.0,A,2025.0
540540,2025-12-20,BL1,Hamburger SV,Eintracht Frankfurt,1,1,15.0,D,2025.0
540534,2025-12-20,BL1,RB Leipzig,Bayer 04 Leverkusen,1,3,15.0,A,2025.0
540537,2025-12-20,BL1,FC Augsburg,SV Werder Bremen,0,0,15.0,D,2025.0
540535,2025-12-20,BL1,VfB Stuttgart,TSG 1899 Hoffenheim,0,0,15.0,D,2025.0
536971,2025-12-20,SA,Juventus FC,AS Roma,2,1,16.0,H,2025.0
536972,2025-12-20,SA,SS Lazio,US Cremonese,0,0,16.0,D,2025.0
540539,2025-12-20,BL1,1. FC Köln,1. FC Union Berlin,0,1,15.0,A,2025.0
537952,2025-12-20,PL,Newcastle United FC,Chelsea FC,2,2,17.0,D,2025.0
537948,2025-12-20,PL,Everton FC,Arsenal FC,0,1,17.0,A,2025.0
537945,2025-12-20,PL,AFC Bournemouth,Burnley FC,1,1,17.0,D,2025.0
537947,2025-12-20,PL,Brighton & Hove Albion FC,Sunderland AFC,0,0,17.0,D,2025.0
537953,2025-12-20,PL,Tottenham Hotspur FC,Liverpool FC,1,2,17.0,A,2025.0
537954,2025-12-20,PL,Wolverhampton Wanderers FC,Brentford FC,0,2,17.0,A,2025.0
537951,2025-12-20,PL,Manchester City FC,West Ham United FC,3,0,17.0,H,2025.0
544376,2025-12-20,PD,CA Osasuna,Deportivo Alavés,3,0,17.0,H,2025.0
544379,2025-12-20,PD,Real Oviedo,RC Celta de Vigo,0,0,17.0,D,2025.0
544374,2025-12-20,PD,Levante UD,Real Sociedad de Fútbol,1,1,17.0,D,2025.0
537950,2025-12-20,PL,Leeds United FC,Crystal Palace FC,4,1,17.0,H,2025.0
544373,2025-12-21,PD,Elche CF,Rayo Vallecano de Madrid,4,0,17.0,H,2025.0
536967,2025-12-21,SA,Genoa CFC,Atalanta BC,0,1,16.0,A,2025.0
544372,2025-12-21,PD,Real Betis Balompié,Getafe CF,4,0,17.0,H,2025.0
544378,2025-12-21,PD,Villarreal CF,FC Barcelona,0,2,17.0,A,2025.0
536973,2025-12-21,SA,US Sassuolo Calcio,Torino FC,0,1,16.0,A,2025.0
537946,2025-12-21,PL,Aston Villa FC,Manchester United FC,2,1,17.0,H,2025.0
540538,2025-12-21,BL1,1. FC Heidenheim 1846,FC Bayern München,0,4,15.0,A,2025.0
540533,2025-12-21,BL1,1. FSV Mainz 05,FC St. Pauli 1910,0,0,15.0,D,2025.0
536965,2025-12-21,SA,ACF Fiorentina,Udinese Calcio,5,1,16.0,H,2025.0
544377,2025-12-21,PD,Girona FC,Club Atlético de Madrid,0,3,17.0,A,2025.0
536966,2025-12-21,SA,Cagliari Calcio,AC Pisa 1909,2,2,16.0,D,2025.0
537949,2025-12-22,PL,Fulham FC,Nottingham Forest FC,1,0,17.0,H,2025.0
544371,2025-12-22,PD,Athletic Club,RCD Espanyol de Barcelona,1,2,17.0,A,2025.0
537962,2025-12-26,PL,Manchester United FC,Newcastle United FC,1,0,18.0,H,2025.0
537960,2025-12-27,PL,Chelsea FC,Aston Villa FC,1,2,18.0,A,2025.0
536982,2025-12-27,SA,Udinese Calcio,SS Lazio,1,1,17.0,D,2025.0
536984,2025-12-27,SA,US Lecce,Como 1907,0,3,17.0,A,2025.0
536979,2025-12-27,SA,Torino FC,Cagliari Calcio,1,2,17.0,A,2025.0
536981,2025-12-27,SA,AC Pisa 1909,Juventus FC,0,2,17.0,A,2025.0
536980,2025-12-27,SA,Parma Calcio 1913,ACF Fiorentina,1,0,17.0,H,2025.0
537964,2025-12-27,PL,West Ham United FC,Fulham FC,0,1,18.0,A,2025.0
537958,2025-12-27,PL,Brentford FC,AFC Bournemouth,4,1,18.0,H,2025.0
537963,2025-12-27,PL,Nottingham Forest FC,Manchester City FC,1,2,18.0,A,2025.0
537957,2025-12-27,PL,Arsenal FC,Brighton & Hove Albion FC,2,1,18.0,H,2025.0
537959,2025-12-27,PL,Burnley FC,Everton FC,0,0,18.0,D,2025.0
537961,2025-12-27,PL,Liverpool FC,Wolverhampton Wanderers FC,2,1,18.0,H,2025.0
536975,2025-12-28,SA,AC Milan,Hellas Verona FC,3,0,17.0,H,2025.0
537956,2025-12-28,PL,Crystal Palace FC,Tottenham Hotspur FC,0,1,18.0,A,2025.0
536977,2025-12-28,SA,Atalanta BC,FC Internazionale Milano,0,1,17.0,A,2025.0
537955,2025-12-28,PL,Sunderland AFC,Leeds United FC,1,1,18.0,D,2025.0
536978,2025-12-28,SA,Bologna FC 1909,US Sassuolo Calcio,1,1,17.0,D,2025.0
536983,2025-12-28,SA,US Cremonese,SSC Napoli,0,2,17.0,A,2025.0
536976,2025-12-29,SA,AS Roma,Genoa CFC,3,1,17.0,H,2025.0
537972,2025-12-30,PL,Manchester United FC,Wolverhampton Wanderers FC,1,1,19.0,D,2025.0
537969,2025-12-30,PL,Burnley FC,Newcastle United FC,1,3,19.0,A,2025.0
537970,2025-12-30,PL,Chelsea FC,AFC Bournemouth,2,2,19.0,D,2025.0
537973,2025-12-30,PL,Nottingham Forest FC,Everton FC,0,2,19.0,A,2025.0
537967,2025-12-30,PL,Arsenal FC,Aston Villa FC,4,1,19.0,H,2025.0
537974,2025-12-30,PL,West Ham United FC,Brighton & Hove Albion FC,2,2,19.0,D,2025.0
537966,2026-01-01,PL,Crystal Palace FC,Fulham FC,1,1,19.0,D,2025.0
537965,2026-01-01,PL,Sunderland AFC,Manchester City FC,0,0,19.0,D,2025.0
537968,2026-01-01,PL,Brentford FC,Tottenham Hotspur FC,0,0,19.0,D,2025.0
537971,2026-01-01,PL,Liverpool FC,Leeds United FC,0,0,19.0,D,2025.0
536987,2026-01-02,SA,Cagliari Calcio,AC Milan,0,1,18.0,A,2025.0
542553,2026-01-02,FL1,Toulouse FC,Racing Club de Lens,0,3,17.0,A,2025.0
544388,2026-01-02,PD,Rayo Vallecano de Madrid,Getafe CF,1,1,18.0,D,2025.0
542556,2026-01-03,FL1,Lille OSC,Stade Rennais FC 1901,0,2,17.0,A,2025.0
537975,2026-01-03,PL,AFC Bournemouth,Arsenal FC,2,3,20.0,A,2025.0
537976,2026-01-03,PL,Aston Villa FC,Nottingham Forest FC,3,1,20.0,H,2025.0
536994,2026-01-03,SA,US Sassuolo Calcio,Parma Calcio 1913,1,1,18.0,D,2025.0
544382,2026-01-03,PD,RC Celta de Vigo,Valencia CF,4,1,18.0,H,2025.0
544383,2026-01-03,PD,Elche CF,Villarreal CF,1,3,18.0,A,2025.0
536992,2026-01-03,SA,Juventus FC,US Lecce,1,1,18.0,D,2025.0
537984,2026-01-03,PL,Wolverhampton Wanderers FC,West Ham United FC,3,0,20.0,H,2025.0
544384,2026-01-03,PD,CA Osasuna,Athletic Club,1,1,18.0,D,2025.0
544386,2026-01-03,PD,RCD Espanyol de Barcelona,FC Barcelona,0,2,18.0,A,2025.0
536988,2026-01-03,SA,Genoa CFC,AC Pisa 1909,1,1,18.0,D,2025.0
536989,2026-01-03,SA,Como 1907,Udinese Calcio,1,0,18.0,H,2025.0
537977,2026-01-03,PL,Brighton & Hove Albion FC,Burnley FC,2,0,20.0,H,2025.0
536986,2026-01-03,SA,Atalanta BC,AS Roma,1,0,18.0,H,2025.0
542554,2026-01-03,FL1,OGC Nice,RC Strasbourg Alsace,1,1,17.0,D,2025.0
542551,2026-01-03,FL1,AS Monaco FC,Olympique Lyonnais,1,3,17.0,A,2025.0
542550,2026-01-04,FL1,Le Havre AC,Angers SCO,2,1,17.0,H,2025.0
537981,2026-01-04,PL,Manchester City FC,Chelsea FC,1,1,20.0,D,2025.0
542557,2026-01-04,FL1,Paris Saint-Germain FC,Paris FC,2,1,17.0,H,2025.0
536990,2026-01-04,SA,Hellas Verona FC,Torino FC,0,3,18.0,A,2025.0
542555,2026-01-04,FL1,Olympique de Marseille,FC Nantes,0,2,17.0,A,2025.0
536993,2026-01-04,SA,SS Lazio,SSC Napoli,0,2,18.0,A,2025.0
542552,2026-01-04,FL1,FC Lorient,FC Metz,1,1,17.0,D,2025.0
542558,2026-01-04,FL1,Stade Brestois 29,AJ Auxerre,2,0,17.0,H,2025.0
537979,2026-01-04,PL,Fulham FC,Liverpool FC,2,2,20.0,D,2025.0
536991,2026-01-04,SA,FC Internazionale Milano,Bologna FC 1909,3,1,18.0,H,2025.0
537982,2026-01-04,PL,Newcastle United FC,Crystal Palace FC,2,0,20.0,H,2025.0
537978,2026-01-04,PL,Everton FC,Brentford FC,2,4,20.0,A,2025.0
537980,2026-01-04,PL,Leeds United FC,Manchester United FC,1,1,20.0,D,2025.0
544385,2026-01-04,PD,Real Sociedad de Fútbol,Club Atlético de Madrid,1,1,18.0,D,2025.0
544389,2026-01-04,PD,RCD Mallorca,Girona FC,1,2,18.0,A,2025.0
544390,2026-01-04,PD,Sevilla FC,Levante UD,0,3,18.0,A,2025.0
544387,2026-01-04,PD,Real Madrid CF,Real Betis Balompié,5,1,18.0,H,2025.0
544381,2026-01-04,PD,Deportivo Alavés,Real Oviedo,1,1,18.0,D,2025.0
536985,2026-01-04,SA,ACF Fiorentina,US Cremonese,1,0,18.0,H,2025.0
537983,2026-01-04,PL,Tottenham Hotspur FC,Sunderland AFC,1,1,20.0,D,2025.0
537004,2026-01-06,SA,US Lecce,AS Roma,0,2,19.0,A,2025.0
537994,2026-01-06,PL,West Ham United FC,Nottingham Forest FC,1,2,21.0,A,2025.0
537000,2026-01-06,SA,AC Pisa 1909,Como 1907,0,3,19.0,A,2025.0
537001,2026-01-06,SA,US Sassuolo Calcio,Juventus FC,0,3,19.0,A,2025.0
537990,2026-01-07,PL,Everton FC,Wolverhampton Wanderers FC,1,1,21.0,D,2025.0
537989,2026-01-07,PL,Burnley FC,Manchester United FC,2,2,21.0,D,2025.0
537985,2026-01-07,PL,AFC Bournemouth,Tottenham Hotspur FC,3,2,21.0,H,2025.0
537986,2026-01-07,PL,Crystal Palace FC,Aston Villa FC,0,0,21.0,D,2025.0
536999,2026-01-07,SA,Parma Calcio 1913,FC Internazionale Milano,0,2,19.0,A,2025.0
537002,2026-01-07,SA,SSC Napoli,Hellas Verona FC,2,2,19.0,D,2025.0
536998,2026-01-07,SA,SS Lazio,ACF Fiorentina,2,2,19.0,D,2025.0
537992,2026-01-07,PL,Manchester City FC,Brighton & Hove Albion FC,1,1,21.0,D,2025.0
537993,2026-01-07,PL,Newcastle United FC,Leeds United FC,4,3,21.0,H,2025.0
537991,2026-01-07,PL,Fulham FC,Chelsea FC,2,1,21.0,H,2025.0
536997,2026-01-07,SA,Torino FC,Udinese Calcio,1,2,19.0,A,2025.0
537988,2026-01-07,PL,Brentford FC,Sunderland AFC,3,0,21.0,H,2025.0
536996,2026-01-07,SA,Bologna FC 1909,Atalanta BC,0,2,19.0,A,2025.0
536995,2026-01-08,SA,AC Milan,Genoa CFC,1,1,19.0,D,2025.0
537003,2026-01-08,SA,US Cremonese,Cagliari Calcio,2,2,19.0,D,2025.0
537987,2026-01-08,PL,Arsenal FC,Liverpool FC,0,0,21.0,D,2025.0
540543,2026-01-09,BL1,Eintracht Frankfurt,Borussia Dortmund,3,3,16.0,D,2025.0
544392,2026-01-09,PD,Getafe CF,Real Sociedad de Fútbol,1,2,19.0,A,2025.0
544396,2026-01-10,PD,Real Oviedo,Real Betis Balompié,1,1,19.0,D,2025.0
544393,2026-01-10,PD,Girona FC,CA Osasuna,1,0,19.0,H,2025.0
540544,2026-01-10,BL1,SC Freiburg,Hamburger SV,2,1,16.0,H,2025.0
544394,2026-01-10,PD,Villarreal CF,Deportivo Alavés,3,1,19.0,H,2025.0
537009,2026-01-10,SA,Como 1907,Bologna FC 1909,1,1,20.0,D,2025.0
544398,2026-01-10,PD,Valencia CF,Elche CF,1,1,19.0,D,2025.0
540549,2026-01-10,BL1,1. FC Heidenheim 1846,1. FC Köln,2,2,16.0,D,2025.0
537007,2026-01-10,SA,Atalanta BC,Torino FC,2,0,20.0,H,2025.0
540547,2026-01-10,BL1,1. FC Union Berlin,1. FSV Mainz 05,2,2,16.0,D,2025.0
537006,2026-01-10,SA,AS Roma,US Sassuolo Calcio,2,0,20.0,H,2025.0
537013,2026-01-10,SA,Udinese Calcio,AC Pisa 1909,2,2,20.0,D,2025.0
540542,2026-01-10,BL1,Bayer 04 Leverkusen,VfB Stuttgart,1,4,16.0,A,2025.0
540541,2026-01-11,BL1,FC Bayern München,VfL Wolfsburg,8,1,16.0,H,2025.0
544400,2026-01-11,PD,Rayo Vallecano de Madrid,RCD Mallorca,2,1,19.0,H,2025.0
537014,2026-01-11,SA,US Lecce,Parma Calcio 1913,1,2,20.0,A,2025.0
540546,2026-01-11,BL1,Borussia Mönchengladbach,FC Augsburg,4,0,16.0,H,2025.0
537010,2026-01-11,SA,Hellas Verona FC,SS Lazio,0,1,20.0,A,2025.0
537011,2026-01-11,SA,FC Internazionale Milano,SSC Napoli,2,2,20.0,D,2025.0
537005,2026-01-11,SA,ACF Fiorentina,AC Milan,1,1,20.0,D,2025.0
544399,2026-01-11,PD,Levante UD,RCD Espanyol de Barcelona,1,1,19.0,D,2025.0
537012,2026-01-12,SA,Juventus FC,US Cremonese,5,0,20.0,H,2025.0
544397,2026-01-12,PD,Sevilla FC,RC Celta de Vigo,0,1,19.0,A,2025.0
537008,2026-01-12,SA,Genoa CFC,Cagliari Calcio,3,0,20.0,H,2025.0
540553,2026-01-13,BL1,VfB Stuttgart,Eintracht Frankfurt,3,2,17.0,H,2025.0
540550,2026-01-13,BL1,Borussia Dortmund,SV Werder Bremen,3,0,17.0,H,2025.0
540551,2026-01-13,BL1,1. FSV Mainz 05,1. FC Heidenheim 1846,2,1,17.0,H,2025.0
540556,2026-01-14,BL1,TSG 1899 Hoffenheim,Borussia Mönchengladbach,5,1,17.0,H,2025.0
540554,2026-01-14,BL1,VfL Wolfsburg,FC St. Pauli 1910,2,1,17.0,H,2025.0
540552,2026-01-14,BL1,RB Leipzig,SC Freiburg,2,0,17.0,H,2025.0
536970,2026-01-14,SA,FC Internazionale Milano,US Lecce,1,0,16.0,H,2025.0
540557,2026-01-14,BL1,1. FC Köln,FC Bayern München,1,3,17.0,A,2025.0
536974,2026-01-14,SA,SSC Napoli,Parma Calcio 1913,0,0,16.0,D,2025.0
536969,2026-01-15,SA,Hellas Verona FC,Bologna FC 1909,2,3,16.0,A,2025.0
536968,2026-01-15,SA,Como 1907,AC Milan,1,3,16.0,A,2025.0
540555,2026-01-15,BL1,FC Augsburg,1. FC Union Berlin,1,1,17.0,D,2025.0
542563,2026-01-16,FL1,Paris Saint-Germain FC,Lille OSC,3,0,18.0,H,2025.0
537021,2026-01-16,SA,AC Pisa 1909,Atalanta BC,1,1,21.0,D,2025.0
540560,2026-01-16,BL1,SV Werder Bremen,Eintracht Frankfurt,3,3,18.0,D,2025.0
544404,2026-01-16,PD,RCD Espanyol de Barcelona,Girona FC,0,2,20.0,A,2025.0
542559,2026-01-16,FL1,AS Monaco FC,FC Lorient,1,3,18.0,A,2025.0
542561,2026-01-17,FL1,Toulouse FC,OGC Nice,5,1,18.0,H,2025.0
540563,2026-01-17,BL1,1. FC Köln,1. FSV Mainz 05,2,1,18.0,H,2025.0
540564,2026-01-17,BL1,Hamburger SV,Borussia Mönchengladbach,0,0,18.0,D,2025.0
540559,2026-01-17,BL1,RB Leipzig,FC Bayern München,1,5,18.0,A,2025.0
540566,2026-01-17,BL1,Borussia Dortmund,FC St. Pauli 1910,3,2,18.0,H,2025.0
537999,2026-01-17,PL,Liverpool FC,Burnley FC,1,1,22.0,D,2025.0
537995,2026-01-17,PL,Sunderland AFC,Crystal Palace FC,2,1,22.0,H,2025.0
537998,2026-01-17,PL,Chelsea FC,Brentford FC,2,0,22.0,H,2025.0
542566,2026-01-17,FL1,Angers SCO,Olympique de Marseille,2,5,18.0,A,2025.0
540567,2026-01-17,BL1,VfL Wolfsburg,1. FC Heidenheim 1846,1,1,18.0,D,2025.0
540561,2026-01-17,BL1,TSG 1899 Hoffenheim,Bayer 04 Leverkusen,1,0,18.0,H,2025.0
538003,2026-01-17,PL,Tottenham Hotspur FC,West Ham United FC,1,2,22.0,A,2025.0
538002,2026-01-17,PL,Nottingham Forest FC,Arsenal FC,0,0,22.0,D,2025.0
544406,2026-01-17,PD,CA Osasuna,Real Oviedo,3,2,20.0,H,2025.0
538000,2026-01-17,PL,Leeds United FC,Fulham FC,1,0,22.0,H,2025.0
537022,2026-01-17,SA,SSC Napoli,US Sassuolo Calcio,1,0,21.0,H,2025.0
544408,2026-01-17,PD,RCD Mallorca,Athletic Club,3,2,20.0,H,2025.0
537016,2026-01-17,SA,Cagliari Calcio,Juventus FC,1,0,21.0,H,2025.0
544401,2026-01-17,PD,Real Betis Balompié,Villarreal CF,2,0,20.0,H,2025.0
542565,2026-01-17,FL1,Racing Club de Lens,AJ Auxerre,1,0,18.0,H,2025.0
537023,2026-01-17,SA,Udinese Calcio,FC Internazionale Milano,0,1,21.0,A,2025.0
538001,2026-01-17,PL,Manchester United FC,Manchester City FC,2,0,22.0,H,2025.0
544410,2026-01-17,PD,Real Madrid CF,Levante UD,2,0,20.0,H,2025.0
542567,2026-01-18,FL1,Stade Rennais FC 1901,Le Havre AC,1,1,18.0,D,2025.0
542560,2026-01-18,FL1,FC Nantes,Paris FC,1,2,18.0,A,2025.0
540562,2026-01-18,BL1,FC Augsburg,SC Freiburg,2,2,18.0,D,2025.0
540565,2026-01-18,BL1,VfB Stuttgart,1. FC Union Berlin,1,1,18.0,D,2025.0
538004,2026-01-18,PL,Wolverhampton Wanderers FC,Newcastle United FC,0,0,22.0,D,2025.0
544409,2026-01-18,PD,Real Sociedad de Fútbol,FC Barcelona,2,1,20.0,H,2025.0
537996,2026-01-18,PL,Aston Villa FC,Everton FC,0,1,22.0,A,2025.0
542564,2026-01-18,FL1,RC Strasbourg Alsace,FC Metz,2,1,18.0,H,2025.0
537017,2026-01-18,SA,Bologna FC 1909,ACF Fiorentina,1,2,21.0,A,2025.0
537018,2026-01-18,SA,Torino FC,AS Roma,0,2,21.0,A,2025.0
537015,2026-01-18,SA,AC Milan,US Lecce,1,0,21.0,H,2025.0
542562,2026-01-18,FL1,Olympique Lyonnais,Stade Brestois 29,2,1,18.0,H,2025.0
544402,2026-01-18,PD,RC Celta de Vigo,Rayo Vallecano de Madrid,3,0,20.0,H,2025.0
544407,2026-01-18,PD,Club Atlético de Madrid,Deportivo Alavés,1,0,20.0,H,2025.0
544405,2026-01-18,PD,Getafe CF,Valencia CF,0,1,20.0,A,2025.0
537020,2026-01-18,SA,Parma Calcio 1913,Genoa CFC,0,0,21.0,D,2025.0
537019,2026-01-19,SA,SS Lazio,Como 1907,0,3,21.0,A,2025.0
544403,2026-01-19,PD,Elche CF,Sevilla FC,2,2,20.0,D,2025.0
537024,2026-01-19,SA,US Cremonese,Hellas Verona FC,0,0,21.0,D,2025.0
537997,2026-01-19,PL,Brighton & Hove Albion FC,AFC Bournemouth,1,1,22.0,D,2025.0
551962,2026-01-20,CL,Sporting Clube de Portugal,Paris Saint-Germain FC,2,1,7.0,H,2025.0
552038,2026-01-20,CL,FC København,SSC Napoli,1,1,7.0,D,2025.0
551973,2026-01-20,CL,PAE Olympiakos SFP,Bayer 04 Leverkusen,2,0,7.0,H,2025.0
551966,2026-01-20,CL,FK Bodø/Glimt,Manchester City FC,3,1,7.0,H,2025.0
551943,2026-01-20,CL,Tottenham Hotspur FC,Borussia Dortmund,2,0,7.0,H,2025.0
551996,2026-01-20,CL,FK Kairat,Club Brugge KV,1,4,7.0,A,2025.0
551933,2026-01-20,CL,FC Internazionale Milano,Arsenal FC,1,3,7.0,A,2025.0
551929,2026-01-20,CL,Real Madrid CF,AS Monaco FC,6,1,7.0,H,2025.0
552011,2026-01-20,CL,Villarreal CF,AFC Ajax,1,2,7.0,A,2025.0
551956,2026-01-21,CL,SK Slavia Praha,FC Barcelona,2,4,7.0,A,2025.0
551949,2026-01-21,CL,Olympique de Marseille,Liverpool FC,0,3,7.0,A,2025.0
552001,2026-01-21,CL,Qarabağ Ağdam FK,Eintracht Frankfurt,3,2,7.0,H,2025.0
552036,2026-01-21,CL,Newcastle United FC,PSV,3,0,7.0,H,2025.0
552010,2026-01-21,CL,Galatasaray SK,Club Atlético de Madrid,1,1,7.0,D,2025.0
551988,2026-01-21,CL,Juventus FC,Sport Lisboa e Benfica,2,0,7.0,H,2025.0
551921,2026-01-21,CL,Chelsea FC,Paphos FC,1,0,7.0,H,2025.0
551986,2026-01-21,CL,Atalanta BC,Athletic Club,2,3,7.0,A,2025.0
551914,2026-01-21,CL,FC Bayern München,Royale Union Saint-Gilloise,2,0,7.0,H,2025.0
542569,2026-01-23,FL1,AJ Auxerre,Paris Saint-Germain FC,0,1,19.0,A,2025.0
540576,2026-01-23,BL1,FC St. Pauli 1910,Hamburger SV,0,0,19.0,D,2025.0
537031,2026-01-23,SA,FC Internazionale Milano,AC Pisa 1909,6,2,22.0,H,2025.0
544416,2026-01-23,PD,Levante UD,Elche CF,3,2,21.0,H,2025.0
537034,2026-01-24,SA,US Lecce,SS Lazio,0,0,22.0,D,2025.0
544419,2026-01-24,PD,Rayo Vallecano de Madrid,CA Osasuna,1,3,21.0,A,2025.0
544417,2026-01-24,PD,Valencia CF,RCD Espanyol de Barcelona,3,2,21.0,H,2025.0
544414,2026-01-24,PD,Sevilla FC,Athletic Club,2,1,21.0,H,2025.0
542573,2026-01-24,FL1,Olympique de Marseille,Racing Club de Lens,3,1,19.0,H,2025.0
542568,2026-01-24,FL1,Le Havre AC,AS Monaco FC,0,0,19.0,D,2025.0
542576,2026-01-24,FL1,Stade Rennais FC 1901,FC Lorient,0,2,19.0,A,2025.0
537025,2026-01-24,SA,ACF Fiorentina,Cagliari Calcio,1,2,22.0,A,2025.0
537029,2026-01-24,SA,Como 1907,Torino FC,6,0,22.0,H,2025.0
544420,2026-01-24,PD,Villarreal CF,Real Madrid CF,0,2,21.0,A,2025.0
540574,2026-01-24,BL1,Eintracht Frankfurt,TSG 1899 Hoffenheim,1,3,19.0,A,2025.0
540570,2026-01-24,BL1,Bayer 04 Leverkusen,SV Werder Bremen,1,0,19.0,H,2025.0
540569,2026-01-24,BL1,1. FC Heidenheim 1846,RB Leipzig,0,3,19.0,A,2025.0
540572,2026-01-24,BL1,1. FSV Mainz 05,VfL Wolfsburg,3,1,19.0,H,2025.0
538009,2026-01-24,PL,Burnley FC,Tottenham Hotspur FC,2,2,23.0,D,2025.0
538014,2026-01-24,PL,West Ham United FC,Sunderland AFC,3,1,23.0,H,2025.0
538011,2026-01-24,PL,Fulham FC,Brighton & Hove Albion FC,2,1,23.0,H,2025.0
538012,2026-01-24,PL,Manchester City FC,Wolverhampton Wanderers FC,2,0,23.0,H,2025.0
538005,2026-01-24,PL,AFC Bournemouth,Liverpool FC,3,2,23.0,H,2025.0
540568,2026-01-24,BL1,1. FC Union Berlin,Borussia Dortmund,0,3,19.0,A,2025.0
540573,2026-01-24,BL1,FC Bayern München,FC Augsburg,1,2,19.0,A,2025.0
538013,2026-01-25,PL,Newcastle United FC,Aston Villa FC,0,2,23.0,A,2025.0
540571,2026-01-25,BL1,Borussia Mönchengladbach,VfB Stuttgart,0,3,19.0,A,2025.0
544415,2026-01-25,PD,Real Sociedad de Fútbol,RC Celta de Vigo,3,1,21.0,H,2025.0
544411,2026-01-25,PD,Deportivo Alavés,Real Betis Balompié,2,1,21.0,H,2025.0
538008,2026-01-25,PL,Brentford FC,Nottingham Forest FC,0,2,23.0,A,2025.0
538007,2026-01-25,PL,Arsenal FC,Manchester United FC,2,3,23.0,A,2025.0
540575,2026-01-25,BL1,SC Freiburg,1. FC Köln,2,1,19.0,H,2025.0
544413,2026-01-25,PD,FC Barcelona,Real Oviedo,3,0,21.0,H,2025.0
537026,2026-01-25,SA,AS Roma,AC Milan,1,1,22.0,D,2025.0
537033,2026-01-25,SA,US Sassuolo Calcio,US Cremonese,1,0,22.0,H,2025.0
537028,2026-01-25,SA,Genoa CFC,Bologna FC 1909,3,2,22.0,H,2025.0
537027,2026-01-25,SA,Atalanta BC,Parma Calcio 1913,4,0,22.0,H,2025.0
542575,2026-01-25,FL1,Stade Brestois 29,Toulouse FC,0,2,19.0,A,2025.0
537032,2026-01-25,SA,Juventus FC,SSC Napoli,3,0,22.0,H,2025.0
544412,2026-01-25,PD,Club Atlético de Madrid,RCD Mallorca,3,0,21.0,H,2025.0
538006,2026-01-25,PL,Crystal Palace FC,Chelsea FC,1,3,23.0,A,2025.0
542572,2026-01-25,FL1,Paris FC,Angers SCO,0,0,19.0,D,2025.0
542574,2026-01-25,FL1,Lille OSC,RC Strasbourg Alsace,1,4,19.0,A,2025.0
542571,2026-01-25,FL1,FC Nantes,OGC Nice,1,4,19.0,A,2025.0
542570,2026-01-25,FL1,FC Metz,Olympique Lyonnais,2,5,19.0,A,2025.0
538010,2026-01-26,PL,Everton FC,Leeds United FC,1,1,23.0,D,2025.0
537030,2026-01-26,SA,Hellas Verona FC,Udinese Calcio,1,3,22.0,A,2025.0
544418,2026-01-26,PD,Girona FC,Getafe CF,1,1,21.0,D,2025.0
540548,2026-01-27,BL1,FC St. Pauli 1910,RB Leipzig,1,1,16.0,D,2025.0
540545,2026-01-27,BL1,SV Werder Bremen,TSG 1899 Hoffenheim,0,2,16.0,A,2025.0
551926,2026-01-28,CL,Sport Lisboa e Benfica,Real Madrid CF,4,2,8.0,H,2025.0
551967,2026-01-28,CL,Manchester City FC,Galatasaray SK,2,0,8.0,H,2025.0
551970,2026-01-28,CL,Bayer 04 Leverkusen,Villarreal CF,3,0,8.0,H,2025.0
551993,2026-01-28,CL,Club Brugge KV,Olympique de Marseille,3,0,8.0,H,2025.0
551987,2026-01-28,CL,Royale Union Saint-Gilloise,Atalanta BC,1,0,8.0,H,2025.0
552006,2026-01-28,CL,AS Monaco FC,Juventus FC,0,0,8.0,D,2025.0
551980,2026-01-28,CL,Arsenal FC,FK Kairat,3,2,8.0,H,2025.0
551932,2026-01-28,CL,Borussia Dortmund,FC Internazionale Milano,0,2,8.0,A,2025.0
552028,2026-01-28,CL,Athletic Club,Sporting Clube de Portugal,2,3,8.0,A,2025.0
551950,2026-01-28,CL,Liverpool FC,Qarabağ Ağdam FK,6,0,8.0,H,2025.0
552030,2026-01-28,CL,AFC Ajax,PAE Olympiakos SFP,1,2,8.0,A,2025.0
551957,2026-01-28,CL,FC Barcelona,FC København,4,1,8.0,H,2025.0
551998,2026-01-28,CL,Eintracht Frankfurt,Tottenham Hotspur FC,0,2,8.0,A,2025.0
551920,2026-01-28,CL,SSC Napoli,Chelsea FC,2,3,8.0,A,2025.0
552051,2026-01-28,CL,Paphos FC,SK Slavia Praha,4,1,8.0,H,2025.0
552007,2026-01-28,CL,Club Atlético de Madrid,FK Bodø/Glimt,1,2,8.0,A,2025.0
552050,2026-01-28,CL,Paris Saint-Germain FC,Newcastle United FC,1,1,8.0,D,2025.0
551913,2026-01-28,CL,PSV,FC Bayern München,1,2,8.0,A,2025.0
540582,2026-01-30,BL1,1. FC Köln,VfL Wolfsburg,1,0,20.0,H,2025.0
544425,2026-01-30,PD,RCD Espanyol de Barcelona,Deportivo Alavés,1,2,22.0,A,2025.0
542584,2026-01-30,FL1,Racing Club de Lens,Le Havre AC,1,0,20.0,H,2025.0
537039,2026-01-30,SA,SS Lazio,Genoa CFC,3,2,23.0,H,2025.0
542577,2026-01-31,FL1,AS Monaco FC,Stade Rennais FC 1901,4,0,20.0,H,2025.0
542578,2026-01-31,FL1,FC Lorient,FC Nantes,2,1,20.0,H,2025.0
542579,2026-01-31,FL1,Paris FC,Olympique de Marseille,2,2,20.0,D,2025.0
540578,2026-01-31,BL1,Eintracht Frankfurt,Bayer 04 Leverkusen,1,3,20.0,A,2025.0
537035,2026-01-31,SA,Cagliari Calcio,Hellas Verona FC,4,0,23.0,H,2025.0
540580,2026-01-31,BL1,RB Leipzig,1. FSV Mainz 05,1,2,20.0,A,2025.0
537042,2026-01-31,SA,SSC Napoli,ACF Fiorentina,2,1,23.0,H,2025.0
540577,2026-01-31,BL1,Hamburger SV,FC Bayern München,2,2,20.0,D,2025.0
540583,2026-01-31,BL1,TSG 1899 Hoffenheim,1. FC Union Berlin,3,1,20.0,H,2025.0
540584,2026-01-31,BL1,FC Augsburg,FC St. Pauli 1910,2,1,20.0,H,2025.0
540581,2026-01-31,BL1,SV Werder Bremen,Borussia Mönchengladbach,1,1,20.0,D,2025.0
538024,2026-01-31,PL,Wolverhampton Wanderers FC,AFC Bournemouth,0,2,24.0,A,2025.0
538019,2026-01-31,PL,Liverpool FC,Newcastle United FC,4,1,24.0,H,2025.0
544424,2026-01-31,PD,CA Osasuna,Villarreal CF,2,2,22.0,D,2025.0
544426,2026-01-31,PD,Levante UD,Club Atlético de Madrid,0,0,22.0,D,2025.0
544427,2026-01-31,PD,Elche CF,FC Barcelona,1,3,22.0,A,2025.0
538018,2026-01-31,PL,Chelsea FC,West Ham United FC,3,2,24.0,H,2025.0
538020,2026-01-31,PL,Leeds United FC,Arsenal FC,0,4,24.0,A,2025.0
538017,2026-01-31,PL,Brighton & Hove Albion FC,Everton FC,1,1,24.0,D,2025.0
544429,2026-01-31,PD,Real Oviedo,Girona FC,1,0,22.0,H,2025.0
537041,2026-01-31,SA,AC Pisa 1909,US Sassuolo Calcio,1,3,23.0,A,2025.0
542582,2026-02-01,FL1,Olympique Lyonnais,Lille OSC,1,0,20.0,H,2025.0
542585,2026-02-01,FL1,Angers SCO,FC Metz,1,0,20.0,H,2025.0
542580,2026-02-01,FL1,Toulouse FC,AJ Auxerre,0,0,20.0,D,2025.0
542581,2026-02-01,FL1,OGC Nice,Stade Brestois 29,2,2,20.0,D,2025.0
542583,2026-02-01,FL1,RC Strasbourg Alsace,Paris Saint-Germain FC,1,2,20.0,A,2025.0
537040,2026-02-01,SA,Parma Calcio 1913,Juventus FC,1,4,23.0,A,2025.0
544421,2026-02-01,PD,Athletic Club,Real Sociedad de Fútbol,1,1,22.0,D,2025.0
538023,2026-02-01,PL,Tottenham Hotspur FC,Manchester City FC,2,2,24.0,D,2025.0
538022,2026-02-01,PL,Nottingham Forest FC,Crystal Palace FC,1,1,24.0,D,2025.0
540579,2026-02-01,BL1,VfB Stuttgart,SC Freiburg,1,0,20.0,H,2025.0
538021,2026-02-01,PL,Manchester United FC,Fulham FC,3,2,24.0,H,2025.0
537038,2026-02-01,SA,Torino FC,US Lecce,1,0,23.0,H,2025.0
540585,2026-02-01,BL1,Borussia Dortmund,1. FC Heidenheim 1846,3,2,20.0,H,2025.0
538016,2026-02-01,PL,Aston Villa FC,Brentford FC,0,1,24.0,A,2025.0
544428,2026-02-01,PD,Getafe CF,RC Celta de Vigo,0,0,22.0,D,2025.0
537036,2026-02-01,SA,Como 1907,Atalanta BC,0,0,23.0,D,2025.0
544422,2026-02-01,PD,Real Betis Balompié,Valencia CF,2,1,22.0,H,2025.0
544430,2026-02-01,PD,Real Madrid CF,Rayo Vallecano de Madrid,2,1,22.0,H,2025.0
537044,2026-02-01,SA,US Cremonese,FC Internazionale Milano,0,2,23.0,A,2025.0
537043,2026-02-02,SA,Udinese Calcio,AS Roma,1,0,23.0,H,2025.0
538015,2026-02-02,PL,Sunderland AFC,Burnley FC,3,0,24.0,H,2025.0
544423,2026-02-02,PD,RCD Mallorca,Sevilla FC,4,1,22.0,H,2025.0
537037,2026-02-03,SA,Bologna FC 1909,AC Milan,0,3,23.0,A,2025.0
544435,2026-02-06,PD,RC Celta de Vigo,CA Osasuna,1,2,23.0,A,2025.0
540587,2026-02-06,BL1,1. FC Union Berlin,Eintracht Frankfurt,1,1,21.0,D,2025.0
537051,2026-02-06,SA,Hellas Verona FC,AC Pisa 1909,0,0,24.0,D,2025.0
538031,2026-02-06,PL,Leeds United FC,Nottingham Forest FC,3,1,25.0,H,2025.0
542588,2026-02-06,FL1,FC Metz,Lille OSC,0,0,21.0,D,2025.0
538034,2026-02-07,PL,Wolverhampton Wanderers FC,Chelsea FC,1,3,25.0,A,2025.0
544434,2026-02-07,PD,FC Barcelona,RCD Mallorca,3,0,23.0,H,2025.0
540588,2026-02-07,BL1,VfL Wolfsburg,Borussia Dortmund,1,2,21.0,A,2025.0
540591,2026-02-07,BL1,FC St. Pauli 1910,VfB Stuttgart,2,1,21.0,H,2025.0
540590,2026-02-07,BL1,SC Freiburg,SV Werder Bremen,1,0,21.0,H,2025.0
540592,2026-02-07,BL1,1. FSV Mainz 05,FC Augsburg,2,0,21.0,H,2025.0
540586,2026-02-07,BL1,Borussia Mönchengladbach,Bayer 04 Leverkusen,1,1,21.0,D,2025.0
537045,2026-02-07,SA,ACF Fiorentina,Torino FC,2,2,24.0,D,2025.0
544436,2026-02-07,PD,Real Sociedad de Fútbol,Elche CF,3,1,23.0,H,2025.0
540594,2026-02-07,BL1,1. FC Heidenheim 1846,Hamburger SV,0,2,21.0,A,2025.0
538033,2026-02-07,PL,Newcastle United FC,Brentford FC,2,3,25.0,A,2025.0
542592,2026-02-07,FL1,Racing Club de Lens,Stade Rennais FC 1901,3,1,21.0,H,2025.0
538027,2026-02-07,PL,Arsenal FC,Sunderland AFC,3,0,25.0,H,2025.0
538028,2026-02-07,PL,Burnley FC,West Ham United FC,0,2,25.0,A,2025.0
538029,2026-02-07,PL,Fulham FC,Everton FC,1,2,25.0,A,2025.0
537049,2026-02-07,SA,Genoa CFC,SSC Napoli,2,3,24.0,A,2025.0
538032,2026-02-07,PL,Manchester United FC,Tottenham Hotspur FC,2,0,25.0,H,2025.0
542594,2026-02-07,FL1,Stade Brestois 29,FC Lorient,2,0,21.0,H,2025.0
542589,2026-02-07,FL1,FC Nantes,Olympique Lyonnais,0,1,21.0,A,2025.0
538025,2026-02-07,PL,AFC Bournemouth,Aston Villa FC,1,1,25.0,D,2025.0
544432,2026-02-08,PD,Athletic Club,Levante UD,4,2,23.0,H,2025.0
542590,2026-02-08,FL1,OGC Nice,AS Monaco FC,0,0,21.0,D,2025.0
544439,2026-02-08,PD,Valencia CF,Real Madrid CF,0,2,23.0,A,2025.0
542591,2026-02-08,FL1,Paris Saint-Germain FC,Olympique de Marseille,5,0,21.0,H,2025.0
538030,2026-02-08,PL,Liverpool FC,Manchester City FC,1,2,25.0,A,2025.0
544438,2026-02-08,PD,Sevilla FC,Girona FC,1,1,23.0,D,2025.0
544431,2026-02-08,PD,Deportivo Alavés,Getafe CF,0,2,23.0,A,2025.0
544433,2026-02-08,PD,Club Atlético de Madrid,Real Betis Balompié,0,1,23.0,A,2025.0
538026,2026-02-08,PL,Brighton & Hove Albion FC,Crystal Palace FC,0,1,25.0,A,2025.0
542593,2026-02-08,FL1,Angers SCO,Toulouse FC,1,0,21.0,H,2025.0
540589,2026-02-08,BL1,1. FC Köln,RB Leipzig,1,2,21.0,A,2025.0
540593,2026-02-08,BL1,FC Bayern München,TSG 1899 Hoffenheim,5,1,21.0,H,2025.0
537050,2026-02-08,SA,Bologna FC 1909,Parma Calcio 1913,0,1,24.0,A,2025.0
537054,2026-02-08,SA,US Lecce,Udinese Calcio,2,1,24.0,H,2025.0
537053,2026-02-08,SA,US Sassuolo Calcio,FC Internazionale Milano,0,5,24.0,A,2025.0
537052,2026-02-08,SA,Juventus FC,SS Lazio,2,2,24.0,D,2025.0
542586,2026-02-08,FL1,Le Havre AC,RC Strasbourg Alsace,2,1,21.0,H,2025.0
542587,2026-02-08,FL1,AJ Auxerre,Paris FC,0,0,21.0,D,2025.0
544437,2026-02-09,PD,Villarreal CF,RCD Espanyol de Barcelona,4,1,23.0,H,2025.0
537047,2026-02-09,SA,AS Roma,Cagliari Calcio,2,0,24.0,H,2025.0
537048,2026-02-09,SA,Atalanta BC,US Cremonese,2,1,24.0,H,2025.0
538044,2026-02-10,PL,West Ham United FC,Manchester United FC,1,1,26.0,D,2025.0
538043,2026-02-10,PL,Tottenham Hotspur FC,Newcastle United FC,1,2,26.0,A,2025.0
538040,2026-02-10,PL,Everton FC,AFC Bournemouth,1,2,26.0,A,2025.0
538039,2026-02-10,PL,Chelsea FC,Leeds United FC,2,2,26.0,D,2025.0
538036,2026-02-11,PL,Aston Villa FC,Brighton & Hove Albion FC,1,0,26.0,H,2025.0
538035,2026-02-11,PL,Sunderland AFC,Liverpool FC,0,1,26.0,A,2025.0
538041,2026-02-11,PL,Manchester City FC,Fulham FC,3,0,26.0,H,2025.0
538037,2026-02-11,PL,Crystal Palace FC,Burnley FC,2,3,26.0,A,2025.0
538042,2026-02-11,PL,Nottingham Forest FC,Wolverhampton Wanderers FC,0,0,26.0,D,2025.0
538038,2026-02-12,PL,Brentford FC,Arsenal FC,1,1,26.0,D,2025.0
542596,2026-02-13,FL1,AS Monaco FC,FC Nantes,3,1,22.0,H,2025.0
542603,2026-02-13,FL1,Stade Rennais FC 1901,Paris Saint-Germain FC,3,1,22.0,H,2025.0
544441,2026-02-13,PD,Elche CF,CA Osasuna,0,0,24.0,D,2025.0
537061,2026-02-13,SA,AC Pisa 1909,AC Milan,1,2,25.0,A,2025.0
540597,2026-02-13,BL1,Borussia Dortmund,1. FSV Mainz 05,4,0,22.0,H,2025.0
544444,2026-02-14,PD,Real Madrid CF,Real Sociedad de Fútbol,4,1,24.0,H,2025.0
537059,2026-02-14,SA,SS Lazio,Atalanta BC,0,2,25.0,A,2025.0
544450,2026-02-14,PD,RCD Espanyol de Barcelona,RC Celta de Vigo,2,2,24.0,D,2025.0
544442,2026-02-14,PD,Getafe CF,Villarreal CF,2,1,24.0,H,2025.0
537058,2026-02-14,SA,FC Internazionale Milano,Juventus FC,3,2,25.0,H,2025.0
537056,2026-02-14,SA,Como 1907,ACF Fiorentina,1,2,25.0,A,2025.0
544445,2026-02-14,PD,Sevilla FC,Deportivo Alavés,1,1,24.0,D,2025.0
540595,2026-02-14,BL1,SV Werder Bremen,FC Bayern München,0,3,22.0,A,2025.0
540601,2026-02-14,BL1,Bayer 04 Leverkusen,FC St. Pauli 1910,4,0,22.0,H,2025.0
540600,2026-02-14,BL1,Hamburger SV,1. FC Union Berlin,3,2,22.0,H,2025.0
542601,2026-02-14,FL1,Olympique de Marseille,RC Strasbourg Alsace,2,2,22.0,D,2025.0
542599,2026-02-14,FL1,Paris FC,Racing Club de Lens,0,5,22.0,A,2025.0
542602,2026-02-14,FL1,Lille OSC,Stade Brestois 29,1,1,22.0,D,2025.0
540603,2026-02-14,BL1,VfB Stuttgart,1. FC Köln,3,1,22.0,H,2025.0
540598,2026-02-14,BL1,Eintracht Frankfurt,Borussia Mönchengladbach,3,0,22.0,H,2025.0
540596,2026-02-14,BL1,TSG 1899 Hoffenheim,SC Freiburg,3,0,22.0,H,2025.0
540602,2026-02-15,BL1,FC Augsburg,1. FC Heidenheim 1846,1,0,22.0,H,2025.0
544447,2026-02-15,PD,Rayo Vallecano de Madrid,Club Atlético de Madrid,3,0,24.0,H,2025.0
544446,2026-02-15,PD,Real Oviedo,Athletic Club,1,2,24.0,A,2025.0
544449,2026-02-15,PD,RCD Mallorca,Real Betis Balompié,1,2,24.0,A,2025.0
544443,2026-02-15,PD,Levante UD,Valencia CF,0,2,24.0,A,2025.0
540599,2026-02-15,BL1,RB Leipzig,VfL Wolfsburg,2,2,22.0,D,2025.0
542600,2026-02-15,FL1,Olympique Lyonnais,OGC Nice,2,0,22.0,H,2025.0
537064,2026-02-15,SA,US Cremonese,Genoa CFC,0,0,25.0,D,2025.0
537057,2026-02-15,SA,Torino FC,Bologna FC 1909,1,2,25.0,A,2025.0
537062,2026-02-15,SA,SSC Napoli,AS Roma,2,2,25.0,D,2025.0
537063,2026-02-15,SA,Udinese Calcio,US Sassuolo Calcio,1,2,25.0,A,2025.0
537060,2026-02-15,SA,Parma Calcio 1913,Hellas Verona FC,2,1,25.0,H,2025.0
542595,2026-02-15,FL1,Le Havre AC,Toulouse FC,2,1,22.0,H,2025.0
542597,2026-02-15,FL1,FC Lorient,Angers SCO,2,0,22.0,H,2025.0
542598,2026-02-15,FL1,FC Metz,AJ Auxerre,1,3,22.0,A,2025.0
537055,2026-02-16,SA,Cagliari Calcio,US Lecce,0,2,25.0,A,2025.0
544448,2026-02-16,PD,Girona FC,FC Barcelona,2,1,24.0,H,2025.0
552055,2026-02-17,CL,Galatasaray SK,Juventus FC,5,2,1.0,H,2025.0
552052,2026-02-17,CL,Sport Lisboa e Benfica,Real Madrid CF,0,1,1.0,A,2025.0
552057,2026-02-17,CL,Borussia Dortmund,Atalanta BC,2,0,1.0,H,2025.0
552053,2026-02-17,CL,AS Monaco FC,Paris Saint-Germain FC,2,3,1.0,A,2025.0
544364,2026-02-18,PD,Levante UD,Villarreal CF,0,1,16.0,A,2025.0
538094,2026-02-18,PL,Wolverhampton Wanderers FC,Arsenal FC,2,2,31.0,D,2025.0
537046,2026-02-18,SA,AC Milan,Como 1907,1,1,24.0,D,2025.0
552054,2026-02-18,CL,Qarabağ Ağdam FK,Newcastle United FC,1,6,1.0,A,2025.0
552056,2026-02-18,CL,Club Brugge KV,Club Atlético de Madrid,3,3,1.0,D,2025.0
552058,2026-02-18,CL,PAE Olympiakos SFP,Bayer 04 Leverkusen,0,2,1.0,A,2025.0
552059,2026-02-18,CL,FK Bodø/Glimt,FC Internazionale Milano,3,1,1.0,H,2025.0
544452,2026-02-20,PD,Athletic Club,Elche CF,2,1,25.0,H,2025.0
537073,2026-02-20,SA,US Sassuolo Calcio,Hellas Verona FC,3,0,26.0,H,2025.0
540612,2026-02-20,BL1,1. FSV Mainz 05,Hamburger SV,1,1,23.0,D,2025.0
542612,2026-02-20,FL1,Stade Brestois 29,Olympique de Marseille,2,0,23.0,H,2025.0
537072,2026-02-21,SA,Juventus FC,Como 1907,0,2,26.0,A,2025.0
538054,2026-02-21,PL,West Ham United FC,AFC Bournemouth,0,0,27.0,D,2025.0
538051,2026-02-21,PL,Manchester City FC,Newcastle United FC,2,1,27.0,H,2025.0
540606,2026-02-21,BL1,RB Leipzig,Borussia Dortmund,2,2,23.0,D,2025.0
538046,2026-02-21,PL,Aston Villa FC,Leeds United FC,1,1,27.0,D,2025.0
540604,2026-02-21,BL1,1. FC Union Berlin,Bayer 04 Leverkusen,1,0,23.0,H,2025.0
540611,2026-02-21,BL1,1. FC Köln,TSG 1899 Hoffenheim,2,2,23.0,D,2025.0
540610,2026-02-21,BL1,VfL Wolfsburg,FC Augsburg,2,3,23.0,A,2025.0
537069,2026-02-21,SA,Cagliari Calcio,SS Lazio,0,0,26.0,D,2025.0
537074,2026-02-21,SA,US Lecce,FC Internazionale Milano,0,2,26.0,A,2025.0
544453,2026-02-21,PD,Club Atlético de Madrid,RCD Espanyol de Barcelona,4,2,25.0,H,2025.0
544455,2026-02-21,PD,Real Betis Balompié,Rayo Vallecano de Madrid,1,1,25.0,D,2025.0
540605,2026-02-21,BL1,FC Bayern München,Eintracht Frankfurt,3,2,23.0,H,2025.0
542606,2026-02-21,FL1,Toulouse FC,Paris FC,1,1,23.0,D,2025.0
542608,2026-02-21,FL1,Paris Saint-Germain FC,FC Metz,3,0,23.0,H,2025.0
544458,2026-02-21,PD,CA Osasuna,Real Madrid CF,2,1,25.0,H,2025.0
542610,2026-02-21,FL1,Racing Club de Lens,AS Monaco FC,2,3,23.0,A,2025.0
538048,2026-02-21,PL,Brentford FC,Brighton & Hove Albion FC,0,2,27.0,A,2025.0
544460,2026-02-21,PD,Real Sociedad de Fútbol,Real Oviedo,3,3,25.0,D,2025.0
538049,2026-02-21,PL,Chelsea FC,Burnley FC,1,1,27.0,D,2025.0
542607,2026-02-22,FL1,OGC Nice,FC Lorient,3,3,23.0,D,2025.0
542611,2026-02-22,FL1,Angers SCO,Lille OSC,0,1,23.0,A,2025.0
542609,2026-02-22,FL1,RC Strasbourg Alsace,Olympique Lyonnais,3,1,23.0,H,2025.0
538052,2026-02-22,PL,Nottingham Forest FC,Liverpool FC,0,1,27.0,A,2025.0
538047,2026-02-22,PL,Crystal Palace FC,Wolverhampton Wanderers FC,1,0,27.0,H,2025.0
538045,2026-02-22,PL,Sunderland AFC,Fulham FC,1,3,27.0,A,2025.0
542605,2026-02-22,FL1,FC Nantes,Le Havre AC,2,0,23.0,H,2025.0
544454,2026-02-22,PD,FC Barcelona,Levante UD,3,0,25.0,H,2025.0
544457,2026-02-22,PD,Getafe CF,Sevilla FC,0,1,25.0,A,2025.0
542604,2026-02-22,FL1,AJ Auxerre,Stade Rennais FC 1901,0,3,23.0,A,2025.0
544456,2026-02-22,PD,RC Celta de Vigo,RCD Mallorca,2,0,25.0,H,2025.0
540609,2026-02-22,BL1,SC Freiburg,Borussia Mönchengladbach,2,1,23.0,H,2025.0
538053,2026-02-22,PL,Tottenham Hotspur FC,Arsenal FC,1,4,27.0,A,2025.0
540608,2026-02-22,BL1,1. FC Heidenheim 1846,VfB Stuttgart,3,3,23.0,D,2025.0
537066,2026-02-22,SA,AC Milan,Parma Calcio 1913,0,1,26.0,A,2025.0
540607,2026-02-22,BL1,FC St. Pauli 1910,SV Werder Bremen,2,1,23.0,H,2025.0
544459,2026-02-22,PD,Villarreal CF,Valencia CF,2,1,25.0,H,2025.0
537068,2026-02-22,SA,Atalanta BC,SSC Napoli,2,1,26.0,H,2025.0
537070,2026-02-22,SA,Genoa CFC,Torino FC,3,0,26.0,H,2025.0
537067,2026-02-22,SA,AS Roma,US Cremonese,3,0,26.0,H,2025.0
538050,2026-02-23,PL,Everton FC,Manchester United FC,0,1,27.0,A,2025.0
537065,2026-02-23,SA,ACF Fiorentina,AC Pisa 1909,1,0,26.0,H,2025.0
537071,2026-02-23,SA,Bologna FC 1909,Udinese Calcio,1,0,26.0,H,2025.0
544451,2026-02-23,PD,Deportivo Alavés,Girona FC,2,2,25.0,D,2025.0
552064,2026-02-24,CL,Club Atlético de Madrid,Club Brugge KV,4,1,2.0,H,2025.0
552062,2026-02-24,CL,Newcastle United FC,Qarabağ Ağdam FK,3,2,2.0,H,2025.0
552066,2026-02-24,CL,Bayer 04 Leverkusen,PAE Olympiakos SFP,0,0,2.0,D,2025.0
552067,2026-02-24,CL,FC Internazionale Milano,FK Bodø/Glimt,1,2,2.0,A,2025.0
552065,2026-02-25,CL,Atalanta BC,Borussia Dortmund,4,1,2.0,H,2025.0
552060,2026-02-25,CL,Real Madrid CF,Sport Lisboa e Benfica,2,1,2.0,H,2025.0
552063,2026-02-25,CL,Juventus FC,Galatasaray SK,3,2,2.0,H,2025.0
552061,2026-02-25,CL,Paris Saint-Germain FC,AS Monaco FC,2,2,2.0,D,2025.0
538064,2026-02-27,PL,Wolverhampton Wanderers FC,Aston Villa FC,2,0,28.0,H,2025.0
540621,2026-02-27,BL1,FC Augsburg,1. FC Köln,2,0,24.0,H,2025.0
544465,2026-02-27,PD,Levante UD,Deportivo Alavés,2,0,26.0,H,2025.0
542620,2026-02-27,FL1,RC Strasbourg Alsace,Racing Club de Lens,1,1,24.0,D,2025.0
537080,2026-02-27,SA,Parma Calcio 1913,Cagliari Calcio,1,1,27.0,D,2025.0
544466,2026-02-28,PD,Rayo Vallecano de Madrid,Athletic Club,1,1,26.0,D,2025.0
540613,2026-02-28,BL1,Borussia Dortmund,FC Bayern München,2,3,24.0,A,2025.0
538060,2026-02-28,PL,Liverpool FC,West Ham United FC,5,2,28.0,H,2025.0
538063,2026-02-28,PL,Newcastle United FC,Everton FC,2,3,28.0,A,2025.0
538061,2026-02-28,PL,Leeds United FC,Manchester City FC,0,1,28.0,A,2025.0
540619,2026-02-28,BL1,TSG 1899 Hoffenheim,FC St. Pauli 1910,0,1,24.0,A,2025.0
540615,2026-02-28,BL1,Bayer 04 Leverkusen,1. FSV Mainz 05,1,1,24.0,D,2025.0
540618,2026-02-28,BL1,Borussia Mönchengladbach,1. FC Union Berlin,1,0,24.0,H,2025.0
544461,2026-02-28,PD,FC Barcelona,Villarreal CF,4,1,26.0,H,2025.0
538055,2026-02-28,PL,AFC Bournemouth,Sunderland AFC,1,1,28.0,D,2025.0
544464,2026-02-28,PD,RCD Mallorca,Real Sociedad de Fútbol,0,1,26.0,A,2025.0
544467,2026-02-28,PD,Real Oviedo,Club Atlético de Madrid,0,1,26.0,A,2025.0
537076,2026-02-28,SA,Como 1907,US Lecce,3,1,27.0,H,2025.0
542613,2026-02-28,FL1,Le Havre AC,Paris Saint-Germain FC,0,1,24.0,A,2025.0
542621,2026-02-28,FL1,Stade Rennais FC 1901,Toulouse FC,1,0,24.0,H,2025.0
537078,2026-02-28,SA,Hellas Verona FC,SSC Napoli,1,2,27.0,A,2025.0
537079,2026-02-28,SA,FC Internazionale Milano,Genoa CFC,2,0,27.0,H,2025.0
540620,2026-02-28,BL1,SV Werder Bremen,1. FC Heidenheim 1846,2,0,24.0,H,2025.0
538058,2026-02-28,PL,Burnley FC,Brentford FC,3,4,28.0,A,2025.0
542614,2026-02-28,FL1,AS Monaco FC,Angers SCO,2,0,24.0,H,2025.0
540617,2026-03-01,BL1,VfB Stuttgart,VfL Wolfsburg,4,0,24.0,H,2025.0
538057,2026-03-01,PL,Arsenal FC,Chelsea FC,2,1,28.0,H,2025.0
538062,2026-03-01,PL,Manchester United FC,Crystal Palace FC,2,1,28.0,H,2025.0
538056,2026-03-01,PL,Brighton & Hove Albion FC,Nottingham Forest FC,2,1,28.0,H,2025.0
537077,2026-03-01,SA,Torino FC,SS Lazio,2,0,27.0,H,2025.0
537075,2026-03-01,SA,AS Roma,Juventus FC,3,3,27.0,D,2025.0
538059,2026-03-01,PL,Fulham FC,Tottenham Hotspur FC,2,1,28.0,H,2025.0
537082,2026-03-01,SA,US Sassuolo Calcio,Atalanta BC,2,1,27.0,H,2025.0
542618,2026-03-01,FL1,Olympique de Marseille,Olympique Lyonnais,3,2,24.0,H,2025.0
540614,2026-03-01,BL1,Eintracht Frankfurt,SC Freiburg,2,0,24.0,H,2025.0
544470,2026-03-01,PD,Valencia CF,CA Osasuna,1,0,26.0,H,2025.0
542619,2026-03-01,FL1,Lille OSC,FC Nantes,1,0,24.0,H,2025.0
542616,2026-03-01,FL1,FC Metz,Stade Brestois 29,0,1,24.0,A,2025.0
537084,2026-03-01,SA,US Cremonese,AC Milan,0,2,27.0,A,2025.0
542617,2026-03-01,FL1,Paris FC,OGC Nice,1,0,24.0,H,2025.0
542615,2026-03-01,FL1,FC Lorient,AJ Auxerre,2,2,24.0,D,2025.0
544462,2026-03-01,PD,Real Betis Balompié,Sevilla FC,2,2,26.0,D,2025.0
544463,2026-03-01,PD,Elche CF,RCD Espanyol de Barcelona,2,2,26.0,D,2025.0
544468,2026-03-01,PD,Girona FC,RC Celta de Vigo,1,2,26.0,A,2025.0
540616,2026-03-01,BL1,Hamburger SV,RB Leipzig,1,2,24.0,A,2025.0
537081,2026-03-02,SA,AC Pisa 1909,Bologna FC 1909,0,1,27.0,A,2025.0
544469,2026-03-02,PD,Real Madrid CF,Getafe CF,0,1,26.0,A,2025.0
537083,2026-03-02,SA,Udinese Calcio,ACF Fiorentina,3,0,27.0,H,2025.0
538074,2026-03-03,PL,Wolverhampton Wanderers FC,Liverpool FC,2,1,29.0,H,2025.0
538070,2026-03-03,PL,Leeds United FC,Sunderland AFC,0,1,29.0,A,2025.0
538068,2026-03-03,PL,Everton FC,Burnley FC,2,0,29.0,H,2025.0
538065,2026-03-03,PL,AFC Bournemouth,Brentford FC,0,0,29.0,D,2025.0
540558,2026-03-04,BL1,Hamburger SV,Bayer 04 Leverkusen,0,1,17.0,A,2025.0
544440,2026-03-04,PD,Rayo Vallecano de Madrid,Real Oviedo,3,0,23.0,H,2025.0
538072,2026-03-04,PL,Newcastle United FC,Manchester United FC,2,1,29.0,H,2025.0
538066,2026-03-04,PL,Aston Villa FC,Chelsea FC,1,4,29.0,A,2025.0
538071,2026-03-04,PL,Manchester City FC,Nottingham Forest FC,2,2,29.0,D,2025.0
538069,2026-03-04,PL,Fulham FC,West Ham United FC,0,1,29.0,A,2025.0
538067,2026-03-04,PL,Brighton & Hove Albion FC,Arsenal FC,0,1,29.0,A,2025.0
538073,2026-03-05,PL,Tottenham Hotspur FC,Crystal Palace FC,1,3,29.0,A,2025.0
537093,2026-03-06,SA,SSC Napoli,Torino FC,2,1,28.0,H,2025.0
544473,2026-03-06,PD,RC Celta de Vigo,Real Madrid CF,1,2,27.0,A,2025.0
540627,2026-03-06,BL1,FC Bayern München,Borussia Mönchengladbach,4,1,25.0,H,2025.0
542628,2026-03-06,FL1,Paris Saint-Germain FC,AS Monaco FC,1,3,25.0,A,2025.0
544471,2026-03-07,PD,Athletic Club,FC Barcelona,0,1,27.0,A,2025.0
537091,2026-03-07,SA,Juventus FC,AC Pisa 1909,4,0,28.0,H,2025.0
537087,2026-03-07,SA,Atalanta BC,Udinese Calcio,2,2,28.0,D,2025.0
537088,2026-03-07,SA,Cagliari Calcio,Como 1907,1,2,28.0,A,2025.0
544478,2026-03-07,PD,Levante UD,Girona FC,1,1,27.0,D,2025.0
544472,2026-03-07,PD,Club Atlético de Madrid,Real Sociedad de Fútbol,3,2,27.0,H,2025.0
540622,2026-03-07,BL1,SC Freiburg,Bayer 04 Leverkusen,3,3,25.0,D,2025.0
544479,2026-03-07,PD,CA Osasuna,RCD Mallorca,2,2,27.0,D,2025.0
542623,2026-03-07,FL1,FC Nantes,Angers SCO,0,1,25.0,A,2025.0
540624,2026-03-07,BL1,1. FC Köln,Borussia Dortmund,1,2,25.0,A,2025.0
540629,2026-03-07,BL1,1. FC Heidenheim 1846,TSG 1899 Hoffenheim,2,4,25.0,A,2025.0
540628,2026-03-07,BL1,RB Leipzig,FC Augsburg,2,1,25.0,H,2025.0
540626,2026-03-07,BL1,1. FSV Mainz 05,VfB Stuttgart,2,2,25.0,D,2025.0
542624,2026-03-07,FL1,Toulouse FC,Olympique de Marseille,0,1,25.0,A,2025.0
540630,2026-03-07,BL1,VfL Wolfsburg,Hamburger SV,1,2,25.0,A,2025.0
542622,2026-03-07,FL1,AJ Auxerre,RC Strasbourg Alsace,0,0,25.0,D,2025.0
542629,2026-03-08,FL1,Racing Club de Lens,FC Metz,3,0,25.0,H,2025.0
542625,2026-03-08,FL1,OGC Nice,Stade Rennais FC 1901,0,4,25.0,A,2025.0
542627,2026-03-08,FL1,Lille OSC,FC Lorient,1,1,25.0,D,2025.0
542630,2026-03-08,FL1,Stade Brestois 29,Le Havre AC,2,0,25.0,H,2025.0
542626,2026-03-08,FL1,Olympique Lyonnais,Paris FC,1,1,25.0,D,2025.0
540625,2026-03-08,BL1,1. FC Union Berlin,SV Werder Bremen,1,4,25.0,A,2025.0
537086,2026-03-08,SA,AC Milan,FC Internazionale Milano,1,0,28.0,H,2025.0
537090,2026-03-08,SA,Bologna FC 1909,Hellas Verona FC,1,2,28.0,A,2025.0
537089,2026-03-08,SA,Genoa CFC,AS Roma,2,1,28.0,H,2025.0
537085,2026-03-08,SA,ACF Fiorentina,Parma Calcio 1913,0,0,28.0,D,2025.0
537094,2026-03-08,SA,US Lecce,US Cremonese,2,1,28.0,H,2025.0
544476,2026-03-08,PD,Getafe CF,Real Betis Balompié,2,0,27.0,H,2025.0
544477,2026-03-08,PD,Villarreal CF,Elche CF,2,1,27.0,H,2025.0
544475,2026-03-08,PD,Valencia CF,Deportivo Alavés,3,2,27.0,H,2025.0
544480,2026-03-08,PD,Sevilla FC,Rayo Vallecano de Madrid,1,1,27.0,D,2025.0
540623,2026-03-08,BL1,FC St. Pauli 1910,Eintracht Frankfurt,0,0,25.0,D,2025.0
537092,2026-03-09,SA,SS Lazio,US Sassuolo Calcio,2,1,28.0,H,2025.0
544474,2026-03-09,PD,RCD Espanyol de Barcelona,Real Oviedo,1,1,27.0,D,2025.0
552071,2026-03-10,CL,Atalanta BC,FC Bayern München,1,6,1.0,A,2025.0
552072,2026-03-10,CL,Newcastle United FC,FC Barcelona,1,1,1.0,D,2025.0
552069,2026-03-10,CL,Galatasaray SK,Liverpool FC,1,0,1.0,H,2025.0
552073,2026-03-10,CL,Club Atlético de Madrid,Tottenham Hotspur FC,5,2,1.0,H,2025.0
552074,2026-03-11,CL,FK Bodø/Glimt,Sporting Clube de Portugal,3,0,1.0,H,2025.0
552068,2026-03-11,CL,Paris Saint-Germain FC,Chelsea FC,5,2,1.0,H,2025.0
552075,2026-03-11,CL,Bayer 04 Leverkusen,Arsenal FC,1,1,1.0,D,2025.0
552070,2026-03-11,CL,Real Madrid CF,Manchester City FC,3,0,1.0,H,2025.0
537096,2026-03-13,SA,Torino FC,Parma Calcio 1913,4,1,29.0,H,2025.0
544481,2026-03-13,PD,Deportivo Alavés,Villarreal CF,1,1,28.0,D,2025.0
540637,2026-03-13,BL1,Borussia Mönchengladbach,FC St. Pauli 1910,2,0,26.0,H,2025.0
542635,2026-03-13,FL1,Olympique de Marseille,AJ Auxerre,1,0,26.0,H,2025.0
544487,2026-03-14,PD,Real Madrid CF,Elche CF,4,1,28.0,H,2025.0
544486,2026-03-14,PD,Girona FC,Athletic Club,3,0,28.0,H,2025.0
544485,2026-03-14,PD,Real Oviedo,Valencia CF,1,0,28.0,H,2025.0
542632,2026-03-14,FL1,AS Monaco FC,Stade Brestois 29,2,0,26.0,H,2025.0
540639,2026-03-14,BL1,Hamburger SV,1. FC Köln,1,1,26.0,D,2025.0
540638,2026-03-14,BL1,Eintracht Frankfurt,1. FC Heidenheim 1846,1,0,26.0,H,2025.0
540634,2026-03-14,BL1,TSG 1899 Hoffenheim,VfL Wolfsburg,1,1,26.0,D,2025.0
540635,2026-03-14,BL1,Borussia Dortmund,FC Augsburg,2,0,26.0,H,2025.0
540631,2026-03-14,BL1,Bayer 04 Leverkusen,FC Bayern München,1,1,26.0,D,2025.0
542633,2026-03-14,FL1,FC Lorient,Racing Club de Lens,2,1,26.0,H,2025.0
544482,2026-03-14,PD,Club Atlético de Madrid,Getafe CF,1,0,28.0,H,2025.0
538084,2026-03-14,PL,West Ham United FC,Manchester City FC,1,1,30.0,D,2025.0
537098,2026-03-14,SA,FC Internazionale Milano,Atalanta BC,1,1,29.0,D,2025.0
538075,2026-03-14,PL,Sunderland AFC,Brighton & Hove Albion FC,0,1,30.0,A,2025.0
537102,2026-03-14,SA,SSC Napoli,US Lecce,2,1,29.0,H,2025.0
538080,2026-03-14,PL,Chelsea FC,Newcastle United FC,0,1,30.0,A,2025.0
537103,2026-03-14,SA,Udinese Calcio,Juventus FC,0,1,29.0,A,2025.0
538079,2026-03-14,PL,Burnley FC,AFC Bournemouth,0,0,30.0,D,2025.0
538077,2026-03-14,PL,Arsenal FC,Everton FC,2,0,30.0,H,2025.0
542638,2026-03-14,FL1,Angers SCO,OGC Nice,0,2,26.0,A,2025.0
540632,2026-03-15,BL1,SV Werder Bremen,1. FSV Mainz 05,0,2,26.0,A,2025.0
540636,2026-03-15,BL1,SC Freiburg,1. FC Union Berlin,0,1,26.0,A,2025.0
540633,2026-03-15,BL1,VfB Stuttgart,RB Leipzig,1,0,26.0,H,2025.0
542637,2026-03-15,FL1,RC Strasbourg Alsace,Paris FC,0,0,26.0,D,2025.0
537101,2026-03-15,SA,US Sassuolo Calcio,Bologna FC 1909,0,1,29.0,A,2025.0
537100,2026-03-15,SA,AC Pisa 1909,Cagliari Calcio,3,1,29.0,H,2025.0
537097,2026-03-15,SA,Hellas Verona FC,Genoa CFC,0,2,29.0,A,2025.0
537095,2026-03-15,SA,Como 1907,AS Roma,2,1,29.0,H,2025.0
542631,2026-03-15,FL1,Le Havre AC,Olympique Lyonnais,0,0,26.0,D,2025.0
537099,2026-03-15,SA,SS Lazio,AC Milan,1,0,29.0,H,2025.0
542639,2026-03-15,FL1,Stade Rennais FC 1901,Lille OSC,1,2,26.0,A,2025.0
538083,2026-03-15,PL,Nottingham Forest FC,Fulham FC,0,0,30.0,D,2025.0
542634,2026-03-15,FL1,FC Metz,Toulouse FC,3,4,26.0,A,2025.0
538082,2026-03-15,PL,Manchester United FC,Aston Villa FC,3,1,30.0,H,2025.0
538081,2026-03-15,PL,Liverpool FC,Tottenham Hotspur FC,1,1,30.0,D,2025.0
544488,2026-03-15,PD,RCD Mallorca,RCD Espanyol de Barcelona,2,1,28.0,H,2025.0
538076,2026-03-15,PL,Crystal Palace FC,Leeds United FC,0,0,30.0,D,2025.0
544490,2026-03-15,PD,Real Sociedad de Fútbol,CA Osasuna,3,1,28.0,H,2025.0
544484,2026-03-15,PD,Real Betis Balompié,RC Celta de Vigo,1,1,28.0,D,2025.0
544483,2026-03-15,PD,FC Barcelona,Sevilla FC,5,2,28.0,H,2025.0
544489,2026-03-16,PD,Rayo Vallecano de Madrid,Levante UD,1,1,28.0,D,2025.0
537104,2026-03-16,SA,US Cremonese,ACF Fiorentina,1,4,29.0,A,2025.0
538078,2026-03-16,PL,Brentford FC,Wolverhampton Wanderers FC,2,2,30.0,D,2025.0
552083,2026-03-17,CL,Arsenal FC,Bayer 04 Leverkusen,2,0,2.0,H,2025.0
552076,2026-03-17,CL,Chelsea FC,Paris Saint-Germain FC,0,3,2.0,A,2025.0
552082,2026-03-17,CL,Sporting Clube de Portugal,FK Bodø/Glimt,5,0,2.0,H,2025.0
552078,2026-03-17,CL,Manchester City FC,Real Madrid CF,1,2,2.0,A,2025.0
552081,2026-03-18,CL,Tottenham Hotspur FC,Club Atlético de Madrid,3,2,2.0,H,2025.0
552079,2026-03-18,CL,FC Bayern München,Atalanta BC,4,1,2.0,H,2025.0
552077,2026-03-18,CL,Liverpool FC,Galatasaray SK,4,0,2.0,H,2025.0
552080,2026-03-18,CL,FC Barcelona,Newcastle United FC,7,2,2.0,H,2025.0
542647,2026-03-20,FL1,Racing Club de Lens,Angers SCO,5,1,27.0,H,2025.0
537110,2026-03-20,SA,Genoa CFC,Udinese Calcio,0,2,30.0,A,2025.0
537109,2026-03-20,SA,Cagliari Calcio,SSC Napoli,0,1,30.0,A,2025.0
538085,2026-03-20,PL,AFC Bournemouth,Manchester United FC,2,2,31.0,D,2025.0
544500,2026-03-20,PD,Villarreal CF,Real Sociedad de Fútbol,3,1,29.0,H,2025.0
540647,2026-03-20,BL1,RB Leipzig,TSG 1899 Hoffenheim,5,0,27.0,H,2025.0
540645,2026-03-21,BL1,1. FC Köln,Borussia Mönchengladbach,3,3,27.0,D,2025.0
544494,2026-03-21,PD,RCD Espanyol de Barcelona,Getafe CF,1,2,29.0,A,2025.0
537113,2026-03-21,SA,Juventus FC,US Sassuolo Calcio,1,1,30.0,D,2025.0
544499,2026-03-21,PD,CA Osasuna,Girona FC,1,0,29.0,H,2025.0
544493,2026-03-21,PD,Elche CF,RCD Mallorca,2,1,29.0,H,2025.0
538087,2026-03-21,PL,Brighton & Hove Albion FC,Liverpool FC,2,1,31.0,H,2025.0
540640,2026-03-21,BL1,1. FC Heidenheim 1846,Bayer 04 Leverkusen,3,3,27.0,D,2025.0
538090,2026-03-21,PL,Leeds United FC,Brentford FC,0,0,31.0,D,2025.0
538089,2026-03-21,PL,Fulham FC,Burnley FC,3,1,31.0,H,2025.0
538088,2026-03-21,PL,Everton FC,Chelsea FC,3,0,31.0,H,2025.0
540646,2026-03-21,BL1,FC Bayern München,1. FC Union Berlin,4,0,27.0,H,2025.0
544495,2026-03-21,PD,Levante UD,Real Oviedo,4,2,29.0,H,2025.0
542644,2026-03-21,FL1,OGC Nice,Paris Saint-Germain FC,0,4,27.0,A,2025.0
542640,2026-03-21,FL1,AJ Auxerre,Stade Brestois 29,3,0,27.0,H,2025.0
542643,2026-03-21,FL1,Toulouse FC,FC Lorient,1,0,27.0,H,2025.0
540643,2026-03-21,BL1,VfL Wolfsburg,SV Werder Bremen,0,1,27.0,A,2025.0
537114,2026-03-21,SA,Parma Calcio 1913,US Cremonese,0,2,30.0,A,2025.0
540648,2026-03-21,BL1,Borussia Dortmund,Hamburger SV,3,2,27.0,H,2025.0
537106,2026-03-21,SA,AC Milan,Torino FC,3,2,30.0,H,2025.0
544496,2026-03-21,PD,Sevilla FC,Valencia CF,0,2,29.0,A,2025.0
544497,2026-03-22,PD,RC Celta de Vigo,Deportivo Alavés,3,4,29.0,A,2025.0
538086,2026-03-22,PL,Aston Villa FC,West Ham United FC,2,0,31.0,H,2025.0
538092,2026-03-22,PL,Newcastle United FC,Sunderland AFC,1,2,31.0,A,2025.0
538093,2026-03-22,PL,Tottenham Hotspur FC,Nottingham Forest FC,0,3,31.0,A,2025.0
537112,2026-03-22,SA,Bologna FC 1909,SS Lazio,0,2,30.0,A,2025.0
540641,2026-03-22,BL1,1. FSV Mainz 05,Eintracht Frankfurt,2,1,27.0,H,2025.0
540642,2026-03-22,BL1,FC St. Pauli 1910,SC Freiburg,1,2,27.0,A,2025.0
544498,2026-03-22,PD,Real Madrid CF,Club Atlético de Madrid,3,2,29.0,H,2025.0
544492,2026-03-22,PD,FC Barcelona,Rayo Vallecano de Madrid,1,0,29.0,H,2025.0
544491,2026-03-22,PD,Athletic Club,Real Betis Balompié,2,1,29.0,H,2025.0
542642,2026-03-22,FL1,Paris FC,Le Havre AC,3,2,27.0,H,2025.0
542648,2026-03-22,FL1,Stade Rennais FC 1901,FC Metz,0,0,27.0,D,2025.0
537105,2026-03-22,SA,ACF Fiorentina,FC Internazionale Milano,1,1,30.0,D,2025.0
542641,2026-03-22,FL1,FC Nantes,RC Strasbourg Alsace,2,3,27.0,A,2025.0
537111,2026-03-22,SA,Como 1907,AC Pisa 1909,5,0,30.0,H,2025.0
540644,2026-03-22,BL1,FC Augsburg,VfB Stuttgart,2,5,27.0,A,2025.0
542646,2026-03-22,FL1,Olympique de Marseille,Lille OSC,1,2,27.0,A,2025.0
537108,2026-03-22,SA,Atalanta BC,Hellas Verona FC,1,0,30.0,H,2025.0
542645,2026-03-22,FL1,Olympique Lyonnais,AS Monaco FC,1,2,27.0,A,2025.0
537107,2026-03-22,SA,AS Roma,US Lecce,1,0,30.0,H,2025.0
542654,2026-04-03,FL1,Paris Saint-Germain FC,Toulouse FC,3,1,28.0,H,2025.0
544509,2026-04-03,PD,Rayo Vallecano de Madrid,Elche CF,1,0,30.0,H,2025.0
544503,2026-04-04,PD,Real Betis Balompié,RCD Espanyol de Barcelona,0,0,30.0,D,2025.0
544510,2026-04-04,PD,Real Sociedad de Fútbol,Levante UD,2,0,30.0,H,2025.0
544505,2026-04-04,PD,RCD Mallorca,Real Madrid CF,2,1,30.0,H,2025.0
540654,2026-04-04,BL1,Hamburger SV,FC Augsburg,1,1,28.0,D,2025.0
544502,2026-04-04,PD,Club Atlético de Madrid,FC Barcelona,1,2,30.0,A,2025.0
542655,2026-04-04,FL1,RC Strasbourg Alsace,OGC Nice,3,1,28.0,H,2025.0
540652,2026-04-04,BL1,SV Werder Bremen,RB Leipzig,1,2,28.0,A,2025.0
540651,2026-04-04,BL1,TSG 1899 Hoffenheim,1. FSV Mainz 05,1,2,28.0,A,2025.0
537120,2026-04-04,SA,US Sassuolo Calcio,Cagliari Calcio,2,1,31.0,H,2025.0
537118,2026-04-04,SA,SS Lazio,Parma Calcio 1913,1,1,31.0,D,2025.0
537115,2026-04-04,SA,Hellas Verona FC,ACF Fiorentina,0,1,31.0,A,2025.0
540656,2026-04-04,BL1,Borussia Mönchengladbach,1. FC Heidenheim 1846,2,2,28.0,D,2025.0
542653,2026-04-04,FL1,Lille OSC,Racing Club de Lens,3,0,28.0,H,2025.0
542657,2026-04-04,FL1,Stade Brestois 29,Stade Rennais FC 1901,3,4,28.0,A,2025.0
540653,2026-04-04,BL1,Bayer 04 Leverkusen,VfL Wolfsburg,6,3,28.0,H,2025.0
540650,2026-04-04,BL1,VfB Stuttgart,Borussia Dortmund,0,2,28.0,A,2025.0
540649,2026-04-04,BL1,SC Freiburg,FC Bayern München,2,3,28.0,A,2025.0
542650,2026-04-05,FL1,AS Monaco FC,Olympique de Marseille,2,1,28.0,H,2025.0
544506,2026-04-05,PD,Real Oviedo,Sevilla FC,1,0,30.0,H,2025.0
544501,2026-04-05,PD,Deportivo Alavés,CA Osasuna,2,2,30.0,D,2025.0
544508,2026-04-05,PD,Valencia CF,RC Celta de Vigo,2,3,30.0,A,2025.0
542652,2026-04-05,FL1,FC Metz,FC Nantes,0,0,28.0,D,2025.0
542651,2026-04-05,FL1,FC Lorient,Paris FC,1,1,28.0,D,2025.0
544507,2026-04-05,PD,Getafe CF,Athletic Club,2,0,30.0,H,2025.0
542656,2026-04-05,FL1,Angers SCO,Olympique Lyonnais,0,0,28.0,D,2025.0
537116,2026-04-05,SA,FC Internazionale Milano,AS Roma,5,2,31.0,H,2025.0
537119,2026-04-05,SA,AC Pisa 1909,Torino FC,0,1,31.0,A,2025.0
537123,2026-04-05,SA,US Cremonese,Bologna FC 1909,1,2,31.0,A,2025.0
540655,2026-04-05,BL1,1. FC Union Berlin,FC St. Pauli 1910,1,1,28.0,D,2025.0
540657,2026-04-05,BL1,Eintracht Frankfurt,1. FC Köln,2,2,28.0,D,2025.0
542649,2026-04-05,FL1,Le Havre AC,AJ Auxerre,1,1,28.0,D,2025.0
544504,2026-04-06,PD,Girona FC,Villarreal CF,1,0,30.0,H,2025.0
537121,2026-04-06,SA,SSC Napoli,AC Milan,1,0,31.0,H,2025.0
537117,2026-04-06,SA,Juventus FC,Genoa CFC,2,0,31.0,H,2025.0
537124,2026-04-06,SA,US Lecce,Atalanta BC,0,3,31.0,A,2025.0
537122,2026-04-06,SA,Udinese Calcio,Como 1907,0,0,31.0,D,2025.0
556721,2026-04-07,CL,Sporting Clube de Portugal,Arsenal FC,0,1,1.0,A,2025.0
556719,2026-04-07,CL,Real Madrid CF,FC Bayern München,1,2,1.0,A,2025.0
556720,2026-04-08,CL,FC Barcelona,Club Atlético de Madrid,0,2,1.0,A,2025.0
556718,2026-04-08,CL,Paris Saint-Germain FC,Liverpool FC,2,0,1.0,H,2025.0
537127,2026-04-10,SA,AS Roma,AC Pisa 1909,3,0,32.0,H,2025.0
540665,2026-04-10,BL1,FC Augsburg,TSG 1899 Hoffenheim,2,2,29.0,D,2025.0
544520,2026-04-10,PD,Real Madrid CF,Girona FC,1,1,31.0,D,2025.0
542659,2026-04-10,FL1,Paris FC,AS Monaco FC,4,1,29.0,H,2025.0
542663,2026-04-10,FL1,Olympique de Marseille,FC Metz,3,1,29.0,H,2025.0
538104,2026-04-10,PL,West Ham United FC,Wolverhampton Wanderers FC,4,0,32.0,H,2025.0
538101,2026-04-11,PL,Liverpool FC,Fulham FC,2,0,32.0,H,2025.0
542658,2026-04-11,FL1,AJ Auxerre,FC Nantes,0,0,29.0,D,2025.0
540663,2026-04-11,BL1,RB Leipzig,Borussia Mönchengladbach,1,0,29.0,H,2025.0
540664,2026-04-11,BL1,1. FC Heidenheim 1846,1. FC Union Berlin,3,1,29.0,H,2025.0
540660,2026-04-11,BL1,VfL Wolfsburg,Eintracht Frankfurt,1,2,29.0,A,2025.0
538097,2026-04-11,PL,Arsenal FC,AFC Bournemouth,1,2,32.0,A,2025.0
538098,2026-04-11,PL,Brentford FC,Everton FC,2,2,32.0,D,2025.0
538099,2026-04-11,PL,Burnley FC,Brighton & Hove Albion FC,0,2,32.0,A,2025.0
540659,2026-04-11,BL1,Borussia Dortmund,Bayer 04 Leverkusen,0,1,29.0,A,2025.0
537126,2026-04-11,SA,AC Milan,Udinese Calcio,0,3,32.0,A,2025.0
537129,2026-04-11,SA,Cagliari Calcio,US Cremonese,1,0,32.0,H,2025.0
544514,2026-04-11,PD,Elche CF,Valencia CF,1,0,31.0,H,2025.0
540658,2026-04-11,BL1,FC St. Pauli 1910,FC Bayern München,0,5,29.0,A,2025.0
544517,2026-04-11,PD,Sevilla FC,Club Atlético de Madrid,2,1,31.0,H,2025.0
544512,2026-04-11,PD,FC Barcelona,RCD Espanyol de Barcelona,4,1,31.0,H,2025.0
537128,2026-04-11,SA,Atalanta BC,Juventus FC,0,1,32.0,A,2025.0
537133,2026-04-11,SA,Torino FC,Hellas Verona FC,2,1,32.0,H,2025.0
542666,2026-04-11,FL1,Stade Rennais FC 1901,Angers SCO,2,1,29.0,H,2025.0
544516,2026-04-11,PD,Real Sociedad de Fútbol,Deportivo Alavés,3,3,31.0,D,2025.0
542660,2026-04-12,FL1,Toulouse FC,Lille OSC,0,4,29.0,A,2025.0
537132,2026-04-12,SA,Bologna FC 1909,US Lecce,2,0,32.0,H,2025.0
537131,2026-04-12,SA,Como 1907,FC Internazionale Milano,3,4,32.0,A,2025.0
540662,2026-04-12,BL1,1. FC Köln,SV Werder Bremen,3,1,29.0,H,2025.0
537134,2026-04-12,SA,Parma Calcio 1913,SSC Napoli,1,1,32.0,D,2025.0
542661,2026-04-12,FL1,OGC Nice,Le Havre AC,1,1,29.0,D,2025.0
544513,2026-04-12,PD,RC Celta de Vigo,Real Oviedo,0,3,31.0,A,2025.0
540666,2026-04-12,BL1,VfB Stuttgart,Hamburger SV,4,0,29.0,H,2025.0
544515,2026-04-12,PD,RCD Mallorca,Rayo Vallecano de Madrid,3,0,31.0,H,2025.0
544511,2026-04-12,PD,Athletic Club,Villarreal CF,1,2,31.0,A,2025.0
542662,2026-04-12,FL1,Olympique Lyonnais,FC Lorient,2,0,29.0,H,2025.0
538100,2026-04-12,PL,Chelsea FC,Manchester City FC,0,3,32.0,A,2025.0
538095,2026-04-12,PL,Sunderland AFC,Tottenham Hotspur FC,1,0,32.0,H,2025.0
538096,2026-04-12,PL,Crystal Palace FC,Newcastle United FC,2,1,32.0,H,2025.0
538103,2026-04-12,PL,Nottingham Forest FC,Aston Villa FC,1,1,32.0,D,2025.0
537130,2026-04-12,SA,Genoa CFC,US Sassuolo Calcio,2,1,32.0,H,2025.0
540661,2026-04-12,BL1,1. FSV Mainz 05,SC Freiburg,0,1,29.0,A,2025.0
544518,2026-04-12,PD,CA Osasuna,Real Betis Balompié,1,1,31.0,D,2025.0
544519,2026-04-13,PD,Levante UD,Getafe CF,1,0,31.0,H,2025.0
537125,2026-04-13,SA,ACF Fiorentina,SS Lazio,1,0,32.0,H,2025.0
538102,2026-04-13,PL,Manchester United FC,Leeds United FC,1,2,32.0,A,2025.0
556722,2026-04-14,CL,Liverpool FC,Paris Saint-Germain FC,0,2,2.0,A,2025.0
556724,2026-04-14,CL,Club Atlético de Madrid,FC Barcelona,1,2,2.0,A,2025.0
556723,2026-04-15,CL,FC Bayern München,Real Madrid CF,4,3,2.0,H,2025.0
556725,2026-04-15,CL,Arsenal FC,Sporting Clube de Portugal,0,0,2.0,D,2025.0
540673,2026-04-17,BL1,FC St. Pauli 1910,1. FC Köln,1,1,30.0,D,2025.0
542674,2026-04-17,FL1,Racing Club de Lens,Toulouse FC,3,2,30.0,H,2025.0
537137,2026-04-17,SA,FC Internazionale Milano,Cagliari Calcio,3,0,33.0,H,2025.0
537140,2026-04-17,SA,US Sassuolo Calcio,Como 1907,2,1,33.0,H,2025.0
538107,2026-04-18,PL,Brentford FC,Fulham FC,0,0,33.0,D,2025.0
542668,2026-04-18,FL1,FC Lorient,Olympique de Marseille,2,0,30.0,H,2025.0
542675,2026-04-18,FL1,Angers SCO,Le Havre AC,1,1,30.0,D,2025.0
542671,2026-04-18,FL1,Lille OSC,OGC Nice,0,0,30.0,D,2025.0
538114,2026-04-18,PL,Tottenham Hotspur FC,Brighton & Hove Albion FC,2,2,33.0,D,2025.0
538110,2026-04-18,PL,Leeds United FC,Wolverhampton Wanderers FC,3,0,33.0,H,2025.0
540674,2026-04-18,BL1,SV Werder Bremen,Hamburger SV,3,1,30.0,H,2025.0
538108,2026-04-18,PL,Chelsea FC,Manchester United FC,0,1,33.0,A,2025.0
538112,2026-04-18,PL,Newcastle United FC,AFC Bournemouth,1,2,33.0,A,2025.0
537141,2026-04-18,SA,SSC Napoli,SS Lazio,0,2,33.0,A,2025.0
537142,2026-04-18,SA,Udinese Calcio,Parma Calcio 1913,0,1,33.0,A,2025.0
540669,2026-04-18,BL1,Eintracht Frankfurt,RB Leipzig,1,3,30.0,A,2025.0
540671,2026-04-18,BL1,1. FC Union Berlin,VfL Wolfsburg,1,2,30.0,A,2025.0
540667,2026-04-18,BL1,TSG 1899 Hoffenheim,Borussia Dortmund,2,1,30.0,H,2025.0
540675,2026-04-18,BL1,Bayer 04 Leverkusen,FC Augsburg,1,2,30.0,A,2025.0
537135,2026-04-18,SA,AS Roma,Atalanta BC,1,1,33.0,D,2025.0
537138,2026-04-19,SA,Juventus FC,Bologna FC 1909,2,0,33.0,H,2025.0
542670,2026-04-19,FL1,FC Nantes,Stade Brestois 29,1,1,30.0,D,2025.0
540672,2026-04-19,BL1,SC Freiburg,1. FC Heidenheim 1846,2,1,30.0,H,2025.0
537136,2026-04-19,SA,Hellas Verona FC,AC Milan,0,1,33.0,A,2025.0
537143,2026-04-19,SA,US Cremonese,Torino FC,0,0,33.0,D,2025.0
537139,2026-04-19,SA,AC Pisa 1909,Genoa CFC,1,2,33.0,A,2025.0
542667,2026-04-19,FL1,AS Monaco FC,AJ Auxerre,2,2,30.0,D,2025.0
540670,2026-04-19,BL1,FC Bayern München,VfB Stuttgart,4,2,30.0,H,2025.0
542673,2026-04-19,FL1,RC Strasbourg Alsace,Stade Rennais FC 1901,0,3,30.0,A,2025.0
538113,2026-04-19,PL,Nottingham Forest FC,Burnley FC,4,1,33.0,H,2025.0
538105,2026-04-19,PL,Aston Villa FC,Sunderland AFC,4,3,33.0,H,2025.0
538109,2026-04-19,PL,Everton FC,Liverpool FC,1,2,33.0,A,2025.0
538111,2026-04-19,PL,Manchester City FC,Arsenal FC,2,1,33.0,H,2025.0
540668,2026-04-19,BL1,Borussia Mönchengladbach,1. FSV Mainz 05,1,1,30.0,D,2025.0
542672,2026-04-19,FL1,Paris Saint-Germain FC,Olympique Lyonnais,1,2,30.0,A,2025.0
542669,2026-04-19,FL1,FC Metz,Paris FC,1,3,30.0,A,2025.0
537144,2026-04-20,SA,US Lecce,ACF Fiorentina,1,1,33.0,D,2025.0
538106,2026-04-20,PL,Crystal Palace FC,West Ham United FC,0,0,33.0,D,2025.0
544536,2026-04-21,PD,Real Madrid CF,Deportivo Alavés,2,1,33.0,H,2025.0
538117,2026-04-21,PL,Brighton & Hove Albion FC,Chelsea FC,3,0,34.0,H,2025.0
544538,2026-04-21,PD,Girona FC,Real Betis Balompié,2,3,33.0,A,2025.0
544531,2026-04-21,PD,Athletic Club,CA Osasuna,1,0,33.0,H,2025.0
544534,2026-04-21,PD,RCD Mallorca,Valencia CF,1,1,33.0,D,2025.0
538119,2026-04-22,PL,Burnley FC,Manchester City FC,0,1,34.0,A,2025.0
538115,2026-04-22,PL,AFC Bournemouth,Leeds United FC,2,2,34.0,D,2025.0
542636,2026-04-22,FL1,Paris Saint-Germain FC,FC Nantes,3,0,26.0,H,2025.0
544537,2026-04-22,PD,Elche CF,Club Atlético de Madrid,3,2,33.0,H,2025.0
544532,2026-04-22,PD,FC Barcelona,RC Celta de Vigo,1,0,33.0,H,2025.0
544540,2026-04-22,PD,Real Sociedad de Fútbol,Getafe CF,0,1,33.0,A,2025.0
544535,2026-04-23,PD,Real Oviedo,Villarreal CF,1,1,33.0,D,2025.0
544539,2026-04-23,PD,Rayo Vallecano de Madrid,RCD Espanyol de Barcelona,1,0,33.0,H,2025.0
544533,2026-04-23,PD,Levante UD,Sevilla FC,2,0,33.0,H,2025.0
540682,2026-04-24,BL1,RB Leipzig,1. FC Union Berlin,3,1,31.0,H,2025.0
542683,2026-04-24,FL1,Stade Brestois 29,Racing Club de Lens,3,3,31.0,D,2025.0
537154,2026-04-24,SA,SSC Napoli,US Cremonese,4,0,34.0,H,2025.0
538116,2026-04-24,PL,Sunderland AFC,Nottingham Forest FC,0,5,34.0,A,2025.0
544522,2026-04-24,PD,Real Betis Balompié,Real Madrid CF,1,1,32.0,D,2025.0
537149,2026-04-25,SA,Bologna FC 1909,AS Roma,0,2,34.0,A,2025.0
537153,2026-04-25,SA,Parma Calcio 1913,AC Pisa 1909,1,0,34.0,H,2025.0
544530,2026-04-25,PD,Valencia CF,Girona FC,2,1,32.0,H,2025.0
537151,2026-04-25,SA,Hellas Verona FC,US Lecce,0,0,34.0,D,2025.0
540681,2026-04-25,BL1,VfL Wolfsburg,Borussia Mönchengladbach,0,0,31.0,D,2025.0
540678,2026-04-25,BL1,FC Augsburg,Eintracht Frankfurt,1,1,31.0,D,2025.0
540684,2026-04-25,BL1,Hamburger SV,TSG 1899 Hoffenheim,1,2,31.0,A,2025.0
542679,2026-04-25,FL1,Toulouse FC,AS Monaco FC,2,2,31.0,D,2025.0
542680,2026-04-25,FL1,Olympique Lyonnais,AJ Auxerre,3,2,31.0,H,2025.0
542682,2026-04-25,FL1,Angers SCO,Paris Saint-Germain FC,0,3,31.0,A,2025.0
544521,2026-04-25,PD,Deportivo Alavés,RCD Mallorca,2,1,32.0,H,2025.0
540676,2026-04-25,BL1,1. FSV Mainz 05,FC Bayern München,3,4,31.0,A,2025.0
540683,2026-04-25,BL1,1. FC Heidenheim 1846,FC St. Pauli 1910,2,0,31.0,H,2025.0
544526,2026-04-25,PD,Club Atlético de Madrid,Athletic Club,3,2,32.0,H,2025.0
538120,2026-04-25,PL,Fulham FC,Aston Villa FC,1,0,34.0,H,2025.0
538121,2026-04-25,PL,Liverpool FC,Crystal Palace FC,3,1,34.0,H,2025.0
540677,2026-04-25,BL1,1. FC Köln,Bayer 04 Leverkusen,1,2,31.0,A,2025.0
538124,2026-04-25,PL,Wolverhampton Wanderers FC,Tottenham Hotspur FC,0,1,34.0,A,2025.0
538118,2026-04-25,PL,Arsenal FC,Newcastle United FC,1,0,34.0,H,2025.0
544527,2026-04-25,PD,Getafe CF,FC Barcelona,0,2,32.0,A,2025.0
538123,2026-04-25,PL,West Ham United FC,Everton FC,2,1,34.0,H,2025.0
537146,2026-04-26,SA,AC Milan,Juventus FC,0,0,34.0,D,2025.0
542684,2026-04-26,FL1,Stade Rennais FC 1901,FC Nantes,2,1,31.0,H,2025.0
537150,2026-04-26,SA,Torino FC,FC Internazionale Milano,2,2,34.0,D,2025.0
537148,2026-04-26,SA,Genoa CFC,Como 1907,0,2,34.0,A,2025.0
540679,2026-04-26,BL1,Borussia Dortmund,SC Freiburg,4,0,31.0,H,2025.0
542681,2026-04-26,FL1,Olympique de Marseille,OGC Nice,1,1,31.0,D,2025.0
540680,2026-04-26,BL1,VfB Stuttgart,SV Werder Bremen,1,1,31.0,D,2025.0
544529,2026-04-26,PD,Real Oviedo,Elche CF,1,2,32.0,A,2025.0
542677,2026-04-26,FL1,FC Lorient,RC Strasbourg Alsace,2,3,31.0,A,2025.0
542678,2026-04-26,FL1,Paris FC,Lille OSC,0,1,31.0,A,2025.0
544525,2026-04-26,PD,Rayo Vallecano de Madrid,Real Sociedad de Fútbol,3,3,32.0,D,2025.0
544528,2026-04-26,PD,Villarreal CF,RC Celta de Vigo,2,1,32.0,H,2025.0
544524,2026-04-26,PD,CA Osasuna,Sevilla FC,2,1,32.0,H,2025.0
537145,2026-04-26,SA,ACF Fiorentina,US Sassuolo Calcio,0,0,34.0,D,2025.0
542676,2026-04-26,FL1,Le Havre AC,FC Metz,4,4,31.0,D,2025.0
538122,2026-04-27,PL,Manchester United FC,Brentford FC,2,1,34.0,H,2025.0
537147,2026-04-27,SA,Cagliari Calcio,Atalanta BC,3,2,34.0,H,2025.0
537152,2026-04-27,SA,SS Lazio,Udinese Calcio,3,3,34.0,D,2025.0
544523,2026-04-27,PD,RCD Espanyol de Barcelona,Levante UD,0,0,32.0,D,2025.0
552092,2026-04-28,CL,Paris Saint-Germain FC,FC Bayern München,5,4,1.0,H,2025.0
552093,2026-04-29,CL,Club Atlético de Madrid,Arsenal FC,1,1,1.0,D,2025.0
537161,2026-05-01,SA,AC Pisa 1909,US Lecce,1,2,35.0,A,2025.0
538131,2026-05-01,PL,Leeds United FC,Burnley FC,3,1,35.0,H,2025.0
544546,2026-05-01,PD,Girona FC,RCD Mallorca,0,1,34.0,A,2025.0
538133,2026-05-02,PL,Newcastle United FC,Brighton & Hove Albion FC,3,1,35.0,H,2025.0
538128,2026-05-02,PL,Brentford FC,West Ham United FC,3,0,35.0,H,2025.0
538127,2026-05-02,PL,Arsenal FC,Fulham FC,3,0,35.0,H,2025.0
540692,2026-05-02,BL1,1. FC Union Berlin,1. FC Köln,2,2,32.0,D,2025.0
540690,2026-05-02,BL1,SV Werder Bremen,FC Augsburg,1,3,32.0,A,2025.0
540688,2026-05-02,BL1,TSG 1899 Hoffenheim,VfB Stuttgart,3,3,32.0,D,2025.0
540691,2026-05-02,BL1,FC Bayern München,1. FC Heidenheim 1846,3,3,32.0,D,2025.0
540693,2026-05-02,BL1,Eintracht Frankfurt,Hamburger SV,1,2,32.0,A,2025.0
540687,2026-05-02,BL1,Bayer 04 Leverkusen,RB Leipzig,4,1,32.0,H,2025.0
538134,2026-05-02,PL,Wolverhampton Wanderers FC,Sunderland AFC,1,1,35.0,D,2025.0
542686,2026-05-02,FL1,FC Metz,AS Monaco FC,1,2,32.0,A,2025.0
542689,2026-05-02,FL1,OGC Nice,Racing Club de Lens,1,1,32.0,D,2025.0
537156,2026-05-02,SA,Atalanta BC,Genoa CFC,0,0,35.0,D,2025.0
537157,2026-05-02,SA,Como 1907,SSC Napoli,0,0,35.0,D,2025.0
542692,2026-05-02,FL1,Paris Saint-Germain FC,FC Lorient,2,2,32.0,D,2025.0
537163,2026-05-02,SA,Udinese Calcio,Torino FC,2,0,35.0,H,2025.0
544547,2026-05-02,PD,Valencia CF,Club Atlético de Madrid,0,2,34.0,A,2025.0
542687,2026-05-02,FL1,FC Nantes,Olympique de Marseille,3,0,32.0,H,2025.0
544541,2026-05-02,PD,Deportivo Alavés,Athletic Club,2,4,34.0,A,2025.0
544548,2026-05-02,PD,CA Osasuna,FC Barcelona,1,2,34.0,A,2025.0
544549,2026-05-02,PD,Villarreal CF,Levante UD,5,1,34.0,H,2025.0
542690,2026-05-03,FL1,Olympique Lyonnais,Stade Rennais FC 1901,4,2,32.0,H,2025.0
544544,2026-05-03,PD,RCD Espanyol de Barcelona,Real Madrid CF,0,2,34.0,A,2025.0
544542,2026-05-03,PD,Real Betis Balompié,Real Oviedo,3,0,34.0,H,2025.0
540685,2026-05-03,BL1,Borussia Mönchengladbach,Borussia Dortmund,1,0,32.0,H,2025.0
544543,2026-05-03,PD,RC Celta de Vigo,Elche CF,3,1,34.0,H,2025.0
540686,2026-05-03,BL1,FC St. Pauli 1910,1. FSV Mainz 05,1,2,32.0,A,2025.0
540689,2026-05-03,BL1,SC Freiburg,VfL Wolfsburg,1,1,32.0,D,2025.0
544545,2026-05-03,PD,Getafe CF,Rayo Vallecano de Madrid,0,2,34.0,A,2025.0
538126,2026-05-03,PL,Aston Villa FC,Tottenham Hotspur FC,1,2,35.0,A,2025.0
537160,2026-05-03,SA,Juventus FC,Hellas Verona FC,1,1,35.0,D,2025.0
537162,2026-05-03,SA,US Sassuolo Calcio,AC Milan,2,0,35.0,H,2025.0
537159,2026-05-03,SA,FC Internazionale Milano,Parma Calcio 1913,2,0,35.0,H,2025.0
542693,2026-05-03,FL1,RC Strasbourg Alsace,Toulouse FC,1,2,32.0,A,2025.0
542691,2026-05-03,FL1,Lille OSC,Le Havre AC,1,1,32.0,D,2025.0
542688,2026-05-03,FL1,Paris FC,Stade Brestois 29,4,0,32.0,H,2025.0
538132,2026-05-03,PL,Manchester United FC,Liverpool FC,3,2,35.0,H,2025.0
538125,2026-05-03,PL,AFC Bournemouth,Crystal Palace FC,3,0,35.0,H,2025.0
542685,2026-05-03,FL1,AJ Auxerre,Angers SCO,3,1,32.0,H,2025.0
537158,2026-05-03,SA,Bologna FC 1909,Cagliari Calcio,0,0,35.0,D,2025.0
538129,2026-05-04,PL,Chelsea FC,Nottingham Forest FC,1,3,35.0,A,2025.0
538130,2026-05-04,PL,Everton FC,Manchester City FC,3,3,35.0,D,2025.0
537164,2026-05-04,SA,US Cremonese,SS Lazio,1,2,35.0,A,2025.0
537155,2026-05-04,SA,AS Roma,ACF Fiorentina,4,0,35.0,H,2025.0
544550,2026-05-04,PD,Sevilla FC,Real Sociedad de Fútbol,1,0,34.0,H,2025.0
552095,2026-05-05,CL,Arsenal FC,Club Atlético de Madrid,1,0,2.0,H,2025.0
552094,2026-05-06,CL,FC Bayern München,Paris Saint-Germain FC,1,1,2.0,D,2025.0
542700,2026-05-08,FL1,Racing Club de Lens,FC Nantes,1,0,33.0,H,2025.0
544554,2026-05-08,PD,Levante UD,CA Osasuna,3,2,35.0,H,2025.0
537168,2026-05-08,SA,Torino FC,US Sassuolo Calcio,2,1,36.0,H,2025.0
540696,2026-05-08,BL1,Borussia Dortmund,Eintracht Frankfurt,3,2,33.0,H,2025.0
538135,2026-05-09,PL,Sunderland AFC,Manchester United FC,0,0,36.0,D,2025.0
537170,2026-05-09,SA,SS Lazio,FC Internazionale Milano,0,3,36.0,A,2025.0
537174,2026-05-09,SA,US Lecce,Juventus FC,0,1,36.0,A,2025.0
540701,2026-05-09,BL1,RB Leipzig,FC St. Pauli 1910,2,1,33.0,H,2025.0
540695,2026-05-09,BL1,VfB Stuttgart,Bayer 04 Leverkusen,3,1,33.0,H,2025.0
537167,2026-05-09,SA,Cagliari Calcio,Udinese Calcio,0,2,36.0,A,2025.0
538140,2026-05-09,PL,Liverpool FC,Chelsea FC,1,1,36.0,D,2025.0
538136,2026-05-09,PL,Brighton & Hove Albion FC,Wolverhampton Wanderers FC,3,0,36.0,H,2025.0
540694,2026-05-09,BL1,VfL Wolfsburg,FC Bayern München,0,1,33.0,A,2025.0
538139,2026-05-09,PL,Fulham FC,AFC Bournemouth,0,1,36.0,A,2025.0
540698,2026-05-09,BL1,TSG 1899 Hoffenheim,SV Werder Bremen,1,0,33.0,H,2025.0
540699,2026-05-09,BL1,FC Augsburg,Borussia Mönchengladbach,3,1,33.0,H,2025.0
544557,2026-05-09,PD,Real Sociedad de Fútbol,Real Betis Balompié,2,2,35.0,D,2025.0
544552,2026-05-09,PD,Club Atlético de Madrid,RC Celta de Vigo,0,1,35.0,A,2025.0
544558,2026-05-09,PD,Sevilla FC,RCD Espanyol de Barcelona,2,1,35.0,H,2025.0
544556,2026-05-09,PD,Elche CF,Deportivo Alavés,1,1,35.0,D,2025.0
538141,2026-05-09,PL,Manchester City FC,Brentford FC,3,0,36.0,H,2025.0
542697,2026-05-10,FL1,FC Metz,FC Lorient,0,4,33.0,A,2025.0
538142,2026-05-10,PL,Nottingham Forest FC,Newcastle United FC,1,1,36.0,D,2025.0
544553,2026-05-10,PD,FC Barcelona,Real Madrid CF,2,0,35.0,H,2025.0
538138,2026-05-10,PL,Burnley FC,Aston Villa FC,2,2,36.0,D,2025.0
538137,2026-05-10,PL,Crystal Palace FC,Everton FC,2,2,36.0,D,2025.0
538144,2026-05-10,PL,West Ham United FC,Arsenal FC,0,1,36.0,A,2025.0
542695,2026-05-10,FL1,AJ Auxerre,OGC Nice,2,1,33.0,H,2025.0
544559,2026-05-10,PD,Real Oviedo,Getafe CF,0,0,35.0,D,2025.0
544555,2026-05-10,PD,RCD Mallorca,Villarreal CF,1,1,35.0,D,2025.0
542698,2026-05-10,FL1,Toulouse FC,Olympique Lyonnais,2,1,33.0,H,2025.0
542696,2026-05-10,FL1,AS Monaco FC,Lille OSC,0,1,33.0,A,2025.0
542699,2026-05-10,FL1,Paris Saint-Germain FC,Stade Brestois 29,1,0,33.0,H,2025.0
542694,2026-05-10,FL1,Le Havre AC,Olympique de Marseille,0,1,33.0,A,2025.0
542701,2026-05-10,FL1,Angers SCO,RC Strasbourg Alsace,1,1,33.0,D,2025.0
542702,2026-05-10,FL1,Stade Rennais FC 1901,Paris FC,2,1,33.0,H,2025.0
544551,2026-05-10,PD,Athletic Club,Valencia CF,0,1,35.0,A,2025.0
540700,2026-05-10,BL1,1. FSV Mainz 05,1. FC Union Berlin,1,3,33.0,A,2025.0
537173,2026-05-10,SA,US Cremonese,AC Pisa 1909,3,0,36.0,H,2025.0
537171,2026-05-10,SA,Parma Calcio 1913,AS Roma,2,3,36.0,A,2025.0
537165,2026-05-10,SA,ACF Fiorentina,Genoa CFC,0,0,36.0,D,2025.0
537169,2026-05-10,SA,Hellas Verona FC,Como 1907,0,1,36.0,A,2025.0
540697,2026-05-10,BL1,Hamburger SV,SC Freiburg,3,2,33.0,H,2025.0
540702,2026-05-10,BL1,1. FC Köln,1. FC Heidenheim 1846,1,3,33.0,A,2025.0
537166,2026-05-10,SA,AC Milan,Atalanta BC,2,3,36.0,A,2025.0
538143,2026-05-11,PL,Tottenham Hotspur FC,Leeds United FC,1,1,36.0,D,2025.0
544560,2026-05-11,PD,Rayo Vallecano de Madrid,Girona FC,1,1,35.0,D,2025.0
537172,2026-05-11,SA,SSC Napoli,Bologna FC 1909,2,3,36.0,A,2025.0
544563,2026-05-12,PD,RC Celta de Vigo,Levante UD,2,3,36.0,A,2025.0
544562,2026-05-12,PD,Real Betis Balompié,Elche CF,2,1,36.0,H,2025.0
544567,2026-05-12,PD,CA Osasuna,Club Atlético de Madrid,1,2,36.0,A,2025.0
544561,2026-05-13,PD,Deportivo Alavés,FC Barcelona,1,0,36.0,H,2025.0
542664,2026-05-13,FL1,Racing Club de Lens,Paris Saint-Germain FC,0,2,29.0,A,2025.0
542665,2026-05-13,FL1,Stade Brestois 29,RC Strasbourg Alsace,1,2,29.0,A,2025.0
544566,2026-05-13,PD,RCD Espanyol de Barcelona,Athletic Club,2,0,36.0,H,2025.0
544569,2026-05-13,PD,Villarreal CF,Sevilla FC,2,3,36.0,A,2025.0
544564,2026-05-13,PD,Getafe CF,RCD Mallorca,3,1,36.0,H,2025.0
538091,2026-05-13,PL,Manchester City FC,Crystal Palace FC,3,0,31.0,H,2025.0
544570,2026-05-14,PD,Real Madrid CF,Real Oviedo,2,0,36.0,H,2025.0
544565,2026-05-14,PD,Girona FC,Real Sociedad de Fútbol,1,1,36.0,D,2025.0
544568,2026-05-14,PD,Valencia CF,Rayo Vallecano de Madrid,1,1,36.0,D,2025.0
538146,2026-05-15,PL,Aston Villa FC,Liverpool FC,4,2,37.0,H,2025.0
540706,2026-05-16,BL1,Eintracht Frankfurt,VfB Stuttgart,2,2,34.0,D,2025.0
540704,2026-05-16,BL1,1. FC Heidenheim 1846,1. FSV Mainz 05,0,2,34.0,A,2025.0
540708,2026-05-16,BL1,1. FC Union Berlin,FC Augsburg,4,0,34.0,H,2025.0
540709,2026-05-16,BL1,Borussia Mönchengladbach,TSG 1899 Hoffenheim,4,0,34.0,H,2025.0
540707,2026-05-16,BL1,FC St. Pauli 1910,VfL Wolfsburg,1,3,34.0,A,2025.0
540703,2026-05-16,BL1,SV Werder Bremen,Borussia Dortmund,0,2,34.0,A,2025.0
540710,2026-05-16,BL1,FC Bayern München,1. FC Köln,5,1,34.0,H,2025.0
540705,2026-05-16,BL1,SC Freiburg,RB Leipzig,4,1,34.0,H,2025.0
540711,2026-05-16,BL1,Bayer 04 Leverkusen,Hamburger SV,1,1,34.0,D,2025.0
542703,2026-05-17,FL1,FC Lorient,Le Havre AC,0,2,34.0,A,2025.0
542705,2026-05-17,FL1,Paris FC,Paris Saint-Germain FC,2,1,34.0,H,2025.0
542710,2026-05-17,FL1,RC Strasbourg Alsace,AS Monaco FC,5,4,34.0,H,2025.0
542708,2026-05-17,FL1,Olympique de Marseille,Stade Rennais FC 1901,3,1,34.0,H,2025.0
542709,2026-05-17,FL1,Lille OSC,AJ Auxerre,0,2,34.0,A,2025.0
544578,2026-05-17,PD,Real Oviedo,Deportivo Alavés,0,1,37.0,A,2025.0
542707,2026-05-17,FL1,Olympique Lyonnais,Racing Club de Lens,0,4,34.0,A,2025.0
542711,2026-05-17,FL1,Stade Brestois 29,Angers SCO,1,1,34.0,D,2025.0
544576,2026-05-17,PD,Rayo Vallecano de Madrid,Villarreal CF,2,0,37.0,H,2025.0
544571,2026-05-17,PD,Athletic Club,RC Celta de Vigo,1,1,37.0,D,2025.0
544572,2026-05-17,PD,Club Atlético de Madrid,Girona FC,1,0,37.0,H,2025.0
544574,2026-05-17,PD,Elche CF,Getafe CF,1,0,37.0,H,2025.0
544575,2026-05-17,PD,Levante UD,RCD Mallorca,2,0,37.0,H,2025.0
544573,2026-05-17,PD,FC Barcelona,Real Betis Balompié,3,1,37.0,H,2025.0
538153,2026-05-17,PL,Newcastle United FC,West Ham United FC,3,1,37.0,H,2025.0
542706,2026-05-17,FL1,OGC Nice,FC Metz,0,0,34.0,D,2025.0
544577,2026-05-17,PD,Real Sociedad de Fútbol,Valencia CF,3,4,37.0,A,2025.0
537184,2026-05-17,SA,Udinese Calcio,US Cremonese,0,1,37.0,A,2025.0
544579,2026-05-17,PD,CA Osasuna,RCD Espanyol de Barcelona,1,2,37.0,A,2025.0
537178,2026-05-17,SA,Genoa CFC,AC Milan,1,2,37.0,A,2025.0
537175,2026-05-17,SA,AS Roma,SS Lazio,2,0,37.0,H,2025.0
538154,2026-05-17,PL,Wolverhampton Wanderers FC,Fulham FC,1,1,37.0,D,2025.0
537181,2026-05-17,SA,Juventus FC,ACF Fiorentina,0,2,37.0,A,2025.0
537179,2026-05-17,SA,Como 1907,Parma Calcio 1913,1,0,37.0,H,2025.0
537180,2026-05-17,SA,FC Internazionale Milano,Hellas Verona FC,1,1,37.0,D,2025.0
537176,2026-05-17,SA,Atalanta BC,Bologna FC 1909,0,1,37.0,A,2025.0
537182,2026-05-17,SA,AC Pisa 1909,SSC Napoli,0,3,37.0,A,2025.0
538152,2026-05-17,PL,Manchester United FC,Nottingham Forest FC,3,2,37.0,H,2025.0
544580,2026-05-17,PD,Sevilla FC,Real Madrid CF,0,1,37.0,A,2025.0
538148,2026-05-17,PL,Brentford FC,Crystal Palace FC,2,2,37.0,D,2025.0
538150,2026-05-17,PL,Everton FC,Sunderland AFC,1,3,37.0,A,2025.0
538151,2026-05-17,PL,Leeds United FC,Brighton & Hove Albion FC,1,0,37.0,H,2025.0
537177,2026-05-17,SA,Cagliari Calcio,Torino FC,2,1,37.0,H,2025.0
537183,2026-05-17,SA,US Sassuolo Calcio,US Lecce,2,3,37.0,A,2025.0
538147,2026-05-18,PL,Arsenal FC,Burnley FC,1,0,37.0,H,2025.0
538149,2026-05-19,PL,Chelsea FC,Tottenham Hotspur FC,2,1,37.0,H,2025.0
538145,2026-05-19,PL,AFC Bournemouth,Manchester City FC,1,1,37.0,D,2025.0
537185,2026-05-22,SA,ACF Fiorentina,Atalanta BC,1,1,38.0,D,2025.0
544581,2026-05-23,PD,Deportivo Alavés,Rayo Vallecano de Madrid,1,2,38.0,A,2025.0
537190,2026-05-23,SA,SS Lazio,AC Pisa 1909,2,1,38.0,H,2025.0
544586,2026-05-23,PD,RCD Mallorca,Real Oviedo,3,0,38.0,H,2025.0
544589,2026-05-23,PD,Valencia CF,FC Barcelona,3,1,38.0,H,2025.0
544585,2026-05-23,PD,Getafe CF,CA Osasuna,1,0,38.0,H,2025.0
544587,2026-05-23,PD,Real Madrid CF,Athletic Club,4,2,38.0,H,2025.0
544583,2026-05-23,PD,RC Celta de Vigo,Sevilla FC,1,0,38.0,H,2025.0
544582,2026-05-23,PD,Real Betis Balompié,Levante UD,2,1,38.0,H,2025.0
537187,2026-05-23,SA,Bologna FC 1909,FC Internazionale Milano,3,3,38.0,D,2025.0
544584,2026-05-23,PD,RCD Espanyol de Barcelona,Real Sociedad de Fútbol,1,1,38.0,D,2025.0
544590,2026-05-23,PD,Girona FC,Elche CF,1,1,38.0,D,2025.0
538157,2026-05-24,PL,Crystal Palace FC,Arsenal FC,1,2,38.0,A,2025.0
544588,2026-05-24,PD,Villarreal CF,Club Atlético de Madrid,5,1,38.0,H,2025.0
537193,2026-05-24,SA,US Cremonese,Como 1907,1,4,38.0,A,2025.0
538158,2026-05-24,PL,Burnley FC,Wolverhampton Wanderers FC,1,1,38.0,D,2025.0
538155,2026-05-24,PL,Sunderland AFC,Chelsea FC,2,1,38.0,H,2025.0
538156,2026-05-24,PL,Brighton & Hove Albion FC,Manchester United FC,0,3,38.0,A,2025.0
537189,2026-05-24,SA,Hellas Verona FC,AS Roma,0,2,38.0,A,2025.0
538164,2026-05-24,PL,West Ham United FC,Leeds United FC,3,0,38.0,H,2025.0
538163,2026-05-24,PL,Tottenham Hotspur FC,Everton FC,1,0,38.0,H,2025.0
538162,2026-05-24,PL,Nottingham Forest FC,AFC Bournemouth,1,1,38.0,D,2025.0
538160,2026-05-24,PL,Liverpool FC,Brentford FC,1,1,38.0,D,2025.0
538161,2026-05-24,PL,Manchester City FC,Aston Villa FC,1,2,38.0,A,2025.0
538159,2026-05-24,PL,Fulham FC,Newcastle United FC,2,0,38.0,H,2025.0
537188,2026-05-24,SA,Torino FC,Juventus FC,2,2,38.0,D,2025.0
537194,2026-05-24,SA,US Lecce,Genoa CFC,1,0,38.0,H,2025.0
537192,2026-05-24,SA,SSC Napoli,Udinese Calcio,1,0,38.0,H,2025.0
537191,2026-05-24,SA,Parma Calcio 1913,US Sassuolo Calcio,1,0,38.0,H,2025.0
537186,2026-05-24,SA,AC Milan,Cagliari Calcio,1,2,38.0,A,2025.0
552096,2026-05-30,CL,Paris Saint-Germain FC,Arsenal FC,5,4,,H,2025.0
564633,2026-08-15,PD,Sevilla FC,Rayo Vallecano de Madrid,2,1,1.0,H,2026.0
564634,2026-08-15,PD,Deportivo Alavés,Getafe CF,3,0,1.0,H,2026.0
564632,2026-08-16,PD,RCD Espanyol de Barcelona,Levante UD,3,0,1.0,H,2026.0
564629,2026-08-16,PD,Real Racing Club de Santander,Villarreal CF,2,2,1.0,D,2026.0
564635,2026-08-17,PD,RC Deportivo La Coruña,Elche CF,1,1,1.0,D,2026.0
564628,2026-08-19,PD,Club Atlético de Madrid,Málaga CF,2,0,1.0,H,2026.0
564638,2026-08-20,PD,Rayo Vallecano de Madrid,Deportivo Alavés,1,1,2.0,D,2026.0
560542,2026-08-21,PL,Arsenal FC,Coventry City FC,3,0,1.0,H,2026.0
559715,2026-08-21,FL1,Olympique de Marseille,RC Strasbourg Alsace,4,0,1.0,H,2026.0
564647,2026-08-21,PD,Real Betis Balompié,Real Sociedad de Fútbol,1,0,2.0,H,2026.0
559714,2026-08-22,FL1,ES Troyes AC,Paris FC,0,0,1.0,D,2026.0
564643,2026-08-22,PD,Valencia CF,RC Celta de Vigo,0,0,2.0,D,2026.0
564645,2026-08-22,PD,RCD Espanyol de Barcelona,Real Madrid CF,1,2,2.0,A,2026.0
558629,2026-08-22,SA,Udinese Calcio,Como 1907,1,1,1.0,D,2026.0
558632,2026-08-22,SA,FC Internazionale Milano,AC Monza,4,1,1.0,H,2026.0
558631,2026-08-22,SA,Genoa CFC,SSC Napoli,0,2,1.0,A,2026.0
558636,2026-08-22,SA,Parma Calcio 1913,Cagliari Calcio,0,1,1.0,A,2026.0
559718,2026-08-22,FL1,Toulouse FC,Olympique Lyonnais,0,2,1.0,A,2026.0
560543,2026-08-22,PL,Hull City AFC,Manchester United FC,2,0,1.0,H,2026.0
564641,2026-08-22,PD,Athletic Club,Sevilla FC,1,3,2.0,A,2026.0
559711,2026-08-22,FL1,Le Mans FC,Stade Brestois 29,2,2,1.0,D,2026.0
560546,2026-08-22,PL,Everton FC,Crystal Palace FC,2,0,1.0,H,2026.0
559712,2026-08-22,FL1,Racing Club de Lens,AJ Auxerre,5,2,1.0,H,2026.0
560544,2026-08-22,PL,Ipswich Town FC,Sunderland AFC,2,1,1.0,H,2026.0
560545,2026-08-22,PL,Nottingham Forest FC,Leeds United FC,0,1,1.0,A,2026.0
560547,2026-08-22,PL,Brentford FC,Tottenham Hotspur FC,3,0,1.0,H,2026.0
559716,2026-08-22,FL1,OGC Nice,FC Lorient,0,0,1.0,D,2026.0
564646,2026-08-23,PD,Club Atlético de Madrid,Villarreal CF,2,2,2.0,D,2026.0
560549,2026-08-23,PL,Brighton & Hove Albion FC,Aston Villa FC,4,0,1.0,H,2026.0
560548,2026-08-23,PL,Manchester City FC,AFC Bournemouth,2,1,1.0,H,2026.0
559719,2026-08-23,FL1,Le Havre AC,AS Monaco FC,0,1,1.0,A,2026.0
559717,2026-08-23,FL1,Angers SCO,Lille OSC,0,2,1.0,A,2026.0
564642,2026-08-23,PD,Elche CF,FC Barcelona,0,5,2.0,A,2026.0
559713,2026-08-23,FL1,Stade Rennais FC 1901,Paris Saint-Germain FC,2,2,1.0,D,2026.0
564644,2026-08-23,PD,Getafe CF,Real Racing Club de Santander,1,0,2.0,H,2026.0
558633,2026-08-23,SA,Atalanta BC,US Sassuolo Calcio,2,1,1.0,H,2026.0
558635,2026-08-23,SA,Frosinone Calcio,Juventus FC,0,1,1.0,A,2026.0
560550,2026-08-23,PL,Newcastle United FC,Liverpool FC,2,2,1.0,D,2026.0
558637,2026-08-23,SA,Venezia FC,US Lecce,0,2,1.0,A,2026.0
558634,2026-08-23,SA,Torino FC,AC Milan,1,2,1.0,A,2026.0
564639,2026-08-24,PD,CA Osasuna,Levante UD,0,0,2.0,D,2026.0
558638,2026-08-24,SA,AS Roma,ACF Fiorentina,4,0,1.0,H,2026.0
558630,2026-08-24,SA,Bologna FC 1909,SS Lazio,0,1,1.0,A,2026.0
564640,2026-08-24,PD,Málaga CF,RC Deportivo La Coruña,1,1,2.0,D,2026.0
560551,2026-08-24,PL,Fulham FC,Chelsea FC,2,3,1.0,A,2026.0
564637,2026-08-25,PD,Valencia CF,Real Betis Balompié,0,1,1.0,A,2026.0
564631,2026-08-26,PD,Real Madrid CF,Real Sociedad de Fútbol,4,1,1.0,H,2026.0
564630,2026-08-27,PD,FC Barcelona,Athletic Club,2,0,1.0,H,2026.0
564636,2026-08-27,PD,RC Celta de Vigo,CA Osasuna,1,2,1.0,A,2026.0
564648,2026-08-28,PD,Deportivo Alavés,Villarreal CF,1,0,3.0,H,2026.0
565776,2026-08-28,BL1,FC Bayern München,VfB Stuttgart,5,1,1.0,H,2026.0
564654,2026-08-28,PD,Real Racing Club de Santander,Elche CF,3,2,3.0,H,2026.0
559702,2026-08-28,FL1,Lille OSC,Paris Saint-Germain FC,2,2,2.0,D,2026.0
560555,2026-08-28,PL,Crystal Palace FC,Manchester City FC,1,4,2.0,A,2026.0
558625,2026-08-28,SA,AC Milan,Venezia FC,2,0,2.0,H,2026.0
565778,2026-08-29,BL1,1. FSV Mainz 05,SC Paderborn 07,0,0,1.0,D,2026.0
559705,2026-08-29,FL1,FC Lorient,ES Troyes AC,1,2,2.0,A,2026.0
559704,2026-08-29,FL1,RC Strasbourg Alsace,Racing Club de Lens,2,1,2.0,H,2026.0
559708,2026-08-29,FL1,AJ Auxerre,Angers SCO,1,3,2.0,A,2026.0
558619,2026-08-29,SA,Juventus FC,Parma Calcio 1913,2,0,2.0,H,2026.0
559710,2026-08-29,FL1,Stade Brestois 29,Toulouse FC,2,2,2.0,D,2026.0
558620,2026-08-29,SA,US Sassuolo Calcio,Torino FC,2,1,2.0,H,2026.0
559706,2026-08-29,FL1,Olympique Lyonnais,Le Havre AC,1,1,2.0,D,2026.0
558624,2026-08-29,SA,AC Monza,Udinese Calcio,2,3,2.0,A,2026.0
565781,2026-08-29,BL1,Borussia Dortmund,Hamburger SV,2,0,1.0,H,2026.0
565780,2026-08-29,BL1,SV 07 Elversberg,Bayer 04 Leverkusen,3,2,1.0,H,2026.0
564655,2026-08-29,PD,Levante UD,Real Betis Balompié,5,2,3.0,H,2026.0
560552,2026-08-29,PL,Liverpool FC,Nottingham Forest FC,2,2,2.0,D,2026.0
560560,2026-08-29,PL,AFC Bournemouth,Everton FC,1,1,2.0,D,2026.0
564649,2026-08-29,PD,Sevilla FC,Club Atlético de Madrid,1,3,3.0,A,2026.0
564653,2026-08-29,PD,Real Sociedad de Fútbol,RCD Espanyol de Barcelona,2,1,3.0,H,2026.0
558627,2026-08-29,SA,ACF Fiorentina,Frosinone Calcio,0,3,2.0,A,2026.0
565777,2026-08-29,BL1,RB Leipzig,Borussia Mönchengladbach,3,0,1.0,H,2026.0
565779,2026-08-29,BL1,1. FC Union Berlin,Eintracht Frankfurt,3,3,1.0,D,2026.0
560558,2026-08-29,PL,Tottenham Hotspur FC,Newcastle United FC,0,2,2.0,A,2026.0
560561,2026-08-29,PL,Coventry City FC,Hull City AFC,0,1,2.0,A,2026.0
565783,2026-08-29,BL1,1. FC Köln,TSG 1899 Hoffenheim,3,2,1.0,H,2026.0
559703,2026-08-30,FL1,AS Monaco FC,Olympique de Marseille,2,0,2.0,H,2026.0
560553,2026-08-30,PL,Manchester United FC,Ipswich Town FC,5,2,2.0,H,2026.0
560559,2026-08-30,PL,Leeds United FC,Brentford FC,1,1,2.0,D,2026.0
560554,2026-08-30,PL,Sunderland AFC,Fulham FC,1,0,2.0,H,2026.0
565782,2026-08-30,BL1,FC Augsburg,FC Schalke 04,3,0,1.0,H,2026.0
560556,2026-08-30,PL,Chelsea FC,Brighton & Hove Albion FC,4,3,2.0,H,2026.0
564652,2026-08-30,PD,RC Celta de Vigo,Athletic Club,0,2,3.0,A,2026.0
559709,2026-08-30,FL1,Stade Rennais FC 1901,Le Mans FC,3,2,2.0,H,2026.0
564656,2026-08-30,PD,Real Madrid CF,Málaga CF,4,0,3.0,H,2026.0
565784,2026-08-30,BL1,SC Freiburg,SV Werder Bremen,4,1,1.0,H,2026.0
559707,2026-08-30,FL1,Paris FC,OGC Nice,3,0,2.0,H,2026.0
558623,2026-08-30,SA,Cagliari Calcio,FC Internazionale Milano,0,1,2.0,A,2026.0
558622,2026-08-30,SA,SS Lazio,Genoa CFC,1,0,2.0,H,2026.0
558626,2026-08-30,SA,SSC Napoli,Como 1907,1,2,2.0,A,2026.0
564651,2026-08-30,PD,RC Deportivo La Coruña,Valencia CF,3,1,3.0,H,2026.0
558628,2026-08-31,SA,Atalanta BC,Bologna FC 1909,1,0,2.0,H,2026.0
558621,2026-08-31,SA,US Lecce,AS Roma,0,4,2.0,A,2026.0
564657,2026-08-31,PD,CA Osasuna,Getafe CF,1,0,3.0,H,2026.0
560557,2026-08-31,PL,Aston Villa FC,Arsenal FC,0,1,2.0,A,2026.0
564650,2026-08-31,PD,FC Barcelona,Rayo Vallecano de Madrid,5,2,3.0,H,2026.0
559696,2026-09-03,FL1,Toulouse FC,Lille OSC,0,1,3.0,A,2026.0
564682,2026-09-03,PD,Real Sociedad de Fútbol,RC Celta de Vigo,0,0,6.0,D,2026.0
560566,2026-09-04,PL,Ipswich Town FC,Liverpool FC,0,2,3.0,A,2026.0
559699,2026-09-04,FL1,Olympique Lyonnais,AJ Auxerre,3,1,3.0,H,2026.0
565791,2026-09-04,BL1,VfB Stuttgart,1. FC Köln,4,1,2.0,H,2026.0
559697,2026-09-04,FL1,Paris Saint-Germain FC,AS Monaco FC,1,2,3.0,A,2026.0
564667,2026-09-04,PD,Real Betis Balompié,Real Madrid CF,1,0,4.0,H,2026.0
558609,2026-09-04,SA,Genoa CFC,Como 1907,1,4,3.0,A,2026.0
565792,2026-09-05,BL1,Borussia Mönchengladbach,SV 07 Elversberg,3,4,2.0,A,2026.0
560564,2026-09-05,PL,Brighton & Hove Albion FC,Leeds United FC,1,1,3.0,D,2026.0
560565,2026-09-05,PL,Brentford FC,Sunderland AFC,1,1,3.0,D,2026.0
559695,2026-09-05,FL1,Racing Club de Lens,FC Lorient,0,1,3.0,A,2026.0
560571,2026-09-05,PL,Newcastle United FC,AFC Bournemouth,2,2,3.0,D,2026.0
560568,2026-09-05,PL,Fulham FC,Crystal Palace FC,2,3,3.0,A,2026.0
560562,2026-09-05,PL,Nottingham Forest FC,Tottenham Hotspur FC,0,0,3.0,D,2026.0
560563,2026-09-05,PL,Manchester City FC,Coventry City FC,1,0,3.0,H,2026.0
565789,2026-09-05,BL1,FC Schalke 04,FC Bayern München,0,0,2.0,D,2026.0
565793,2026-09-05,BL1,SC Paderborn 07,SC Freiburg,0,1,2.0,A,2026.0
565790,2026-09-05,BL1,Bayer 04 Leverkusen,1. FC Union Berlin,4,0,2.0,H,2026.0
558616,2026-09-05,SA,ACF Fiorentina,Torino FC,1,2,3.0,A,2026.0
560569,2026-09-05,PL,Hull City AFC,Aston Villa FC,0,0,3.0,D,2026.0
564660,2026-09-05,PD,Rayo Vallecano de Madrid,Real Racing Club de Santander,3,2,4.0,H,2026.0
565787,2026-09-05,BL1,TSG 1899 Hoffenheim,Borussia Dortmund,2,3,2.0,A,2026.0
558611,2026-09-05,SA,AS Roma,Atalanta BC,2,1,3.0,H,2026.0
558614,2026-09-05,SA,FC Internazionale Milano,SSC Napoli,3,2,3.0,H,2026.0
564662,2026-09-05,PD,Villarreal CF,RC Deportivo La Coruña,2,3,4.0,A,2026.0
559693,2026-09-05,FL1,Le Havre AC,Stade Brestois 29,1,2,3.0,A,2026.0
559701,2026-09-05,FL1,OGC Nice,Le Mans FC,1,1,3.0,D,2026.0
564663,2026-09-05,PD,Athletic Club,Club Atlético de Madrid,3,0,4.0,H,2026.0
565785,2026-09-05,BL1,SV Werder Bremen,RB Leipzig,3,1,2.0,H,2026.0
565788,2026-09-06,BL1,Hamburger SV,1. FSV Mainz 05,0,5,2.0,A,2026.0
560570,2026-09-06,PL,Arsenal FC,Chelsea FC,2,1,3.0,H,2026.0
559698,2026-09-06,FL1,Angers SCO,Stade Rennais FC 1901,1,2,3.0,A,2026.0
559694,2026-09-06,FL1,Olympique de Marseille,Paris FC,2,3,3.0,A,2026.0
560567,2026-09-06,PL,Everton FC,Manchester United FC,2,2,3.0,D,2026.0
558612,2026-09-06,SA,Parma Calcio 1913,AC Monza,1,1,3.0,D,2026.0
558613,2026-09-06,SA,Bologna FC 1909,US Sassuolo Calcio,2,2,3.0,D,2026.0
559700,2026-09-06,FL1,ES Troyes AC,RC Strasbourg Alsace,2,6,3.0,A,2026.0
565786,2026-09-06,BL1,Eintracht Frankfurt,FC Augsburg,1,4,2.0,A,2026.0
558618,2026-09-06,SA,Juventus FC,AC Milan,1,1,3.0,D,2026.0
558615,2026-09-06,SA,Frosinone Calcio,Venezia FC,3,2,3.0,H,2026.0
564659,2026-09-06,PD,Valencia CF,FC Barcelona,0,5,4.0,A,2026.0
564664,2026-09-06,PD,Deportivo Alavés,CA Osasuna,5,2,4.0,H,2026.0
564666,2026-09-06,PD,Málaga CF,Levante UD,0,0,4.0,D,2026.0
564661,2026-09-06,PD,RCD Espanyol de Barcelona,Sevilla FC,1,1,4.0,D,2026.0
558610,2026-09-07,SA,Cagliari Calcio,US Lecce,1,0,3.0,H,2026.0
558617,2026-09-07,SA,Udinese Calcio,SS Lazio,1,2,3.0,A,2026.0
564665,2026-09-07,PD,Getafe CF,RC Celta de Vigo,1,1,4.0,D,2026.0
564658,2026-09-07,PD,Elche CF,Real Sociedad de Fútbol,2,3,4.0,A,2026.0
575324,2026-09-08,CL,PAE AEK,LASK Linz,1,0,1.0,H,2026.0
575323,2026-09-08,CL,Club Brugge KV,Aston Villa FC,2,3,1.0,A,2026.0
575325,2026-09-08,CL,Real Madrid CF,FC Internazionale Milano,2,1,1.0,H,2026.0
575326,2026-09-08,CL,FC Porto,Manchester City FC,0,2,1.0,A,2026.0
575327,2026-09-08,CL,Borussia Dortmund,Villarreal CF,3,2,1.0,H,2026.0
575328,2026-09-08,CL,Lille OSC,Real Betis Balompié,2,3,1.0,A,2026.0
575329,2026-09-09,CL,FC Barcelona,Feyenoord Rotterdam,5,1,1.0,H,2026.0
575330,2026-09-09,CL,VfB Stuttgart,Viking FK,3,1,1.0,H,2026.0
575331,2026-09-09,CL,Liverpool FC,Club Atlético de Madrid,2,1,1.0,H,2026.0
575333,2026-09-09,CL,SSC Napoli,Arsenal FC,0,1,1.0,A,2026.0
575334,2026-09-09,CL,Sporting Clube de Portugal,Galatasaray SK,3,1,1.0,H,2026.0
575332,2026-09-09,CL,Paris Saint-Germain FC,ŠK Slovan Bratislava,6,1,1.0,H,2026.0
575335,2026-09-10,CL,Fenerbahçe SK,AS Roma,1,1,1.0,D,2026.0
575336,2026-09-10,CL,PSV,FK Shakhtar Donetsk,1,1,1.0,D,2026.0
575337,2026-09-10,CL,FC Bayern München,FK Bodø/Glimt,5,0,1.0,H,2026.0
575338,2026-09-10,CL,Manchester United FC,Sabah FK,4,0,1.0,H,2026.0
575339,2026-09-10,CL,Como 1907,RB Leipzig,4,1,1.0,H,2026.0
575340,2026-09-10,CL,SK Slavia Praha,Racing Club de Lens,2,3,1.0,A,2026.0
559689,2026-09-11,FL1,Stade Rennais FC 1901,Olympique de Marseille,1,0,4.0,H,2026.0
564669,2026-09-11,PD,Sevilla FC,Valencia CF,1,0,5.0,H,2026.0
558606,2026-09-11,SA,Venezia FC,ACF Fiorentina,2,4,4.0,A,2026.0
565797,2026-09-11,BL1,1. FC Union Berlin,FC Schalke 04,1,3,3.0,A,2026.0
560581,2026-09-12,PL,Chelsea FC,Hull City AFC,2,2,4.0,D,2026.0
560572,2026-09-12,PL,Crystal Palace FC,Ipswich Town FC,2,3,4.0,A,2026.0
560573,2026-09-12,PL,Liverpool FC,Fulham FC,0,0,4.0,D,2026.0
560574,2026-09-12,PL,Aston Villa FC,Nottingham Forest FC,1,2,4.0,A,2026.0
559692,2026-09-12,FL1,Paris FC,Olympique Lyonnais,0,0,4.0,D,2026.0
559690,2026-09-12,FL1,Le Havre AC,Angers SCO,0,0,4.0,D,2026.0
559688,2026-09-12,FL1,AJ Auxerre,OGC Nice,1,0,4.0,H,2026.0
559684,2026-09-12,FL1,FC Lorient,Toulouse FC,2,2,4.0,D,2026.0
559687,2026-09-12,FL1,RC Strasbourg Alsace,AS Monaco FC,1,1,4.0,D,2026.0
558607,2026-09-12,SA,Atalanta BC,Cagliari Calcio,1,2,4.0,A,2026.0
560576,2026-09-12,PL,AFC Bournemouth,Brentford FC,2,2,4.0,D,2026.0
560575,2026-09-12,PL,Tottenham Hotspur FC,Everton FC,0,0,4.0,D,2026.0
560577,2026-09-12,PL,Sunderland AFC,Arsenal FC,0,2,4.0,A,2026.0
564673,2026-09-12,PD,CA Osasuna,RCD Espanyol de Barcelona,0,2,5.0,A,2026.0
558600,2026-09-12,SA,SS Lazio,AC Milan,2,2,4.0,D,2026.0
565802,2026-09-12,BL1,SC Freiburg,Borussia Mönchengladbach,5,0,3.0,H,2026.0
564670,2026-09-12,PD,Real Racing Club de Santander,Deportivo Alavés,2,1,5.0,H,2026.0
565794,2026-09-12,BL1,TSG 1899 Hoffenheim,VfB Stuttgart,2,1,3.0,H,2026.0
565795,2026-09-12,BL1,Borussia Dortmund,SC Paderborn 07,3,0,3.0,H,2026.0
564676,2026-09-12,PD,Athletic Club,Elche CF,1,1,5.0,D,2026.0
565801,2026-09-12,BL1,1. FSV Mainz 05,Eintracht Frankfurt,1,3,3.0,A,2026.0
565798,2026-09-12,BL1,1. FC Köln,SV Werder Bremen,1,1,3.0,D,2026.0
558604,2026-09-12,SA,Genoa CFC,Frosinone Calcio,1,1,4.0,D,2026.0
564677,2026-09-12,PD,Real Madrid CF,Rayo Vallecano de Madrid,4,1,5.0,H,2026.0
565796,2026-09-12,BL1,FC Augsburg,Bayer 04 Leverkusen,2,2,3.0,D,2026.0
558599,2026-09-13,SA,SSC Napoli,Bologna FC 1909,1,0,4.0,H,2026.0
564674,2026-09-13,PD,Real Sociedad de Fútbol,Club Atlético de Madrid,0,3,5.0,A,2026.0
559686,2026-09-13,FL1,Le Mans FC,Racing Club de Lens,2,2,4.0,D,2026.0
559685,2026-09-13,FL1,Lille OSC,ES Troyes AC,2,0,4.0,H,2026.0
559691,2026-09-13,FL1,Stade Brestois 29,Paris Saint-Germain FC,0,1,4.0,A,2026.0
558608,2026-09-13,SA,US Sassuolo Calcio,Juventus FC,3,2,4.0,H,2026.0
558605,2026-09-13,SA,US Lecce,AC Monza,3,2,4.0,H,2026.0
565800,2026-09-13,BL1,SV 07 Elversberg,FC Bayern München,1,2,3.0,A,2026.0
564668,2026-09-13,PD,Getafe CF,RC Deportivo La Coruña,1,1,5.0,D,2026.0
564675,2026-09-13,PD,Levante UD,FC Barcelona,2,4,5.0,A,2026.0
564672,2026-09-13,PD,RC Celta de Vigo,Málaga CF,1,1,5.0,D,2026.0
560578,2026-09-13,PL,Coventry City FC,Brighton & Hove Albion FC,0,5,4.0,A,2026.0
560580,2026-09-13,PL,Manchester United FC,Manchester City FC,0,1,4.0,A,2026.0
565799,2026-09-13,BL1,RB Leipzig,Hamburger SV,5,0,3.0,H,2026.0
560579,2026-09-14,PL,Leeds United FC,Newcastle United FC,4,1,4.0,H,2026.0
558601,2026-09-14,SA,FC Internazionale Milano,Udinese Calcio,5,3,4.0,H,2026.0
558602,2026-09-14,SA,Como 1907,Parma Calcio 1913,2,1,4.0,H,2026.0
558603,2026-09-14,SA,Torino FC,AS Roma,0,2,4.0,A,2026.0
564671,2026-09-14,PD,Villarreal CF,Real Betis Balompié,1,2,5.0,A,2026.0
564681,2026-09-15,PD,Elche CF,Real Madrid CF,2,3,6.0,A,2026.0
564678,2026-09-15,PD,Rayo Vallecano de Madrid,RCD Espanyol de Barcelona,2,1,6.0,H,2026.0
564680,2026-09-15,PD,Deportivo Alavés,Valencia CF,0,1,6.0,A,2026.0
564679,2026-09-16,PD,RC Deportivo La Coruña,Sevilla FC,0,1,6.0,A,2026.0
564684,2026-09-16,PD,Club Atlético de Madrid,CA Osasuna,4,0,6.0,H,2026.0
564687,2026-09-16,PD,FC Barcelona,Real Racing Club de Santander,7,2,6.0,H,2026.0
564686,2026-09-17,PD,Real Betis Balompié,Getafe CF,1,0,6.0,H,2026.0
564683,2026-09-17,PD,Málaga CF,Villarreal CF,1,3,6.0,A,2026.0
564692,2026-09-18,PD,RCD Espanyol de Barcelona,Elche CF,1,3,7.0,A,2026.0
565804,2026-09-18,BL1,FC Bayern München,1. FC Union Berlin,7,0,4.0,H,2026.0
560591,2026-09-18,PL,Brentford FC,Chelsea FC,3,0,5.0,H,2026.0
558596,2026-09-18,SA,AC Monza,US Sassuolo Calcio,2,1,5.0,H,2026.0
559682,2026-09-18,FL1,AS Monaco FC,Racing Club de Lens,2,1,5.0,H,2026.0
558593,2026-09-19,SA,AS Roma,FC Internazionale Milano,2,2,5.0,D,2026.0
558589,2026-09-19,SA,Udinese Calcio,Cagliari Calcio,0,1,5.0,A,2026.0
565808,2026-09-19,BL1,Hamburger SV,1. FC Köln,2,1,4.0,H,2026.0
558594,2026-09-19,SA,Venezia FC,SS Lazio,0,2,5.0,A,2026.0
560588,2026-09-19,PL,Newcastle United FC,Hull City AFC,2,1,5.0,H,2026.0
560586,2026-09-19,PL,Brighton & Hove Albion FC,Arsenal FC,3,0,5.0,H,2026.0
560584,2026-09-19,PL,Everton FC,Ipswich Town FC,1,0,5.0,H,2026.0
560589,2026-09-19,PL,Nottingham Forest FC,Coventry City FC,0,1,5.0,A,2026.0
559681,2026-09-19,FL1,Angers SCO,ES Troyes AC,2,0,5.0,H,2026.0
565809,2026-09-19,BL1,Borussia Mönchengladbach,1. FSV Mainz 05,3,4,4.0,A,2026.0
559679,2026-09-19,FL1,Paris FC,RC Strasbourg Alsace,2,1,5.0,H,2026.0
558598,2026-09-19,SA,Bologna FC 1909,Torino FC,1,1,5.0,D,2026.0
559680,2026-09-19,FL1,Toulouse FC,Le Havre AC,3,2,5.0,H,2026.0
559677,2026-09-19,FL1,Le Mans FC,FC Lorient,2,1,5.0,H,2026.0
565810,2026-09-19,BL1,SV Werder Bremen,FC Augsburg,3,2,4.0,H,2026.0
565811,2026-09-19,BL1,Eintracht Frankfurt,SC Freiburg,2,2,4.0,D,2026.0
565806,2026-09-19,BL1,VfB Stuttgart,Borussia Dortmund,0,1,4.0,A,2026.0
560587,2026-09-19,PL,Tottenham Hotspur FC,Aston Villa FC,2,3,5.0,A,2026.0
564691,2026-09-19,PD,Athletic Club,Deportivo Alavés,0,0,7.0,D,2026.0
564693,2026-09-19,PD,CA Osasuna,Rayo Vallecano de Madrid,1,1,7.0,D,2026.0
564690,2026-09-19,PD,Sevilla FC,FC Barcelona,1,3,7.0,A,2026.0
559683,2026-09-19,FL1,Olympique Lyonnais,Stade Rennais FC 1901,4,0,5.0,H,2026.0
564694,2026-09-19,PD,RC Celta de Vigo,Real Racing Club de Santander,5,0,7.0,H,2026.0
564695,2026-09-20,PD,RC Deportivo La Coruña,Real Betis Balompié,1,1,7.0,D,2026.0
558591,2026-09-20,SA,ACF Fiorentina,SSC Napoli,1,1,5.0,D,2026.0
559678,2026-09-20,FL1,OGC Nice,Lille OSC,2,1,5.0,H,2026.0
559676,2026-09-20,FL1,AJ Auxerre,Stade Brestois 29,2,1,5.0,H,2026.0
558592,2026-09-20,SA,Frosinone Calcio,Como 1907,2,0,5.0,H,2026.0
558597,2026-09-20,SA,AC Milan,US Lecce,3,0,5.0,H,2026.0
560585,2026-09-20,PL,Leeds United FC,Crystal Palace FC,0,0,5.0,D,2026.0
560582,2026-09-20,PL,AFC Bournemouth,Liverpool FC,0,1,5.0,A,2026.0
564696,2026-09-20,PD,Villarreal CF,Levante UD,3,1,7.0,H,2026.0
565803,2026-09-20,BL1,SC Paderborn 07,TSG 1899 Hoffenheim,3,1,4.0,H,2026.0
564688,2026-09-20,PD,Club Atlético de Madrid,Real Madrid CF,2,1,7.0,H,2026.0
564689,2026-09-20,PD,Valencia CF,Real Sociedad de Fútbol,2,3,7.0,A,2026.0
559675,2026-09-20,FL1,Olympique de Marseille,Paris Saint-Germain FC,1,2,5.0,A,2026.0
565807,2026-09-20,BL1,Bayer 04 Leverkusen,RB Leipzig,2,0,4.0,H,2026.0
565805,2026-09-20,BL1,FC Schalke 04,SV 07 Elversberg,0,0,4.0,D,2026.0
560583,2026-09-20,PL,Fulham FC,Manchester United FC,1,1,5.0,D,2026.0
558595,2026-09-20,SA,Juventus FC,Atalanta BC,2,0,5.0,H,2026.0
558590,2026-09-20,SA,Parma Calcio 1913,Genoa CFC,2,1,5.0,H,2026.0
564697,2026-09-20,PD,Getafe CF,Málaga CF,1,0,7.0,H,2026.0
560590,2026-09-20,PL,Manchester City FC,Sunderland AFC,5,3,5.0,H,2026.0
