match_id,date,league,home_team,away_team,home_goals,away_goals,matchday,result,season
441482,2023-08-11,DED,FC Volendam,SBV Vitesse,1,2,1,A,2023
445409,2023-08-11,PPL,Sporting Clube de Braga,FC Famalicão,1,2,1,A,2023
441485,2023-08-12,DED,AFC Ajax,Heracles Almelo,4,1,1,H,2023
441486,2023-08-12,DED,PEC Zwolle,Sparta Rotterdam,1,2,1,A,2023
441483,2023-08-12,DED,PSV,FC Utrecht,2,0,1,H,2023
441484,2023-08-12,DED,SC Heerenveen,RKC Waalwijk,3,1,1,H,2023
445407,2023-08-12,PPL,Gil Vicente FC,Portimonense SC,5,0,1,H,2023
445408,2023-08-12,PPL,SC Farense,Casa Pia AC,0,3,1,A,2023
445410,2023-08-12,PPL,Sporting Clube de Portugal,FC Vizela,3,2,1,H,2023
441489,2023-08-13,DED,AZ,Go Ahead Eagles,5,1,1,H,2023
441490,2023-08-13,DED,Almere City FC,FC Twente '65,1,4,1,A,2023
441488,2023-08-13,DED,Feyenoord Rotterdam,Fortuna Sittard,0,0,1,D,2023
441487,2023-08-13,DED,NEC,SBV Excelsior,3,4,1,A,2023
445403,2023-08-13,PPL,CF Estrela da Amadora,Vitória SC,0,1,1,A,2023
445404,2023-08-13,PPL,FC Arouca,GD Estoril Praia,4,3,1,H,2023
445406,2023-08-13,PPL,Rio Ave FC,GD Chaves,2,0,1,H,2023
445402,2023-08-14,PPL,Boavista FC,Sport Lisboa e Benfica,3,2,1,H,2023
445405,2023-08-14,PPL,Moreirense FC,FC Porto,1,2,1,A,2023
441491,2023-08-18,DED,Heracles Almelo,NEC,2,1,2,H,2023
445412,2023-08-18,PPL,Casa Pia AC,Sporting Clube de Portugal,1,2,2,A,2023
441494,2023-08-19,DED,Fortuna Sittard,Almere City FC,2,1,2,H,2023
441496,2023-08-19,DED,Go Ahead Eagles,FC Volendam,4,1,2,H,2023
441495,2023-08-19,DED,SBV Excelsior,AFC Ajax,2,2,2,D,2023
441493,2023-08-19,DED,SBV Vitesse,PSV,1,3,2,A,2023
445416,2023-08-19,PPL,GD Chaves,Sporting Clube de Braga,2,4,2,A,2023
445418,2023-08-19,PPL,Portimonense SC,Boavista FC,1,4,2,A,2023
445411,2023-08-19,PPL,Sport Lisboa e Benfica,CF Estrela da Amadora,2,0,2,H,2023
445419,2023-08-19,PPL,Vitória SC,Gil Vicente FC,2,1,2,H,2023
441498,2023-08-20,DED,FC Twente '65,PEC Zwolle,3,1,2,H,2023
441492,2023-08-20,DED,FC Utrecht,SC Heerenveen,0,2,2,A,2023
441499,2023-08-20,DED,RKC Waalwijk,AZ,1,3,2,A,2023
441497,2023-08-20,DED,Sparta Rotterdam,Feyenoord Rotterdam,2,2,2,D,2023
445414,2023-08-20,PPL,FC Porto,SC Farense,2,1,2,H,2023
445415,2023-08-20,PPL,FC Vizela,FC Arouca,2,2,2,D,2023
445417,2023-08-20,PPL,GD Estoril Praia,Rio Ave FC,2,0,2,H,2023
445413,2023-08-21,PPL,FC Famalicão,Moreirense FC,0,0,2,D,2023
445421,2023-08-25,PPL,CF Estrela da Amadora,GD Estoril Praia,2,1,3,H,2023
441500,2023-08-26,DED,NEC,RKC Waalwijk,3,0,3,H,2023
441502,2023-08-26,DED,SBV Excelsior,Fortuna Sittard,2,2,3,D,2023
445422,2023-08-26,PPL,FC Arouca,Portimonense SC,1,1,3,D,2023
445425,2023-08-26,PPL,Gil Vicente FC,Sport Lisboa e Benfica,2,3,3,A,2023
445426,2023-08-26,PPL,SC Farense,GD Chaves,5,0,3,H,2023
441504,2023-08-27,DED,Feyenoord Rotterdam,Almere City FC,6,1,3,H,2023
441503,2023-08-27,DED,PEC Zwolle,FC Utrecht,1,0,3,H,2023
441505,2023-08-27,DED,SC Heerenveen,Sparta Rotterdam,1,3,3,A,2023
445420,2023-08-27,PPL,Boavista FC,Casa Pia AC,1,1,3,D,2023
445427,2023-08-27,PPL,Sporting Clube de Portugal,FC Famalicão,1,0,3,H,2023
445428,2023-08-27,PPL,Vitória SC,FC Vizela,2,0,3,H,2023
445424,2023-08-28,PPL,Rio Ave FC,FC Porto,1,2,3,A,2023
441509,2023-09-01,DED,Sparta Rotterdam,NEC,1,1,4,D,2023
445433,2023-09-01,PPL,FC Vizela,Gil Vicente FC,1,0,4,H,2023
441510,2023-09-02,DED,Almere City FC,PEC Zwolle,1,2,4,A,2023
441511,2023-09-02,DED,Go Ahead Eagles,SC Heerenveen,3,2,4,H,2023
441513,2023-09-02,DED,Heracles Almelo,SBV Excelsior,3,1,4,H,2023
441512,2023-09-02,DED,RKC Waalwijk,PSV,0,4,4,A,2023
445430,2023-09-02,PPL,Casa Pia AC,Rio Ave FC,1,1,4,D,2023
445431,2023-09-02,PPL,FC Famalicão,SC Farense,1,0,4,H,2023
445436,2023-09-02,PPL,Portimonense SC,CF Estrela da Amadora,1,1,4,D,2023
445429,2023-09-02,PPL,Sport Lisboa e Benfica,Vitória SC,4,0,4,H,2023
441514,2023-09-03,DED,FC Utrecht,Feyenoord Rotterdam,1,5,4,A,2023
441516,2023-09-03,DED,FC Volendam,FC Twente '65,0,2,4,A,2023
441515,2023-09-03,DED,Fortuna Sittard,AFC Ajax,0,0,4,D,2023
441517,2023-09-03,DED,SBV Vitesse,AZ,0,2,4,A,2023
445432,2023-09-03,PPL,FC Porto,FC Arouca,1,1,4,D,2023
445434,2023-09-03,PPL,GD Chaves,Moreirense FC,1,2,4,A,2023
445435,2023-09-03,PPL,GD Estoril Praia,Boavista FC,1,2,4,A,2023
445437,2023-09-03,PPL,Sporting Clube de Braga,Sporting Clube de Portugal,1,1,4,D,2023
445423,2023-09-09,PPL,Moreirense FC,Sporting Clube de Braga,2,3,3,A,2023
445439,2023-09-15,PPL,CF Estrela da Amadora,FC Porto,0,1,5,A,2023
441518,2023-09-16,DED,Feyenoord Rotterdam,SC Heerenveen,6,1,5,H,2023
441521,2023-09-16,DED,Fortuna Sittard,FC Volendam,3,1,5,H,2023
441522,2023-09-16,DED,Heracles Almelo,FC Utrecht,1,3,5,A,2023
441520,2023-09-16,DED,PSV,NEC,4,0,5,H,2023
441519,2023-09-16,DED,SBV Vitesse,RKC Waalwijk,0,2,5,A,2023
445442,2023-09-16,PPL,FC Vizela,Sport Lisboa e Benfica,1,2,5,A,2023
445441,2023-09-16,PPL,Rio Ave FC,FC Famalicão,1,1,5,D,2023
445444,2023-09-16,PPL,SC Farense,Sporting Clube de Braga,3,1,5,H,2023
441526,2023-09-17,DED,AZ,Sparta Rotterdam,2,0,5,H,2023
441524,2023-09-17,DED,FC Twente '65,AFC Ajax,3,1,5,H,2023
441523,2023-09-17,DED,PEC Zwolle,Go Ahead Eagles,1,1,5,D,2023
441525,2023-09-17,DED,SBV Excelsior,Almere City FC,0,0,5,D,2023
445440,2023-09-17,PPL,FC Arouca,Casa Pia AC,0,1,5,A,2023
445443,2023-09-17,PPL,Gil Vicente FC,GD Estoril Praia,5,3,5,H,2023
445445,2023-09-17,PPL,Sporting Clube de Portugal,Moreirense FC,3,0,5,H,2023
445446,2023-09-17,PPL,Vitória SC,Portimonense SC,1,2,5,A,2023
445438,2023-09-18,PPL,Boavista FC,GD Chaves,4,1,5,H,2023
441527,2023-09-22,DED,Go Ahead Eagles,Fortuna Sittard,3,0,6,H,2023
445448,2023-09-22,PPL,FC Famalicão,FC Arouca,1,0,6,H,2023
441530,2023-09-23,DED,Almere City FC,PSV,0,4,6,A,2023
441528,2023-09-23,DED,FC Volendam,Heracles Almelo,2,2,6,D,2023
441529,2023-09-23,DED,NEC,FC Utrecht,3,0,6,H,2023
441531,2023-09-23,DED,SC Heerenveen,SBV Excelsior,0,3,6,A,2023
445447,2023-09-23,PPL,Casa Pia AC,Vitória SC,0,0,6,D,2023
445450,2023-09-23,PPL,FC Porto,Gil Vicente FC,2,1,6,H,2023
445452,2023-09-23,PPL,GD Estoril Praia,FC Vizela,2,2,6,D,2023
445449,2023-09-23,PPL,Moreirense FC,SC Farense,1,0,6,H,2023
441535,2023-09-24,DED,PEC Zwolle,AZ,0,3,6,A,2023
441534,2023-09-24,DED,RKC Waalwijk,FC Twente '65,1,0,6,H,2023
441532,2023-09-24,DED,Sparta Rotterdam,SBV Vitesse,1,0,6,H,2023
445451,2023-09-24,PPL,GD Chaves,CF Estrela da Amadora,2,2,6,D,2023
445453,2023-09-24,PPL,Portimonense SC,Sport Lisboa e Benfica,1,3,6,A,2023
445454,2023-09-24,PPL,Sporting Clube de Braga,Boavista FC,4,1,6,H,2023
445455,2023-09-25,PPL,Sporting Clube de Portugal,Rio Ave FC,2,0,6,H,2023
441533,2023-09-27,DED,AFC Ajax,Feyenoord Rotterdam,0,4,6,A,2023
441506,2023-09-27,DED,FC Twente '65,SBV Vitesse,1,0,3,H,2023
441501,2023-09-27,DED,PSV,Go Ahead Eagles,3,0,3,H,2023
441508,2023-09-28,DED,AZ,Heracles Almelo,1,1,3,D,2023
445458,2023-09-28,PPL,CF Estrela da Amadora,Sporting Clube de Braga,2,4,7,A,2023
445456,2023-09-29,PPL,Sport Lisboa e Benfica,FC Porto,1,0,7,H,2023
441539,2023-09-30,DED,FC Twente '65,SC Heerenveen,1,0,7,H,2023
441537,2023-09-30,DED,FC Utrecht,Almere City FC,0,2,7,A,2023
441536,2023-09-30,DED,Feyenoord Rotterdam,Go Ahead Eagles,3,1,7,H,2023
441538,2023-09-30,DED,PSV,FC Volendam,3,1,7,H,2023
445457,2023-09-30,PPL,Boavista FC,FC Famalicão,2,2,7,D,2023
445461,2023-09-30,PPL,FC Vizela,Portimonense SC,2,3,7,A,2023
445463,2023-09-30,PPL,SC Farense,Sporting Clube de Portugal,2,3,7,A,2023
441544,2023-10-01,DED,AZ,Fortuna Sittard,4,0,7,H,2023
441543,2023-10-01,DED,Heracles Almelo,PEC Zwolle,2,1,7,H,2023
441541,2023-10-01,DED,NEC,SBV Vitesse,1,2,7,A,2023
441542,2023-10-01,DED,SBV Excelsior,Sparta Rotterdam,2,1,7,H,2023
445459,2023-10-01,PPL,FC Arouca,GD Chaves,0,2,7,A,2023
445460,2023-10-01,PPL,Rio Ave FC,Moreirense FC,0,4,7,A,2023
445464,2023-10-01,PPL,Vitória SC,GD Estoril Praia,3,2,7,H,2023
445462,2023-10-02,PPL,Gil Vicente FC,Casa Pia AC,2,0,7,H,2023
441545,2023-10-06,DED,FC Volendam,FC Utrecht,1,0,8,H,2023
445467,2023-10-06,PPL,Moreirense FC,Boavista FC,1,1,8,D,2023
441547,2023-10-07,DED,Almere City FC,RKC Waalwijk,1,0,8,H,2023
441548,2023-10-07,DED,Go Ahead Eagles,Heracles Almelo,4,0,8,H,2023
441549,2023-10-07,DED,SBV Vitesse,SBV Excelsior,0,0,8,D,2023
441546,2023-10-07,DED,SC Heerenveen,NEC,1,1,8,D,2023
445469,2023-10-07,PPL,GD Chaves,Gil Vicente FC,4,2,8,H,2023
445470,2023-10-07,PPL,GD Estoril Praia,Sport Lisboa e Benfica,0,1,8,A,2023
445471,2023-10-07,PPL,SC Farense,FC Vizela,0,0,8,D,2023
445472,2023-10-07,PPL,Sporting Clube de Braga,Rio Ave FC,2,1,8,H,2023
441552,2023-10-08,DED,AFC Ajax,AZ,1,2,8,A,2023
441551,2023-10-08,DED,Fortuna Sittard,FC Twente '65,0,3,8,A,2023
441550,2023-10-08,DED,PEC Zwolle,Feyenoord Rotterdam,0,2,8,A,2023
441553,2023-10-08,DED,Sparta Rotterdam,PSV,0,4,8,A,2023
445465,2023-10-08,PPL,Casa Pia AC,CF Estrela da Amadora,0,1,8,A,2023
445466,2023-10-08,PPL,FC Famalicão,Vitória SC,1,3,8,A,2023
445468,2023-10-08,PPL,FC Porto,Portimonense SC,1,0,8,H,2023
445473,2023-10-08,PPL,Sporting Clube de Portugal,FC Arouca,2,1,8,H,2023
441557,2023-10-21,DED,AZ,SC Heerenveen,3,0,9,H,2023
441554,2023-10-21,DED,Feyenoord Rotterdam,SBV Vitesse,4,0,9,H,2023
441558,2023-10-21,DED,NEC,Almere City FC,1,1,9,D,2023
441556,2023-10-21,DED,PSV,Fortuna Sittard,3,1,9,H,2023
441555,2023-10-21,DED,RKC Waalwijk,FC Volendam,2,1,9,H,2023
441559,2023-10-22,DED,FC Utrecht,AFC Ajax,4,3,9,H,2023
441562,2023-10-22,DED,Go Ahead Eagles,Sparta Rotterdam,0,0,9,D,2023
441560,2023-10-22,DED,Heracles Almelo,FC Twente '65,2,2,9,D,2023
441561,2023-10-22,DED,SBV Excelsior,PEC Zwolle,2,4,9,A,2023
441563,2023-10-27,DED,SBV Vitesse,PEC Zwolle,1,1,10,D,2023
445477,2023-10-27,PPL,FC Arouca,Moreirense FC,0,1,9,A,2023
441564,2023-10-28,DED,Almere City FC,Go Ahead Eagles,0,0,10,D,2023
441567,2023-10-28,DED,Fortuna Sittard,FC Utrecht,0,0,10,D,2023
441565,2023-10-28,DED,SC Heerenveen,Heracles Almelo,3,0,10,H,2023
441566,2023-10-28,DED,Sparta Rotterdam,RKC Waalwijk,2,0,10,H,2023
445480,2023-10-28,PPL,Gil Vicente FC,Sporting Clube de Braga,3,3,9,D,2023
445481,2023-10-28,PPL,Portimonense SC,GD Estoril Praia,1,0,9,H,2023
445474,2023-10-28,PPL,Sport Lisboa e Benfica,Casa Pia AC,1,1,9,D,2023
445482,2023-10-28,PPL,Vitória SC,GD Chaves,5,0,9,H,2023
441568,2023-10-29,DED,FC Twente '65,Feyenoord Rotterdam,2,1,10,H,2023
441569,2023-10-29,DED,FC Volendam,SBV Excelsior,3,1,10,H,2023
441570,2023-10-29,DED,PSV,AFC Ajax,5,2,10,H,2023
445476,2023-10-29,PPL,CF Estrela da Amadora,FC Famalicão,1,0,9,H,2023
445479,2023-10-29,PPL,FC Vizela,FC Porto,0,2,9,A,2023
445478,2023-10-29,PPL,Rio Ave FC,SC Farense,3,4,9,A,2023
445475,2023-10-30,PPL,Boavista FC,Sporting Clube de Portugal,0,2,9,A,2023
441507,2023-11-02,DED,AFC Ajax,FC Volendam,2,0,3,H,2023
445486,2023-11-03,PPL,FC Porto,GD Estoril Praia,0,1,10,A,2023
441575,2023-11-04,DED,Go Ahead Eagles,SBV Vitesse,5,1,11,H,2023
441576,2023-11-04,DED,Heracles Almelo,PSV,0,6,11,A,2023
441573,2023-11-04,DED,RKC Waalwijk,Feyenoord Rotterdam,1,2,11,A,2023
441574,2023-11-04,DED,SBV Excelsior,AZ,1,1,11,D,2023
445484,2023-11-04,PPL,FC Famalicão,Gil Vicente FC,3,1,10,H,2023
445488,2023-11-04,PPL,GD Chaves,Sport Lisboa e Benfica,0,2,10,A,2023
445490,2023-11-04,PPL,Sporting Clube de Braga,Portimonense SC,6,1,10,H,2023
441572,2023-11-05,DED,AFC Ajax,SC Heerenveen,4,1,11,H,2023
441577,2023-11-05,DED,FC Utrecht,FC Twente '65,1,1,11,D,2023
441579,2023-11-05,DED,NEC,FC Volendam,3,3,11,D,2023
441578,2023-11-05,DED,PEC Zwolle,Fortuna Sittard,2,0,11,H,2023
441580,2023-11-05,DED,Sparta Rotterdam,Almere City FC,1,2,11,A,2023
445483,2023-11-05,PPL,Casa Pia AC,FC Vizela,0,1,10,A,2023
445485,2023-11-05,PPL,Moreirense FC,Vitória SC,1,0,10,H,2023
445487,2023-11-05,PPL,Rio Ave FC,Boavista FC,2,0,10,H,2023
445491,2023-11-05,PPL,Sporting Clube de Portugal,CF Estrela da Amadora,3,2,10,H,2023
445489,2023-11-06,PPL,SC Farense,FC Arouca,2,0,10,H,2023
441581,2023-11-10,DED,Fortuna Sittard,Heracles Almelo,4,1,12,H,2023
445497,2023-11-10,PPL,GD Estoril Praia,Casa Pia AC,4,0,11,H,2023
441586,2023-11-11,DED,FC Twente '65,NEC,3,3,12,D,2023
441584,2023-11-11,DED,RKC Waalwijk,Go Ahead Eagles,0,1,12,A,2023
441582,2023-11-11,DED,SBV Vitesse,SC Heerenveen,1,3,12,A,2023
445494,2023-11-11,PPL,CF Estrela da Amadora,Moreirense FC,0,1,11,A,2023
445496,2023-11-11,PPL,FC Vizela,FC Famalicão,0,0,11,D,2023
445499,2023-11-11,PPL,Portimonense SC,GD Chaves,2,1,11,H,2023
445500,2023-11-11,PPL,Vitória SC,FC Porto,1,2,11,A,2023
441587,2023-11-12,DED,Almere City FC,AFC Ajax,2,2,12,D,2023
441589,2023-11-12,DED,FC Utrecht,SBV Excelsior,2,2,12,D,2023
441585,2023-11-12,DED,FC Volendam,Sparta Rotterdam,1,4,12,A,2023
441588,2023-11-12,DED,Feyenoord Rotterdam,AZ,1,0,12,H,2023
441583,2023-11-12,DED,PSV,PEC Zwolle,4,0,12,H,2023
445493,2023-11-12,PPL,Boavista FC,SC Farense,1,3,11,A,2023
445495,2023-11-12,PPL,FC Arouca,Sporting Clube de Braga,0,1,11,A,2023
445498,2023-11-12,PPL,Gil Vicente FC,Rio Ave FC,1,1,11,D,2023
445492,2023-11-12,PPL,Sport Lisboa e Benfica,Sporting Clube de Portugal,2,1,11,H,2023
441594,2023-11-25,DED,AFC Ajax,SBV Vitesse,5,0,13,H,2023
441591,2023-11-25,DED,FC Twente '65,PSV,0,3,13,A,2023
441593,2023-11-25,DED,PEC Zwolle,RKC Waalwijk,1,2,13,A,2023
441590,2023-11-25,DED,SBV Excelsior,Feyenoord Rotterdam,2,4,13,A,2023
441592,2023-11-25,DED,SC Heerenveen,Fortuna Sittard,3,0,13,H,2023
441596,2023-11-26,DED,AZ,FC Volendam,3,0,13,H,2023
441595,2023-11-26,DED,Almere City FC,Heracles Almelo,0,5,13,A,2023
441597,2023-11-26,DED,NEC,Go Ahead Eagles,1,1,13,D,2023
441598,2023-11-26,DED,Sparta Rotterdam,FC Utrecht,1,2,13,A,2023
441599,2023-12-01,DED,SC Heerenveen,Almere City FC,3,0,14,H,2023
445506,2023-12-01,PPL,GD Chaves,FC Vizela,2,1,12,H,2023
441601,2023-12-02,DED,FC Volendam,PEC Zwolle,0,5,14,A,2023
441602,2023-12-02,DED,Fortuna Sittard,SBV Vitesse,3,1,14,H,2023
441600,2023-12-02,DED,Heracles Almelo,Sparta Rotterdam,0,1,14,A,2023
441603,2023-12-02,DED,RKC Waalwijk,SBV Excelsior,2,2,14,D,2023
445502,2023-12-02,PPL,Casa Pia AC,Portimonense SC,1,0,12,H,2023
445503,2023-12-02,PPL,FC Famalicão,FC Porto,0,3,12,A,2023
445505,2023-12-02,PPL,Rio Ave FC,CF Estrela da Amadora,1,1,12,D,2023
445507,2023-12-02,PPL,SC Farense,Vitória SC,1,2,12,A,2023
441607,2023-12-03,DED,FC Utrecht,AZ,1,1,14,D,2023
441604,2023-12-03,DED,Feyenoord Rotterdam,PSV,1,2,14,A,2023
441606,2023-12-03,DED,Go Ahead Eagles,FC Twente '65,1,3,14,A,2023
441605,2023-12-03,DED,NEC,AFC Ajax,1,2,14,A,2023
445501,2023-12-03,PPL,Boavista FC,FC Arouca,0,4,12,A,2023
445504,2023-12-03,PPL,Moreirense FC,Sport Lisboa e Benfica,0,0,12,D,2023
445508,2023-12-03,PPL,Sporting Clube de Braga,GD Estoril Praia,3,1,12,H,2023
445509,2023-12-04,PPL,Sporting Clube de Portugal,Gil Vicente FC,3,1,12,H,2023
441571,2023-12-06,DED,AZ,NEC,1,2,10,A,2023
441540,2023-12-06,DED,RKC Waalwijk,AFC Ajax,2,3,7,A,2023
441608,2023-12-07,DED,Feyenoord Rotterdam,FC Volendam,3,1,15,H,2023
441610,2023-12-07,DED,PSV,SC Heerenveen,2,0,15,H,2023
441609,2023-12-08,DED,FC Twente '65,SBV Excelsior,4,2,15,H,2023
445514,2023-12-08,PPL,FC Vizela,Sporting Clube de Braga,1,3,13,A,2023
445510,2023-12-08,PPL,Sport Lisboa e Benfica,SC Farense,1,1,13,D,2023
441614,2023-12-09,DED,AFC Ajax,Sparta Rotterdam,2,1,15,H,2023
441612,2023-12-09,DED,AZ,Almere City FC,4,1,15,H,2023
441611,2023-12-09,DED,PEC Zwolle,NEC,1,3,15,A,2023
445513,2023-12-09,PPL,FC Porto,Casa Pia AC,3,1,13,H,2023
445517,2023-12-09,PPL,Portimonense SC,FC Famalicão,1,1,13,D,2023
445518,2023-12-09,PPL,Vitória SC,Sporting Clube de Portugal,3,2,13,H,2023
441615,2023-12-10,DED,Fortuna Sittard,RKC Waalwijk,1,0,15,H,2023
441613,2023-12-10,DED,Go Ahead Eagles,FC Utrecht,0,2,15,A,2023
441616,2023-12-10,DED,SBV Vitesse,Heracles Almelo,2,0,15,H,2023
445511,2023-12-10,PPL,CF Estrela da Amadora,Boavista FC,3,1,13,H,2023
445512,2023-12-10,PPL,FC Arouca,Rio Ave FC,2,2,13,D,2023
445515,2023-12-10,PPL,GD Estoril Praia,GD Chaves,4,0,13,H,2023
445516,2023-12-11,PPL,Gil Vicente FC,Moreirense FC,1,1,13,D,2023
441617,2023-12-15,DED,NEC,Fortuna Sittard,4,1,16,H,2023
445525,2023-12-15,PPL,SC Farense,CF Estrela da Amadora,0,0,14,D,2023
441618,2023-12-16,DED,FC Utrecht,RKC Waalwijk,1,1,16,D,2023
441620,2023-12-16,DED,SBV Excelsior,Go Ahead Eagles,1,1,16,D,2023
441619,2023-12-16,DED,SC Heerenveen,FC Volendam,1,2,16,A,2023
445519,2023-12-16,PPL,Boavista FC,Vitória SC,1,1,14,D,2023
445520,2023-12-16,PPL,FC Arouca,Gil Vicente FC,3,0,14,H,2023
445523,2023-12-16,PPL,Rio Ave FC,FC Vizela,1,1,14,D,2023
441624,2023-12-17,DED,AFC Ajax,PEC Zwolle,2,2,16,D,2023
441625,2023-12-17,DED,AZ,PSV,0,4,16,A,2023
441621,2023-12-17,DED,Almere City FC,SBV Vitesse,5,0,16,H,2023
441623,2023-12-17,DED,Heracles Almelo,Feyenoord Rotterdam,0,4,16,A,2023
441622,2023-12-17,DED,Sparta Rotterdam,FC Twente '65,2,2,16,D,2023
445521,2023-12-17,PPL,FC Famalicão,GD Estoril Praia,1,1,14,D,2023
445524,2023-12-17,PPL,GD Chaves,Casa Pia AC,1,3,14,A,2023
445522,2023-12-17,PPL,Moreirense FC,Portimonense SC,5,2,14,H,2023
445526,2023-12-17,PPL,Sporting Clube de Braga,Sport Lisboa e Benfica,0,1,14,A,2023
445527,2023-12-18,PPL,Sporting Clube de Portugal,FC Porto,2,0,14,H,2023
445532,2023-12-23,PPL,FC Vizela,Moreirense FC,0,0,15,D,2023
445536,2023-12-23,PPL,Vitória SC,Rio Ave FC,1,0,15,H,2023
445530,2023-12-28,PPL,CF Estrela da Amadora,FC Arouca,1,4,15,A,2023
445531,2023-12-29,PPL,FC Porto,GD Chaves,1,0,15,H,2023
445528,2023-12-29,PPL,Sport Lisboa e Benfica,FC Famalicão,3,0,15,H,2023
445529,2023-12-30,PPL,Casa Pia AC,Sporting Clube de Braga,1,3,15,A,2023
445533,2023-12-30,PPL,GD Estoril Praia,SC Farense,4,0,15,H,2023
445534,2023-12-30,PPL,Gil Vicente FC,Boavista FC,1,0,15,H,2023
445535,2023-12-30,PPL,Portimonense SC,Sporting Clube de Portugal,1,2,15,A,2023
445537,2024-01-05,PPL,Boavista FC,FC Porto,1,1,16,D,2023
445545,2024-01-05,PPL,Sporting Clube de Portugal,GD Estoril Praia,5,1,16,H,2023
445538,2024-01-06,PPL,CF Estrela da Amadora,FC Vizela,1,1,16,D,2023
445539,2024-01-06,PPL,FC Arouca,Sport Lisboa e Benfica,0,3,16,A,2023
445543,2024-01-06,PPL,SC Farense,Gil Vicente FC,1,0,16,H,2023
445544,2024-01-06,PPL,Sporting Clube de Braga,Vitória SC,1,1,16,D,2023
445540,2024-01-07,PPL,FC Famalicão,GD Chaves,2,2,16,D,2023
445542,2024-01-07,PPL,Rio Ave FC,Portimonense SC,2,0,16,H,2023
445541,2024-01-08,PPL,Moreirense FC,Casa Pia AC,1,4,16,A,2023
441626,2024-01-12,DED,RKC Waalwijk,Heracles Almelo,1,2,17,A,2023
445553,2024-01-12,PPL,Portimonense SC,SC Farense,1,0,17,H,2023
441628,2024-01-13,DED,FC Twente '65,AZ,2,1,17,H,2023
441627,2024-01-13,DED,Fortuna Sittard,Sparta Rotterdam,0,2,17,A,2023
441629,2024-01-13,DED,PEC Zwolle,SC Heerenveen,2,2,17,D,2023
441630,2024-01-13,DED,PSV,SBV Excelsior,3,1,17,H,2023
445547,2024-01-13,PPL,Casa Pia AC,FC Famalicão,0,2,17,A,2023
445550,2024-01-13,PPL,GD Chaves,Sporting Clube de Portugal,0,3,17,A,2023
445551,2024-01-13,PPL,GD Estoril Praia,Moreirense FC,1,3,17,A,2023
441631,2024-01-14,DED,FC Volendam,Almere City FC,0,1,17,A,2023
441634,2024-01-14,DED,Feyenoord Rotterdam,NEC,2,2,17,D,2023
441632,2024-01-14,DED,Go Ahead Eagles,AFC Ajax,2,3,17,A,2023
441633,2024-01-14,DED,SBV Vitesse,FC Utrecht,0,0,17,D,2023
445548,2024-01-14,PPL,FC Porto,Sporting Clube de Braga,2,0,17,H,2023
445549,2024-01-14,PPL,FC Vizela,Boavista FC,1,4,17,A,2023
445552,2024-01-14,PPL,Gil Vicente FC,CF Estrela da Amadora,1,1,17,D,2023
445546,2024-01-14,PPL,Sport Lisboa e Benfica,Rio Ave FC,4,1,17,H,2023
445554,2024-01-15,PPL,Vitória SC,FC Arouca,2,1,17,H,2023
445557,2024-01-18,PPL,FC Famalicão,Sporting Clube de Braga,1,2,18,A,2023
445559,2024-01-18,PPL,FC Vizela,Sporting Clube de Portugal,2,5,18,A,2023
441635,2024-01-19,DED,SBV Excelsior,SC Heerenveen,3,0,18,H,2023
445555,2024-01-19,PPL,Sport Lisboa e Benfica,Boavista FC,2,0,18,H,2023
441638,2024-01-20,DED,AZ,PEC Zwolle,2,2,18,D,2023
441637,2024-01-20,DED,Heracles Almelo,FC Volendam,1,1,18,D,2023
441636,2024-01-20,DED,NEC,FC Twente '65,1,0,18,H,2023
445556,2024-01-20,PPL,Casa Pia AC,SC Farense,1,3,18,A,2023
445558,2024-01-20,PPL,FC Porto,Moreirense FC,5,0,18,H,2023
445561,2024-01-20,PPL,GD Estoril Praia,FC Arouca,1,2,18,A,2023
441643,2024-01-21,DED,AFC Ajax,RKC Waalwijk,4,1,18,H,2023
441640,2024-01-21,DED,FC Utrecht,PSV,1,1,18,D,2023
441641,2024-01-21,DED,SBV Vitesse,Feyenoord Rotterdam,1,2,18,A,2023
441642,2024-01-21,DED,Sparta Rotterdam,Go Ahead Eagles,0,2,18,A,2023
445560,2024-01-21,PPL,GD Chaves,Rio Ave FC,0,0,18,D,2023
445562,2024-01-21,PPL,Portimonense SC,Gil Vicente FC,0,2,18,A,2023
445563,2024-01-21,PPL,Vitória SC,CF Estrela da Amadora,3,0,18,H,2023
441639,2024-01-24,DED,Almere City FC,Fortuna Sittard,0,0,18,D,2023
441644,2024-01-26,DED,PEC Zwolle,SBV Vitesse,1,0,19,H,2023
441648,2024-01-27,DED,Heracles Almelo,AFC Ajax,2,4,19,A,2023
441646,2024-01-27,DED,PSV,Almere City FC,2,0,19,H,2023
441645,2024-01-27,DED,RKC Waalwijk,Sparta Rotterdam,1,1,19,D,2023
441647,2024-01-27,DED,SBV Excelsior,FC Utrecht,1,1,19,D,2023
441652,2024-01-28,DED,FC Volendam,Fortuna Sittard,0,1,19,A,2023
441651,2024-01-28,DED,Feyenoord Rotterdam,FC Twente '65,0,0,19,D,2023
441650,2024-01-28,DED,Go Ahead Eagles,NEC,2,2,19,D,2023
441649,2024-01-28,DED,SC Heerenveen,AZ,2,2,19,D,2023
445564,2024-01-28,PPL,Boavista FC,Portimonense SC,1,4,19,A,2023
445566,2024-01-28,PPL,FC Arouca,FC Vizela,5,0,19,H,2023
445569,2024-01-28,PPL,Gil Vicente FC,Vitória SC,1,0,19,H,2023
445567,2024-01-28,PPL,Moreirense FC,FC Famalicão,1,0,19,H,2023
445570,2024-01-28,PPL,SC Farense,FC Porto,1,3,19,A,2023
445565,2024-01-29,PPL,CF Estrela da Amadora,Sport Lisboa e Benfica,1,4,19,A,2023
445572,2024-01-29,PPL,Sporting Clube de Portugal,Casa Pia AC,8,0,19,H,2023
445568,2024-01-31,PPL,Rio Ave FC,GD Estoril Praia,1,1,19,D,2023
445571,2024-01-31,PPL,Sporting Clube de Braga,GD Chaves,1,1,19,D,2023
441653,2024-02-02,DED,Almere City FC,SBV Excelsior,2,1,20,H,2023
441656,2024-02-03,DED,AFC Ajax,PSV,1,1,20,D,2023
441654,2024-02-03,DED,FC Twente '65,RKC Waalwijk,3,0,20,H,2023
441655,2024-02-03,DED,Fortuna Sittard,SC Heerenveen,3,3,20,D,2023
441657,2024-02-03,DED,NEC,Heracles Almelo,3,1,20,H,2023
445576,2024-02-03,PPL,FC Porto,Rio Ave FC,0,0,20,D,2023
445580,2024-02-03,PPL,Portimonense SC,FC Arouca,1,2,20,A,2023
441659,2024-02-04,DED,AZ,Feyenoord Rotterdam,0,1,20,A,2023
441661,2024-02-04,DED,FC Utrecht,FC Volendam,4,2,20,H,2023
441658,2024-02-04,DED,SBV Vitesse,Go Ahead Eagles,0,2,20,A,2023
441660,2024-02-04,DED,Sparta Rotterdam,PEC Zwolle,0,2,20,A,2023
445577,2024-02-04,PPL,FC Vizela,Vitória SC,0,1,20,A,2023
445578,2024-02-04,PPL,GD Chaves,SC Farense,1,1,20,D,2023
445579,2024-02-04,PPL,GD Estoril Praia,CF Estrela da Amadora,1,0,20,H,2023
445573,2024-02-04,PPL,Sport Lisboa e Benfica,Gil Vicente FC,3,0,20,H,2023
445581,2024-02-04,PPL,Sporting Clube de Braga,Moreirense FC,1,0,20,H,2023
445574,2024-02-05,PPL,Casa Pia AC,Boavista FC,0,0,20,D,2023
441662,2024-02-09,DED,RKC Waalwijk,NEC,2,0,21,H,2023
445583,2024-02-09,PPL,CF Estrela da Amadora,Portimonense SC,3,0,21,H,2023
441665,2024-02-10,DED,Almere City FC,AZ,0,0,21,D,2023
441663,2024-02-10,DED,Heracles Almelo,SBV Vitesse,3,2,21,H,2023
441668,2024-02-10,DED,SBV Excelsior,FC Twente '65,0,3,21,A,2023
445582,2024-02-10,PPL,Boavista FC,GD Estoril Praia,2,1,21,H,2023
445585,2024-02-10,PPL,Moreirense FC,GD Chaves,1,0,21,H,2023
445588,2024-02-10,PPL,SC Farense,FC Famalicão,1,1,21,D,2023
441669,2024-02-11,DED,FC Utrecht,Fortuna Sittard,4,0,21,H,2023
441664,2024-02-11,DED,FC Volendam,PSV,1,5,21,A,2023
441666,2024-02-11,DED,Feyenoord Rotterdam,Sparta Rotterdam,2,0,21,H,2023
441667,2024-02-11,DED,Go Ahead Eagles,PEC Zwolle,1,1,21,D,2023
441670,2024-02-11,DED,SC Heerenveen,AFC Ajax,3,2,21,H,2023
445586,2024-02-11,PPL,Rio Ave FC,Casa Pia AC,1,0,21,H,2023
445589,2024-02-11,PPL,Sporting Clube de Portugal,Sporting Clube de Braga,5,0,21,H,2023
445590,2024-02-11,PPL,Vitória SC,Sport Lisboa e Benfica,2,2,21,D,2023
445584,2024-02-12,PPL,FC Arouca,FC Porto,3,2,21,H,2023
445587,2024-02-13,PPL,Gil Vicente FC,FC Vizela,0,1,21,A,2023
441675,2024-02-16,DED,PSV,Heracles Almelo,2,0,22,H,2023
445593,2024-02-16,PPL,FC Famalicão,Rio Ave FC,2,1,22,H,2023
441678,2024-02-17,DED,Fortuna Sittard,AZ,1,2,22,A,2023
441674,2024-02-17,DED,PEC Zwolle,Almere City FC,0,1,22,A,2023
441673,2024-02-17,DED,SC Heerenveen,Go Ahead Eagles,0,2,22,A,2023
441671,2024-02-17,DED,Sparta Rotterdam,SBV Excelsior,4,2,22,H,2023
445595,2024-02-17,PPL,FC Porto,CF Estrela da Amadora,2,0,22,H,2023
445596,2024-02-17,PPL,GD Chaves,Boavista FC,2,1,22,H,2023
445598,2024-02-17,PPL,Portimonense SC,Vitória SC,1,1,22,D,2023
441676,2024-02-18,DED,AFC Ajax,NEC,2,2,22,D,2023
441677,2024-02-18,DED,FC Twente '65,FC Utrecht,0,1,22,A,2023
441672,2024-02-18,DED,Feyenoord Rotterdam,RKC Waalwijk,1,0,22,H,2023
441679,2024-02-18,DED,SBV Vitesse,FC Volendam,1,1,22,D,2023
445592,2024-02-18,PPL,Casa Pia AC,FC Arouca,1,0,22,H,2023
445597,2024-02-18,PPL,GD Estoril Praia,Gil Vicente FC,1,3,22,A,2023
445591,2024-02-18,PPL,Sport Lisboa e Benfica,FC Vizela,6,1,22,H,2023
445599,2024-02-18,PPL,Sporting Clube de Braga,SC Farense,2,1,22,H,2023
445594,2024-02-19,PPL,Moreirense FC,Sporting Clube de Portugal,0,2,22,A,2023
441683,2024-02-23,DED,FC Utrecht,Heracles Almelo,1,0,23,H,2023
445603,2024-02-23,PPL,FC Arouca,FC Famalicão,3,2,23,H,2023
441684,2024-02-24,DED,NEC,Sparta Rotterdam,2,0,23,H,2023
441686,2024-02-24,DED,PEC Zwolle,PSV,1,7,23,A,2023
441681,2024-02-24,DED,RKC Waalwijk,Fortuna Sittard,0,1,23,A,2023
445602,2024-02-24,PPL,CF Estrela da Amadora,GD Chaves,1,1,23,D,2023
445607,2024-02-24,PPL,SC Farense,Moreirense FC,0,1,23,A,2023
445608,2024-02-24,PPL,Vitória SC,Casa Pia AC,0,2,23,A,2023
441688,2024-02-25,DED,AZ,AFC Ajax,2,0,23,H,2023
441685,2024-02-25,DED,Almere City FC,Feyenoord Rotterdam,0,2,23,A,2023
441687,2024-02-25,DED,FC Twente '65,Go Ahead Eagles,3,0,23,H,2023
441682,2024-02-25,DED,FC Volendam,SC Heerenveen,0,4,23,A,2023
441680,2024-02-25,DED,SBV Excelsior,SBV Vitesse,1,2,23,A,2023
445605,2024-02-25,PPL,FC Vizela,GD Estoril Praia,3,3,23,D,2023
445606,2024-02-25,PPL,Gil Vicente FC,FC Porto,1,1,23,D,2023
445604,2024-02-25,PPL,Rio Ave FC,Sporting Clube de Portugal,3,3,23,D,2023
445600,2024-02-25,PPL,Sport Lisboa e Benfica,Portimonense SC,4,0,23,H,2023
445601,2024-02-26,PPL,Boavista FC,Sporting Clube de Braga,0,4,23,A,2023
441689,2024-03-01,DED,FC Volendam,NEC,2,5,24,A,2023
445613,2024-03-01,PPL,GD Chaves,FC Arouca,1,5,24,A,2023
441691,2024-03-02,DED,Go Ahead Eagles,RKC Waalwijk,1,0,24,H,2023
441694,2024-03-02,DED,SBV Vitesse,FC Twente '65,1,2,24,A,2023
441693,2024-03-02,DED,Sparta Rotterdam,AZ,1,1,24,D,2023
445614,2024-03-02,PPL,GD Estoril Praia,Vitória SC,1,3,24,A,2023
445611,2024-03-02,PPL,Moreirense FC,Rio Ave FC,0,0,24,D,2023
445616,2024-03-02,PPL,Sporting Clube de Braga,CF Estrela da Amadora,3,0,24,H,2023
441695,2024-03-03,DED,AFC Ajax,FC Utrecht,2,0,24,H,2023
441697,2024-03-03,DED,Fortuna Sittard,SBV Excelsior,5,2,24,H,2023
441692,2024-03-03,DED,Heracles Almelo,Almere City FC,2,2,24,D,2023
441690,2024-03-03,DED,PSV,Feyenoord Rotterdam,2,2,24,D,2023
441696,2024-03-03,DED,SC Heerenveen,PEC Zwolle,2,0,24,H,2023
445609,2024-03-03,PPL,Casa Pia AC,Gil Vicente FC,0,0,24,D,2023
445612,2024-03-03,PPL,FC Porto,Sport Lisboa e Benfica,5,0,24,H,2023
445615,2024-03-03,PPL,Portimonense SC,FC Vizela,0,0,24,D,2023
445617,2024-03-03,PPL,Sporting Clube de Portugal,SC Farense,3,2,24,H,2023
445610,2024-03-04,PPL,FC Famalicão,Boavista FC,1,1,24,D,2023
441700,2024-03-08,DED,Go Ahead Eagles,PSV,0,1,25,A,2023
445620,2024-03-08,PPL,CF Estrela da Amadora,Casa Pia AC,3,1,25,H,2023
445625,2024-03-08,PPL,Portimonense SC,FC Porto,0,3,25,A,2023
441698,2024-03-09,DED,Almere City FC,FC Utrecht,1,1,25,D,2023
441705,2024-03-09,DED,FC Twente '65,Sparta Rotterdam,2,1,25,H,2023
441703,2024-03-09,DED,RKC Waalwijk,SBV Vitesse,3,1,25,H,2023
445619,2024-03-09,PPL,Boavista FC,Moreirense FC,1,0,25,H,2023
445623,2024-03-09,PPL,FC Vizela,SC Farense,2,1,25,H,2023
445622,2024-03-09,PPL,Rio Ave FC,Sporting Clube de Braga,0,0,25,D,2023
445626,2024-03-09,PPL,Vitória SC,FC Famalicão,1,0,25,H,2023
441704,2024-03-10,DED,AFC Ajax,Fortuna Sittard,2,2,25,D,2023
441706,2024-03-10,DED,AZ,SBV Excelsior,4,0,25,H,2023
441699,2024-03-10,DED,Feyenoord Rotterdam,Heracles Almelo,3,0,25,H,2023
441702,2024-03-10,DED,NEC,SC Heerenveen,2,0,25,H,2023
441701,2024-03-10,DED,PEC Zwolle,FC Volendam,1,1,25,D,2023
445621,2024-03-10,PPL,FC Arouca,Sporting Clube de Portugal,0,3,25,A,2023
445618,2024-03-10,PPL,Sport Lisboa e Benfica,GD Estoril Praia,3,1,25,H,2023
445624,2024-03-11,PPL,Gil Vicente FC,GD Chaves,0,0,25,D,2023
441711,2024-03-15,DED,Heracles Almelo,Go Ahead Eagles,2,0,26,H,2023
445632,2024-03-15,PPL,GD Estoril Praia,Portimonense SC,1,0,26,H,2023
441707,2024-03-16,DED,Fortuna Sittard,PEC Zwolle,3,1,26,H,2023
441708,2024-03-16,DED,SBV Excelsior,RKC Waalwijk,1,1,26,D,2023
441710,2024-03-16,DED,SBV Vitesse,Almere City FC,1,1,26,D,2023
445628,2024-03-16,PPL,FC Famalicão,CF Estrela da Amadora,0,0,26,D,2023
445630,2024-03-16,PPL,FC Porto,FC Vizela,4,1,26,H,2023
445633,2024-03-16,PPL,SC Farense,Rio Ave FC,1,1,26,D,2023
445634,2024-03-16,PPL,Sporting Clube de Braga,Gil Vicente FC,2,1,26,H,2023
441709,2024-03-17,DED,FC Utrecht,NEC,1,0,26,H,2023
441714,2024-03-17,DED,FC Volendam,AZ,0,4,26,A,2023
441713,2024-03-17,DED,PSV,FC Twente '65,1,0,26,H,2023
441712,2024-03-17,DED,SC Heerenveen,Feyenoord Rotterdam,2,3,26,A,2023
441715,2024-03-17,DED,Sparta Rotterdam,AFC Ajax,2,2,26,D,2023
445627,2024-03-17,PPL,Casa Pia AC,Sport Lisboa e Benfica,0,1,26,A,2023
445631,2024-03-17,PPL,GD Chaves,Vitória SC,1,2,26,A,2023
445629,2024-03-17,PPL,Moreirense FC,FC Arouca,1,0,26,H,2023
445635,2024-03-17,PPL,Sporting Clube de Portugal,Boavista FC,6,1,26,H,2023
445638,2024-03-29,PPL,CF Estrela da Amadora,Sporting Clube de Portugal,1,2,27,A,2023
445642,2024-03-29,PPL,Gil Vicente FC,FC Famalicão,1,2,27,A,2023
445636,2024-03-29,PPL,Sport Lisboa e Benfica,GD Chaves,1,0,27,H,2023
441719,2024-03-30,DED,AZ,SBV Vitesse,2,0,27,H,2023
441717,2024-03-30,DED,Go Ahead Eagles,SBV Excelsior,3,0,27,H,2023
441722,2024-03-30,DED,NEC,PSV,3,1,27,H,2023
441720,2024-03-30,DED,RKC Waalwijk,SC Heerenveen,1,1,27,D,2023
441724,2024-03-30,DED,Sparta Rotterdam,Fortuna Sittard,4,0,27,H,2023
445637,2024-03-30,PPL,Boavista FC,Rio Ave FC,0,0,27,D,2023
445639,2024-03-30,PPL,FC Arouca,SC Farense,2,1,27,H,2023
445641,2024-03-30,PPL,GD Estoril Praia,FC Porto,1,0,27,H,2023
445644,2024-03-30,PPL,Vitória SC,Moreirense FC,1,0,27,H,2023
441718,2024-03-31,DED,Almere City FC,FC Volendam,1,1,27,D,2023
441723,2024-03-31,DED,FC Twente '65,Heracles Almelo,1,0,27,H,2023
441716,2024-03-31,DED,Feyenoord Rotterdam,FC Utrecht,4,2,27,H,2023
441721,2024-03-31,DED,PEC Zwolle,AFC Ajax,1,3,27,A,2023
445640,2024-03-31,PPL,FC Vizela,Casa Pia AC,0,4,27,A,2023
445643,2024-04-01,PPL,Portimonense SC,Sporting Clube de Braga,3,5,27,A,2023
441733,2024-04-02,DED,Fortuna Sittard,NEC,1,1,28,D,2023
441727,2024-04-02,DED,SBV Excelsior,PSV,0,2,28,A,2023
441732,2024-04-02,DED,SBV Vitesse,Sparta Rotterdam,1,4,28,A,2023
441729,2024-04-03,DED,FC Utrecht,PEC Zwolle,5,1,28,H,2023
441731,2024-04-03,DED,Heracles Almelo,AZ,5,0,28,H,2023
441728,2024-04-03,DED,SC Heerenveen,FC Twente '65,3,3,28,D,2023
441730,2024-04-04,DED,AFC Ajax,Go Ahead Eagles,1,1,28,D,2023
441725,2024-04-04,DED,FC Volendam,Feyenoord Rotterdam,0,0,28,D,2023
441726,2024-04-04,DED,RKC Waalwijk,Almere City FC,0,0,28,D,2023
445651,2024-04-05,PPL,SC Farense,Boavista FC,2,0,28,H,2023
441741,2024-04-06,DED,FC Twente '65,Fortuna Sittard,2,0,29,H,2023
441737,2024-04-06,DED,PEC Zwolle,SBV Excelsior,2,1,29,H,2023
441738,2024-04-06,DED,PSV,AZ,5,1,29,H,2023
441742,2024-04-06,DED,Sparta Rotterdam,Heracles Almelo,1,2,29,A,2023
445646,2024-04-06,PPL,FC Famalicão,FC Vizela,3,2,28,H,2023
445649,2024-04-06,PPL,Rio Ave FC,Gil Vicente FC,3,0,28,H,2023
445652,2024-04-06,PPL,Sporting Clube de Braga,FC Arouca,0,3,28,A,2023
445653,2024-04-06,PPL,Sporting Clube de Portugal,Sport Lisboa e Benfica,2,1,28,H,2023
441735,2024-04-07,DED,FC Volendam,RKC Waalwijk,3,2,29,H,2023
441734,2024-04-07,DED,Feyenoord Rotterdam,AFC Ajax,6,0,29,H,2023
441740,2024-04-07,DED,Go Ahead Eagles,Almere City FC,1,1,29,D,2023
441739,2024-04-07,DED,SBV Vitesse,NEC,0,3,29,A,2023
441736,2024-04-07,DED,SC Heerenveen,FC Utrecht,2,3,29,A,2023
445648,2024-04-07,PPL,FC Porto,Vitória SC,1,2,28,A,2023
445650,2024-04-07,PPL,GD Chaves,Portimonense SC,2,3,28,A,2023
445647,2024-04-07,PPL,Moreirense FC,CF Estrela da Amadora,2,2,28,D,2023
445645,2024-04-08,PPL,Casa Pia AC,GD Estoril Praia,0,0,28,D,2023
441743,2024-04-12,DED,SBV Excelsior,FC Volendam,4,0,30,H,2023
445660,2024-04-12,PPL,Gil Vicente FC,Sporting Clube de Portugal,0,4,29,A,2023
441748,2024-04-13,DED,AZ,RKC Waalwijk,3,2,30,H,2023
441746,2024-04-13,DED,Almere City FC,Sparta Rotterdam,2,3,30,A,2023
441745,2024-04-13,DED,PSV,SBV Vitesse,6,0,30,H,2023
445657,2024-04-13,PPL,FC Porto,FC Famalicão,2,2,29,D,2023
445659,2024-04-13,PPL,GD Estoril Praia,Sporting Clube de Braga,0,1,29,A,2023
445662,2024-04-13,PPL,Vitória SC,SC Farense,1,1,29,D,2023
441751,2024-04-14,DED,AFC Ajax,FC Twente '65,2,1,30,H,2023
441750,2024-04-14,DED,FC Utrecht,Go Ahead Eagles,2,1,30,H,2023
441744,2024-04-14,DED,Fortuna Sittard,Feyenoord Rotterdam,0,1,30,A,2023
441749,2024-04-14,DED,Heracles Almelo,SC Heerenveen,0,2,30,A,2023
441747,2024-04-14,DED,NEC,PEC Zwolle,2,2,30,D,2023
445655,2024-04-14,PPL,CF Estrela da Amadora,Rio Ave FC,2,2,29,D,2023
445656,2024-04-14,PPL,FC Arouca,Boavista FC,2,1,29,H,2023
445661,2024-04-14,PPL,Portimonense SC,Casa Pia AC,2,2,29,D,2023
445654,2024-04-14,PPL,Sport Lisboa e Benfica,Moreirense FC,3,0,29,H,2023
445658,2024-04-15,PPL,FC Vizela,GD Chaves,0,1,29,A,2023
445575,2024-04-16,PPL,FC Famalicão,Sporting Clube de Portugal,0,1,20,A,2023
445667,2024-04-19,PPL,Rio Ave FC,FC Arouca,1,1,30,D,2023
445663,2024-04-20,PPL,Boavista FC,CF Estrela da Amadora,1,1,30,D,2023
445666,2024-04-20,PPL,Moreirense FC,Gil Vicente FC,0,1,30,A,2023
445670,2024-04-20,PPL,Sporting Clube de Braga,FC Vizela,2,1,30,H,2023
445664,2024-04-21,PPL,Casa Pia AC,FC Porto,1,2,30,A,2023
445665,2024-04-21,PPL,FC Famalicão,Portimonense SC,2,2,30,D,2023
445668,2024-04-21,PPL,GD Chaves,GD Estoril Praia,2,2,30,D,2023
445671,2024-04-21,PPL,Sporting Clube de Portugal,Vitória SC,3,0,30,H,2023
445669,2024-04-22,PPL,SC Farense,Sport Lisboa e Benfica,1,3,30,A,2023
441757,2024-04-24,DED,AFC Ajax,SBV Excelsior,2,2,31,D,2023
441752,2024-04-24,DED,FC Twente '65,Almere City FC,3,1,31,H,2023
441753,2024-04-25,DED,Go Ahead Eagles,Feyenoord Rotterdam,1,3,31,A,2023
441754,2024-04-25,DED,SC Heerenveen,PSV,0,8,31,A,2023
445678,2024-04-26,PPL,Gil Vicente FC,FC Arouca,2,2,31,D,2023
445673,2024-04-27,PPL,Casa Pia AC,GD Chaves,3,1,31,H,2023
445676,2024-04-27,PPL,FC Vizela,Rio Ave FC,1,1,31,D,2023
445672,2024-04-27,PPL,Sport Lisboa e Benfica,Sporting Clube de Braga,3,1,31,H,2023
445680,2024-04-27,PPL,Vitória SC,Boavista FC,1,0,31,H,2023
441755,2024-04-28,DED,NEC,AZ,0,3,31,A,2023
441756,2024-04-28,DED,PEC Zwolle,Heracles Almelo,3,1,31,H,2023
441760,2024-04-28,DED,RKC Waalwijk,FC Utrecht,2,2,31,D,2023
441758,2024-04-28,DED,SBV Vitesse,Fortuna Sittard,3,2,31,H,2023
441759,2024-04-28,DED,Sparta Rotterdam,FC Volendam,1,0,31,H,2023
445675,2024-04-28,PPL,FC Porto,Sporting Clube de Portugal,2,2,31,D,2023
445677,2024-04-28,PPL,GD Estoril Praia,FC Famalicão,1,0,31,H,2023
445679,2024-04-28,PPL,Portimonense SC,Moreirense FC,0,2,31,A,2023
445674,2024-04-29,PPL,CF Estrela da Amadora,SC Farense,0,3,31,A,2023
441762,2024-05-03,DED,Almere City FC,SC Heerenveen,1,1,32,D,2023
441761,2024-05-03,DED,Fortuna Sittard,Go Ahead Eagles,0,0,32,D,2023
445684,2024-05-03,PPL,Moreirense FC,FC Vizela,1,0,32,H,2023
445681,2024-05-04,PPL,Boavista FC,Gil Vicente FC,1,1,32,D,2023
445686,2024-05-04,PPL,GD Chaves,FC Porto,0,3,32,A,2023
445685,2024-05-04,PPL,Rio Ave FC,Vitória SC,2,1,32,H,2023
445689,2024-05-04,PPL,Sporting Clube de Portugal,Portimonense SC,3,0,32,H,2023
441763,2024-05-05,DED,AZ,FC Twente '65,2,1,32,H,2023
441765,2024-05-05,DED,FC Utrecht,SBV Vitesse,1,0,32,H,2023
441767,2024-05-05,DED,FC Volendam,AFC Ajax,1,4,32,A,2023
441769,2024-05-05,DED,Feyenoord Rotterdam,PEC Zwolle,5,0,32,H,2023
441766,2024-05-05,DED,Heracles Almelo,RKC Waalwijk,0,5,32,A,2023
441764,2024-05-05,DED,PSV,Sparta Rotterdam,4,2,32,H,2023
445682,2024-05-05,PPL,FC Arouca,CF Estrela da Amadora,0,0,32,D,2023
445683,2024-05-05,PPL,FC Famalicão,Sport Lisboa e Benfica,2,0,32,H,2023
445687,2024-05-05,PPL,SC Farense,GD Estoril Praia,3,2,32,H,2023
445688,2024-05-05,PPL,Sporting Clube de Braga,Casa Pia AC,4,3,32,H,2023
441768,2024-05-06,DED,SBV Excelsior,NEC,0,3,32,A,2023
445694,2024-05-10,PPL,GD Chaves,FC Famalicão,0,1,33,A,2023
445693,2024-05-11,PPL,FC Vizela,CF Estrela da Amadora,4,0,33,H,2023
445695,2024-05-11,PPL,GD Estoril Praia,Sporting Clube de Portugal,0,1,33,A,2023
445697,2024-05-11,PPL,Portimonense SC,Rio Ave FC,2,2,33,D,2023
445698,2024-05-11,PPL,Vitória SC,Sporting Clube de Braga,2,3,33,A,2023
441770,2024-05-12,DED,AFC Ajax,Almere City FC,3,0,33,H,2023
441772,2024-05-12,DED,FC Twente '65,FC Volendam,7,2,33,H,2023
441773,2024-05-12,DED,FC Utrecht,Sparta Rotterdam,0,1,33,A,2023
441774,2024-05-12,DED,Fortuna Sittard,PSV,1,1,33,D,2023
441775,2024-05-12,DED,Go Ahead Eagles,AZ,0,3,33,A,2023
441776,2024-05-12,DED,NEC,Feyenoord Rotterdam,2,3,33,A,2023
441777,2024-05-12,DED,RKC Waalwijk,PEC Zwolle,1,1,33,D,2023
441771,2024-05-12,DED,SBV Excelsior,Heracles Almelo,4,0,33,H,2023
441778,2024-05-12,DED,SC Heerenveen,SBV Vitesse,1,3,33,A,2023
445691,2024-05-12,PPL,Casa Pia AC,Moreirense FC,0,1,33,A,2023
445692,2024-05-12,PPL,FC Porto,Boavista FC,2,1,33,H,2023
445696,2024-05-12,PPL,Gil Vicente FC,SC Farense,2,0,33,H,2023
445690,2024-05-12,PPL,Sport Lisboa e Benfica,FC Arouca,5,0,33,H,2023
445702,2024-05-17,PPL,FC Famalicão,Casa Pia AC,1,2,34,A,2023
445704,2024-05-17,PPL,Rio Ave FC,Sport Lisboa e Benfica,1,1,34,D,2023
445699,2024-05-18,PPL,Boavista FC,FC Vizela,2,2,34,D,2023
445700,2024-05-18,PPL,CF Estrela da Amadora,Gil Vicente FC,1,0,34,H,2023
445701,2024-05-18,PPL,FC Arouca,Vitória SC,1,3,34,A,2023
445703,2024-05-18,PPL,Moreirense FC,GD Estoril Praia,2,1,34,H,2023
445705,2024-05-18,PPL,SC Farense,Portimonense SC,1,3,34,A,2023
445706,2024-05-18,PPL,Sporting Clube de Braga,FC Porto,0,1,34,A,2023
445707,2024-05-18,PPL,Sporting Clube de Portugal,GD Chaves,3,0,34,H,2023
441780,2024-05-19,DED,AZ,FC Utrecht,3,3,34,D,2023
441779,2024-05-19,DED,Almere City FC,NEC,1,4,34,A,2023
441781,2024-05-19,DED,FC Volendam,Go Ahead Eagles,1,2,34,A,2023
441782,2024-05-19,DED,Feyenoord Rotterdam,SBV Excelsior,4,0,34,H,2023
441783,2024-05-19,DED,Heracles Almelo,Fortuna Sittard,0,0,34,D,2023
441784,2024-05-19,DED,PEC Zwolle,FC Twente '65,1,2,34,A,2023
441785,2024-05-19,DED,PSV,RKC Waalwijk,3,1,34,H,2023
441787,2024-05-19,DED,SBV Vitesse,AFC Ajax,2,2,34,D,2023
441786,2024-05-19,DED,Sparta Rotterdam,SC Heerenveen,2,1,34,H,2023
498993,2024-08-09,DED,FC Groningen,NAC Breda,4,1,1,H,2024
504020,2024-08-09,PPL,Sporting Clube de Portugal,Rio Ave FC,3,1,1,H,2024
498999,2024-08-10,DED,Almere City FC,AZ,0,1,1,A,2024
498994,2024-08-10,DED,Feyenoord Rotterdam,Willem II Tilburg,1,1,1,D,2024
498995,2024-08-10,DED,NEC,FC Twente '65,1,2,1,A,2024
498997,2024-08-10,DED,PSV,RKC Waalwijk,5,1,1,H,2024
504016,2024-08-10,PPL,AVS,CD Nacional,1,1,1,D,2024
504021,2024-08-10,PPL,Casa Pia AC,Boavista FC,0,1,1,A,2024
504024,2024-08-10,PPL,FC Porto,Gil Vicente FC,3,0,1,H,2024
499001,2024-08-11,DED,AFC Ajax,SC Heerenveen,1,0,1,H,2024
498996,2024-08-11,DED,FC Utrecht,PEC Zwolle,1,0,1,H,2024
499000,2024-08-11,DED,Go Ahead Eagles,Fortuna Sittard,0,2,1,A,2024
498998,2024-08-11,DED,Sparta Rotterdam,Heracles Almelo,0,0,1,D,2024
504018,2024-08-11,PPL,FC Famalicão,Sport Lisboa e Benfica,2,0,1,H,2024
504023,2024-08-11,PPL,GD Estoril Praia,CD Santa Clara,1,4,1,A,2024
504017,2024-08-11,PPL,SC Farense,Moreirense FC,1,2,1,A,2024
504022,2024-08-11,PPL,Sporting Clube de Braga,CF Estrela da Amadora,1,1,1,D,2024
504019,2024-08-12,PPL,FC Arouca,Vitória SC,0,1,1,A,2024
499002,2024-08-16,DED,Fortuna Sittard,Almere City FC,3,0,2,H,2024
504009,2024-08-16,PPL,CD Santa Clara,FC Porto,0,2,2,A,2024
504013,2024-08-16,PPL,Gil Vicente FC,AVS,4,2,2,H,2024
499005,2024-08-17,DED,AZ,NEC,1,0,2,H,2024
499004,2024-08-17,DED,FC Twente '65,Sparta Rotterdam,1,1,2,D,2024
499006,2024-08-17,DED,RKC Waalwijk,FC Groningen,1,2,2,A,2024
499003,2024-08-17,DED,SC Heerenveen,FC Utrecht,1,1,2,D,2024
504007,2024-08-17,PPL,CD Nacional,Sporting Clube de Portugal,1,6,2,A,2024
504014,2024-08-17,PPL,Rio Ave FC,SC Farense,1,0,2,H,2024
504010,2024-08-17,PPL,Sport Lisboa e Benfica,Casa Pia AC,3,0,2,H,2024
499007,2024-08-18,DED,Heracles Almelo,PSV,1,3,2,A,2024
499010,2024-08-18,DED,NAC Breda,AFC Ajax,2,1,2,H,2024
499008,2024-08-18,DED,PEC Zwolle,Feyenoord Rotterdam,1,5,2,A,2024
499009,2024-08-18,DED,Willem II Tilburg,Go Ahead Eagles,2,0,2,H,2024
504011,2024-08-18,PPL,Boavista FC,Sporting Clube de Braga,0,1,2,A,2024
504012,2024-08-18,PPL,Moreirense FC,FC Arouca,3,1,2,H,2024
504015,2024-08-18,PPL,Vitória SC,GD Estoril Praia,1,0,2,H,2024
504008,2024-08-19,PPL,CF Estrela da Amadora,FC Famalicão,0,3,2,A,2024
504004,2024-08-23,PPL,SC Farense,Sporting Clube de Portugal,0,5,3,A,2024
499012,2024-08-24,DED,Almere City FC,PSV,1,7,3,A,2024
499013,2024-08-24,DED,NAC Breda,FC Utrecht,1,2,3,A,2024
499011,2024-08-24,DED,NEC,PEC Zwolle,1,0,3,H,2024
504003,2024-08-24,PPL,Casa Pia AC,CD Santa Clara,0,2,3,A,2024
504005,2024-08-24,PPL,FC Famalicão,Boavista FC,1,0,3,H,2024
504002,2024-08-24,PPL,FC Porto,Rio Ave FC,2,0,3,H,2024
503999,2024-08-24,PPL,Sport Lisboa e Benfica,CF Estrela da Amadora,1,0,3,H,2024
499014,2024-08-25,DED,FC Groningen,AZ,0,0,3,D,2024
499017,2024-08-25,DED,Go Ahead Eagles,RKC Waalwijk,2,0,3,H,2024
499015,2024-08-25,DED,Heracles Almelo,Willem II Tilburg,1,1,3,D,2024
499016,2024-08-25,DED,Sparta Rotterdam,Feyenoord Rotterdam,1,1,3,D,2024
504006,2024-08-25,PPL,AVS,Vitória SC,1,0,3,H,2024
503998,2024-08-25,PPL,FC Arouca,CD Nacional,1,0,3,H,2024
504001,2024-08-25,PPL,GD Estoril Praia,Gil Vicente FC,0,0,3,D,2024
504000,2024-08-25,PPL,Sporting Clube de Braga,Moreirense FC,3,1,3,H,2024
499021,2024-08-30,DED,RKC Waalwijk,AZ,0,3,4,A,2024
503991,2024-08-30,PPL,Moreirense FC,Sport Lisboa e Benfica,1,1,4,D,2024
499024,2024-08-31,DED,Almere City FC,FC Groningen,1,1,4,D,2024
499022,2024-08-31,DED,Fortuna Sittard,NEC,0,3,4,A,2024
499023,2024-08-31,DED,SC Heerenveen,NAC Breda,4,0,4,H,2024
499020,2024-08-31,DED,Willem II Tilburg,Sparta Rotterdam,1,2,4,A,2024
503990,2024-08-31,PPL,Boavista FC,GD Estoril Praia,0,0,4,D,2024
503994,2024-08-31,PPL,CD Santa Clara,AVS,2,1,4,H,2024
503997,2024-08-31,PPL,CF Estrela da Amadora,Casa Pia AC,0,1,4,A,2024
503989,2024-08-31,PPL,Sporting Clube de Portugal,FC Porto,2,0,4,H,2024
499025,2024-09-01,DED,FC Utrecht,FC Twente '65,2,1,4,H,2024
499027,2024-09-01,DED,PEC Zwolle,Heracles Almelo,3,0,4,H,2024
499028,2024-09-01,DED,PSV,Go Ahead Eagles,3,0,4,H,2024
503996,2024-09-01,PPL,CD Nacional,SC Farense,2,0,4,H,2024
503992,2024-09-01,PPL,Gil Vicente FC,Sporting Clube de Braga,0,0,4,D,2024
503993,2024-09-01,PPL,Rio Ave FC,FC Arouca,1,0,4,H,2024
503995,2024-09-01,PPL,Vitória SC,FC Famalicão,2,1,4,H,2024
503982,2024-09-13,PPL,FC Arouca,Sporting Clube de Portugal,0,3,5,A,2024
499032,2024-09-14,DED,AZ,SC Heerenveen,9,1,5,H,2024
499030,2024-09-14,DED,FC Groningen,Feyenoord Rotterdam,2,2,5,D,2024
499029,2024-09-14,DED,FC Twente '65,PEC Zwolle,1,1,5,D,2024
499031,2024-09-14,DED,NAC Breda,Fortuna Sittard,1,0,5,H,2024
499033,2024-09-14,DED,PSV,NEC,2,0,5,H,2024
503988,2024-09-14,PPL,AVS,Rio Ave FC,1,0,5,H,2024
503980,2024-09-14,PPL,Casa Pia AC,Moreirense FC,3,1,5,H,2024
503985,2024-09-14,PPL,FC Famalicão,Gil Vicente FC,1,1,5,D,2024
503981,2024-09-14,PPL,Sport Lisboa e Benfica,CD Santa Clara,4,1,5,H,2024
499037,2024-09-15,DED,Heracles Almelo,Almere City FC,0,0,5,D,2024
499034,2024-09-15,DED,Sparta Rotterdam,Go Ahead Eagles,1,2,5,A,2024
499036,2024-09-15,DED,Willem II Tilburg,RKC Waalwijk,3,0,5,H,2024
503986,2024-09-15,PPL,FC Porto,SC Farense,2,1,5,H,2024
503983,2024-09-15,PPL,GD Estoril Praia,CD Nacional,1,0,5,H,2024
503984,2024-09-15,PPL,Sporting Clube de Braga,Vitória SC,0,2,5,A,2024
503987,2024-09-16,PPL,CF Estrela da Amadora,Boavista FC,2,2,5,D,2024
499019,2024-09-17,DED,FC Twente '65,SC Heerenveen,2,0,3,H,2024
499018,2024-09-18,DED,AFC Ajax,Fortuna Sittard,5,0,3,H,2024
499038,2024-09-20,DED,PEC Zwolle,AZ,1,2,6,A,2024
503974,2024-09-20,PPL,CD Nacional,Sporting Clube de Braga,0,3,6,A,2024
499039,2024-09-21,DED,FC Utrecht,Willem II Tilburg,3,2,6,H,2024
499041,2024-09-21,DED,Go Ahead Eagles,AFC Ajax,1,1,6,D,2024
499042,2024-09-21,DED,NEC,Heracles Almelo,1,2,6,A,2024
499040,2024-09-21,DED,RKC Waalwijk,Sparta Rotterdam,1,2,6,A,2024
503973,2024-09-21,PPL,CD Santa Clara,CF Estrela da Amadora,1,0,6,H,2024
503977,2024-09-21,PPL,Moreirense FC,FC Famalicão,0,0,6,D,2024
503978,2024-09-21,PPL,Rio Ave FC,GD Estoril Praia,2,2,6,D,2024
503972,2024-09-21,PPL,Vitória SC,FC Porto,0,3,6,A,2024
499044,2024-09-22,DED,Almere City FC,FC Twente '65,0,5,6,A,2024
499045,2024-09-22,DED,Feyenoord Rotterdam,NAC Breda,2,0,6,H,2024
499046,2024-09-22,DED,Fortuna Sittard,PSV,1,3,6,A,2024
499043,2024-09-22,DED,SC Heerenveen,FC Groningen,2,1,6,H,2024
503979,2024-09-22,PPL,Gil Vicente FC,Casa Pia AC,1,1,6,D,2024
503975,2024-09-22,PPL,SC Farense,FC Arouca,0,1,6,A,2024
503976,2024-09-22,PPL,Sporting Clube de Portugal,AVS,3,0,6,H,2024
503971,2024-09-23,PPL,Boavista FC,Sport Lisboa e Benfica,0,3,6,A,2024
499047,2024-09-27,DED,Heracles Almelo,SC Heerenveen,2,1,7,H,2024
503965,2024-09-27,PPL,GD Estoril Praia,Sporting Clube de Portugal,0,3,7,A,2024
499049,2024-09-28,DED,NEC,Feyenoord Rotterdam,1,1,7,D,2024
499050,2024-09-28,DED,Sparta Rotterdam,Fortuna Sittard,1,1,7,D,2024
499051,2024-09-28,DED,Willem II Tilburg,PSV,0,2,7,A,2024
503966,2024-09-28,PPL,CF Estrela da Amadora,Moreirense FC,2,1,7,H,2024
503962,2024-09-28,PPL,Casa Pia AC,Vitória SC,1,1,7,D,2024
503963,2024-09-28,PPL,Sport Lisboa e Benfica,Gil Vicente FC,5,1,7,H,2024
499055,2024-09-29,DED,AZ,FC Utrecht,1,2,7,A,2024
499053,2024-09-29,DED,FC Groningen,Go Ahead Eagles,0,1,7,A,2024
499048,2024-09-29,DED,FC Twente '65,NAC Breda,1,0,7,H,2024
499052,2024-09-29,DED,PEC Zwolle,Almere City FC,1,0,7,H,2024
499054,2024-09-29,DED,RKC Waalwijk,AFC Ajax,0,2,7,A,2024
503967,2024-09-29,PPL,CD Santa Clara,Boavista FC,1,0,7,H,2024
503970,2024-09-29,PPL,FC Famalicão,CD Nacional,0,0,7,D,2024
503968,2024-09-29,PPL,FC Porto,FC Arouca,4,0,7,H,2024
503964,2024-09-29,PPL,Sporting Clube de Braga,Rio Ave FC,4,0,7,H,2024
503969,2024-09-30,PPL,AVS,SC Farense,0,0,7,D,2024
499057,2024-10-04,DED,Almere City FC,Willem II Tilburg,0,1,8,A,2024
503959,2024-10-04,PPL,Rio Ave FC,FC Famalicão,1,1,8,D,2024
499060,2024-10-05,DED,FC Utrecht,RKC Waalwijk,3,2,8,H,2024
499056,2024-10-05,DED,NAC Breda,NEC,1,0,8,H,2024
499059,2024-10-05,DED,PSV,Sparta Rotterdam,2,1,8,H,2024
503954,2024-10-05,PPL,FC Arouca,AVS,1,1,8,D,2024
503960,2024-10-05,PPL,Gil Vicente FC,CF Estrela da Amadora,3,0,8,H,2024
503958,2024-10-05,PPL,Moreirense FC,CD Santa Clara,1,0,8,H,2024
503957,2024-10-05,PPL,Sporting Clube de Portugal,Casa Pia AC,2,0,8,H,2024
499062,2024-10-06,DED,AFC Ajax,FC Groningen,3,1,8,H,2024
499061,2024-10-06,DED,Feyenoord Rotterdam,FC Twente '65,2,1,8,H,2024
499064,2024-10-06,DED,Fortuna Sittard,AZ,1,0,8,H,2024
499063,2024-10-06,DED,Go Ahead Eagles,Heracles Almelo,4,1,8,H,2024
499058,2024-10-06,DED,SC Heerenveen,PEC Zwolle,1,1,8,D,2024
503953,2024-10-06,PPL,FC Porto,Sporting Clube de Braga,2,1,8,H,2024
503961,2024-10-06,PPL,SC Farense,GD Estoril Praia,1,0,8,H,2024
503956,2024-10-06,PPL,Vitória SC,Boavista FC,2,2,8,D,2024
499066,2024-10-19,DED,AZ,PSV,1,2,9,A,2024
499069,2024-10-19,DED,Go Ahead Eagles,Feyenoord Rotterdam,1,5,9,A,2024
499067,2024-10-19,DED,NEC,SC Heerenveen,3,0,9,H,2024
499068,2024-10-19,DED,RKC Waalwijk,FC Twente '65,2,2,9,D,2024
499065,2024-10-19,DED,Sparta Rotterdam,Almere City FC,2,2,9,D,2024
499071,2024-10-20,DED,FC Groningen,FC Utrecht,0,1,9,A,2024
499072,2024-10-20,DED,Heracles Almelo,AFC Ajax,3,4,9,A,2024
499073,2024-10-20,DED,PEC Zwolle,NAC Breda,1,2,9,A,2024
499070,2024-10-20,DED,Willem II Tilburg,Fortuna Sittard,0,0,9,D,2024
499074,2024-10-25,DED,Almere City FC,NEC,1,0,10,H,2024
503951,2024-10-25,PPL,CD Santa Clara,Gil Vicente FC,2,1,9,H,2024
503944,2024-10-25,PPL,Casa Pia AC,CD Nacional,1,0,9,H,2024
499075,2024-10-26,DED,Fortuna Sittard,FC Groningen,1,0,10,H,2024
499076,2024-10-26,DED,NAC Breda,RKC Waalwijk,4,1,10,H,2024
499077,2024-10-26,DED,PSV,PEC Zwolle,6,0,10,H,2024
499078,2024-10-26,DED,SC Heerenveen,Sparta Rotterdam,2,0,10,H,2024
503946,2024-10-26,PPL,Boavista FC,Moreirense FC,0,2,9,A,2024
503949,2024-10-26,PPL,FC Famalicão,Sporting Clube de Portugal,0,3,9,A,2024
503950,2024-10-26,PPL,GD Estoril Praia,FC Arouca,4,1,9,H,2024
499082,2024-10-27,DED,AFC Ajax,Willem II Tilburg,1,0,10,H,2024
499080,2024-10-27,DED,AZ,Go Ahead Eagles,2,2,10,D,2024
499081,2024-10-27,DED,FC Twente '65,Heracles Almelo,5,0,10,H,2024
499079,2024-10-27,DED,FC Utrecht,Feyenoord Rotterdam,0,2,10,A,2024
503947,2024-10-27,PPL,CF Estrela da Amadora,Vitória SC,2,2,9,D,2024
503945,2024-10-27,PPL,Sport Lisboa e Benfica,Rio Ave FC,5,0,9,H,2024
503948,2024-10-27,PPL,Sporting Clube de Braga,SC Farense,2,0,9,H,2024
503952,2024-10-28,PPL,AVS,FC Porto,0,5,9,A,2024
499026,2024-10-30,DED,Feyenoord Rotterdam,AFC Ajax,0,2,4,A,2024
503940,2024-11-01,PPL,Sporting Clube de Portugal,CF Estrela da Amadora,5,1,10,H,2024
499086,2024-11-02,DED,AFC Ajax,PSV,3,2,11,H,2024
499083,2024-11-02,DED,Feyenoord Rotterdam,AZ,3,2,11,H,2024
499087,2024-11-02,DED,Fortuna Sittard,SC Heerenveen,3,0,11,H,2024
499084,2024-11-02,DED,Heracles Almelo,NAC Breda,2,0,11,H,2024
499085,2024-11-02,DED,Willem II Tilburg,FC Twente '65,0,1,11,A,2024
503938,2024-11-02,PPL,Gil Vicente FC,Boavista FC,1,2,10,A,2024
503942,2024-11-02,PPL,Rio Ave FC,Casa Pia AC,2,2,10,D,2024
503937,2024-11-02,PPL,SC Farense,Sport Lisboa e Benfica,1,2,10,A,2024
499088,2024-11-03,DED,Go Ahead Eagles,PEC Zwolle,2,2,11,D,2024
499089,2024-11-03,DED,NEC,FC Groningen,6,0,11,H,2024
499091,2024-11-03,DED,RKC Waalwijk,Almere City FC,2,0,11,H,2024
499090,2024-11-03,DED,Sparta Rotterdam,FC Utrecht,1,4,11,A,2024
503943,2024-11-03,PPL,AVS,FC Famalicão,2,3,10,A,2024
503935,2024-11-03,PPL,FC Arouca,Sporting Clube de Braga,1,2,10,A,2024
503941,2024-11-03,PPL,FC Porto,GD Estoril Praia,4,0,10,H,2024
503936,2024-11-03,PPL,Vitória SC,Moreirense FC,1,0,10,H,2024
503939,2024-11-04,PPL,CD Nacional,CD Santa Clara,2,0,10,H,2024
499092,2024-11-08,DED,FC Utrecht,Heracles Almelo,1,0,12,H,2024
503932,2024-11-08,PPL,Moreirense FC,Gil Vicente FC,3,2,11,H,2024
499093,2024-11-09,DED,FC Groningen,Sparta Rotterdam,1,0,12,H,2024
499095,2024-11-09,DED,NAC Breda,PSV,0,3,12,A,2024
499094,2024-11-09,DED,PEC Zwolle,Fortuna Sittard,3,1,12,H,2024
499096,2024-11-09,DED,RKC Waalwijk,NEC,0,3,12,A,2024
503926,2024-11-09,PPL,Boavista FC,Rio Ave FC,0,2,11,A,2024
503929,2024-11-09,PPL,Casa Pia AC,SC Farense,1,1,11,D,2024
503933,2024-11-09,PPL,FC Famalicão,FC Arouca,0,0,11,D,2024
503931,2024-11-09,PPL,GD Estoril Praia,AVS,0,0,11,D,2024
499100,2024-11-10,DED,AZ,Willem II Tilburg,1,2,12,A,2024
499097,2024-11-10,DED,Almere City FC,Feyenoord Rotterdam,1,4,12,A,2024
499099,2024-11-10,DED,FC Twente '65,AFC Ajax,2,2,12,D,2024
499098,2024-11-10,DED,SC Heerenveen,Go Ahead Eagles,1,0,12,H,2024
503934,2024-11-10,PPL,CD Santa Clara,Vitória SC,1,0,11,H,2024
503930,2024-11-10,PPL,CF Estrela da Amadora,CD Nacional,2,0,11,H,2024
503927,2024-11-10,PPL,Sport Lisboa e Benfica,FC Porto,4,1,11,H,2024
503928,2024-11-10,PPL,Sporting Clube de Braga,Sporting Clube de Portugal,2,4,11,A,2024
499103,2024-11-23,DED,Feyenoord Rotterdam,SC Heerenveen,3,0,13,H,2024
499105,2024-11-23,DED,Fortuna Sittard,FC Twente '65,1,2,13,A,2024
499102,2024-11-23,DED,Go Ahead Eagles,Almere City FC,3,0,13,H,2024
499104,2024-11-23,DED,Heracles Almelo,RKC Waalwijk,2,2,13,D,2024
499101,2024-11-23,DED,PSV,FC Groningen,5,0,13,H,2024
499109,2024-11-24,DED,AFC Ajax,PEC Zwolle,2,0,13,H,2024
499106,2024-11-24,DED,NEC,FC Utrecht,1,2,13,A,2024
499107,2024-11-24,DED,Sparta Rotterdam,AZ,1,2,13,A,2024
499108,2024-11-24,DED,Willem II Tilburg,NAC Breda,2,2,13,D,2024
499110,2024-11-29,DED,SC Heerenveen,RKC Waalwijk,1,1,14,D,2024
503924,2024-11-29,PPL,SC Farense,CF Estrela da Amadora,1,0,12,H,2024
499112,2024-11-30,DED,FC Groningen,Willem II Tilburg,2,0,14,H,2024
499113,2024-11-30,DED,Feyenoord Rotterdam,Fortuna Sittard,1,1,14,D,2024
499111,2024-11-30,DED,NAC Breda,Almere City FC,1,0,14,H,2024
499114,2024-11-30,DED,PEC Zwolle,Sparta Rotterdam,1,0,14,H,2024
503921,2024-11-30,PPL,CD Nacional,Boavista FC,0,0,12,D,2024
503923,2024-11-30,PPL,Rio Ave FC,Moreirense FC,3,2,12,H,2024
503922,2024-11-30,PPL,Sporting Clube de Portugal,CD Santa Clara,0,1,12,A,2024
499116,2024-12-01,DED,AZ,Heracles Almelo,1,0,14,H,2024
499117,2024-12-01,DED,FC Twente '65,Go Ahead Eagles,3,2,14,H,2024
499115,2024-12-01,DED,FC Utrecht,PSV,2,5,14,A,2024
499118,2024-12-01,DED,NEC,AFC Ajax,1,2,14,A,2024
503920,2024-12-01,PPL,AVS,Sporting Clube de Braga,0,1,12,A,2024
503918,2024-12-01,PPL,FC Arouca,Sport Lisboa e Benfica,0,2,12,A,2024
503917,2024-12-01,PPL,GD Estoril Praia,FC Famalicão,2,1,12,H,2024
503925,2024-12-02,PPL,FC Porto,Casa Pia AC,2,0,12,H,2024
503919,2024-12-02,PPL,Vitória SC,Gil Vicente FC,4,0,12,H,2024
499035,2024-12-04,DED,AFC Ajax,FC Utrecht,2,2,5,D,2024
503912,2024-12-05,PPL,Moreirense FC,Sporting Clube de Portugal,2,1,13,H,2024
499124,2024-12-06,DED,PSV,FC Twente '65,6,1,15,H,2024
503910,2024-12-06,PPL,Sporting Clube de Braga,GD Estoril Praia,2,2,13,D,2024
499122,2024-12-07,DED,Go Ahead Eagles,NEC,5,0,15,H,2024
499123,2024-12-07,DED,Heracles Almelo,Fortuna Sittard,2,2,15,D,2024
499125,2024-12-07,DED,RKC Waalwijk,Feyenoord Rotterdam,2,3,15,A,2024
499126,2024-12-07,DED,Sparta Rotterdam,NAC Breda,0,2,15,A,2024
503915,2024-12-07,PPL,CD Santa Clara,Rio Ave FC,1,0,13,H,2024
503916,2024-12-07,PPL,FC Famalicão,FC Porto,1,1,13,D,2024
503911,2024-12-07,PPL,Gil Vicente FC,CD Nacional,2,1,13,H,2024
503909,2024-12-07,PPL,Sport Lisboa e Benfica,Vitória SC,1,0,13,H,2024
499120,2024-12-08,DED,AZ,AFC Ajax,2,1,15,H,2024
499119,2024-12-08,DED,Almere City FC,FC Utrecht,1,3,15,A,2024
499121,2024-12-08,DED,FC Groningen,PEC Zwolle,0,0,15,D,2024
499127,2024-12-08,DED,Willem II Tilburg,SC Heerenveen,1,2,15,A,2024
503908,2024-12-08,PPL,Boavista FC,SC Farense,1,1,13,D,2024
503913,2024-12-08,PPL,Casa Pia AC,AVS,1,1,13,D,2024
503914,2024-12-09,PPL,CF Estrela da Amadora,FC Arouca,2,1,13,H,2024
499134,2024-12-13,DED,PEC Zwolle,Willem II Tilburg,0,1,16,A,2024
499130,2024-12-14,DED,Feyenoord Rotterdam,Heracles Almelo,5,2,16,H,2024
499131,2024-12-14,DED,Fortuna Sittard,RKC Waalwijk,3,2,16,H,2024
499135,2024-12-14,DED,SC Heerenveen,PSV,1,0,16,H,2024
503904,2024-12-14,PPL,CD Nacional,Moreirense FC,1,0,14,H,2024
503899,2024-12-14,PPL,SC Farense,Gil Vicente FC,0,1,14,A,2024
503907,2024-12-14,PPL,Sporting Clube de Portugal,Boavista FC,3,2,14,H,2024
499128,2024-12-15,DED,AFC Ajax,Almere City FC,3,0,16,H,2024
499136,2024-12-15,DED,FC Twente '65,FC Groningen,2,0,16,H,2024
499129,2024-12-15,DED,FC Utrecht,Go Ahead Eagles,3,3,16,D,2024
499132,2024-12-15,DED,NAC Breda,AZ,1,2,16,A,2024
499133,2024-12-15,DED,NEC,Sparta Rotterdam,1,1,16,D,2024
503902,2024-12-15,PPL,AVS,Sport Lisboa e Benfica,1,1,14,D,2024
503901,2024-12-15,PPL,FC Arouca,CD Santa Clara,1,0,14,H,2024
503906,2024-12-15,PPL,GD Estoril Praia,Casa Pia AC,0,2,14,A,2024
503905,2024-12-16,PPL,FC Porto,CF Estrela da Amadora,2,0,14,H,2024
503903,2024-12-16,PPL,Rio Ave FC,Vitória SC,2,2,14,D,2024
503900,2024-12-16,PPL,Sporting Clube de Braga,FC Famalicão,3,3,14,D,2024
503955,2024-12-19,PPL,CD Nacional,Sport Lisboa e Benfica,0,2,8,A,2024
499143,2024-12-20,DED,RKC Waalwijk,PEC Zwolle,1,1,17,D,2024
503896,2024-12-20,PPL,Casa Pia AC,FC Arouca,3,1,15,H,2024
499138,2024-12-21,DED,AZ,FC Twente '65,1,0,17,H,2024
499137,2024-12-21,DED,Almere City FC,SC Heerenveen,3,0,17,H,2024
499140,2024-12-21,DED,Go Ahead Eagles,NAC Breda,2,1,17,H,2024
503895,2024-12-21,PPL,Boavista FC,AVS,0,0,15,D,2024
503898,2024-12-21,PPL,FC Famalicão,SC Farense,1,2,15,A,2024
503894,2024-12-21,PPL,Moreirense FC,FC Porto,0,3,15,A,2024
499139,2024-12-22,DED,FC Utrecht,Fortuna Sittard,2,5,17,A,2024
499142,2024-12-22,DED,PSV,Feyenoord Rotterdam,3,0,17,H,2024
499144,2024-12-22,DED,Sparta Rotterdam,AFC Ajax,0,2,17,A,2024
499145,2024-12-22,DED,Willem II Tilburg,NEC,4,1,17,H,2024
503897,2024-12-22,PPL,CD Santa Clara,Sporting Clube de Braga,0,2,15,A,2024
503890,2024-12-22,PPL,Gil Vicente FC,Sporting Clube de Portugal,0,0,15,D,2024
503893,2024-12-23,PPL,CF Estrela da Amadora,Rio Ave FC,1,0,15,H,2024
503891,2024-12-23,PPL,Sport Lisboa e Benfica,GD Estoril Praia,3,0,15,H,2024
503892,2024-12-23,PPL,Vitória SC,CD Nacional,2,2,15,D,2024
503883,2024-12-27,PPL,FC Arouca,Gil Vicente FC,1,1,16,D,2024
503885,2024-12-28,PPL,AVS,CF Estrela da Amadora,1,1,16,D,2024
503888,2024-12-28,PPL,FC Porto,Boavista FC,4,0,16,H,2024
503881,2024-12-28,PPL,GD Estoril Praia,Moreirense FC,2,2,16,D,2024
503887,2024-12-29,PPL,Rio Ave FC,CD Nacional,2,1,16,H,2024
503884,2024-12-29,PPL,SC Farense,Vitória SC,2,2,16,D,2024
503882,2024-12-29,PPL,Sporting Clube de Braga,Casa Pia AC,1,2,16,A,2024
503889,2024-12-29,PPL,Sporting Clube de Portugal,Sport Lisboa e Benfica,1,0,16,H,2024
503886,2024-12-30,PPL,FC Famalicão,CD Santa Clara,1,2,16,A,2024
503875,2025-01-03,PPL,Vitória SC,Sporting Clube de Portugal,4,4,17,D,2024
503878,2025-01-04,PPL,Boavista FC,FC Arouca,1,3,17,A,2024
503877,2025-01-04,PPL,Moreirense FC,AVS,1,1,17,D,2024
503874,2025-01-04,PPL,Sport Lisboa e Benfica,Sporting Clube de Braga,1,2,17,A,2024
503879,2025-01-05,PPL,CD Santa Clara,SC Farense,0,0,17,D,2024
503720,2025-01-05,PPL,CF Estrela da Amadora,GD Estoril Praia,2,4,17,A,2024
503873,2025-01-05,PPL,Casa Pia AC,FC Famalicão,1,1,17,D,2024
503876,2025-01-06,PPL,Gil Vicente FC,Rio Ave FC,1,1,17,D,2024
499149,2025-01-10,DED,Fortuna Sittard,Go Ahead Eagles,0,3,18,A,2024
499146,2025-01-11,DED,AFC Ajax,RKC Waalwijk,2,1,18,H,2024
499150,2025-01-11,DED,Heracles Almelo,Sparta Rotterdam,1,1,18,D,2024
499152,2025-01-11,DED,PEC Zwolle,NEC,0,1,18,A,2024
499153,2025-01-11,DED,PSV,AZ,2,2,18,D,2024
499147,2025-01-12,DED,FC Groningen,Almere City FC,0,0,18,D,2024
499154,2025-01-12,DED,FC Twente '65,Willem II Tilburg,6,2,18,H,2024
499148,2025-01-12,DED,Feyenoord Rotterdam,FC Utrecht,1,2,18,A,2024
499151,2025-01-12,DED,NAC Breda,SC Heerenveen,2,4,18,A,2024
503880,2025-01-12,PPL,CD Nacional,FC Porto,2,0,17,H,2024
503868,2025-01-17,PPL,Sport Lisboa e Benfica,FC Famalicão,4,0,18,H,2024
499156,2025-01-18,DED,FC Utrecht,AZ,0,0,19,D,2024
499157,2025-01-18,DED,Go Ahead Eagles,FC Groningen,2,1,19,H,2024
499160,2025-01-18,DED,PEC Zwolle,PSV,3,1,19,H,2024
499163,2025-01-18,DED,Willem II Tilburg,Feyenoord Rotterdam,1,1,19,D,2024
503870,2025-01-18,PPL,CD Santa Clara,GD Estoril Praia,2,3,18,A,2024
503872,2025-01-18,PPL,Rio Ave FC,Sporting Clube de Portugal,0,3,18,A,2024
503865,2025-01-18,PPL,Vitória SC,FC Arouca,2,2,18,D,2024
499155,2025-01-19,DED,Almere City FC,Heracles Almelo,0,2,19,A,2024
499158,2025-01-19,DED,NAC Breda,FC Twente '65,2,1,19,H,2024
499159,2025-01-19,DED,NEC,Fortuna Sittard,4,1,19,H,2024
499161,2025-01-19,DED,SC Heerenveen,AFC Ajax,0,2,19,A,2024
499162,2025-01-19,DED,Sparta Rotterdam,RKC Waalwijk,1,1,19,D,2024
503864,2025-01-19,PPL,CD Nacional,AVS,3,1,18,H,2024
503867,2025-01-19,PPL,CF Estrela da Amadora,Sporting Clube de Braga,0,1,18,A,2024
503871,2025-01-19,PPL,Gil Vicente FC,FC Porto,3,1,18,H,2024
503866,2025-01-19,PPL,Moreirense FC,SC Farense,0,0,18,D,2024
503869,2025-01-20,PPL,Boavista FC,Casa Pia AC,2,3,18,A,2024
499169,2025-01-24,DED,Heracles Almelo,FC Utrecht,1,1,20,D,2024
503860,2025-01-24,PPL,FC Arouca,Moreirense FC,1,0,19,H,2024
499166,2025-01-25,DED,FC Groningen,SC Heerenveen,1,0,20,H,2024
499170,2025-01-25,DED,PSV,NAC Breda,3,2,20,H,2024
503858,2025-01-25,PPL,Casa Pia AC,Sport Lisboa e Benfica,3,1,19,H,2024
503857,2025-01-25,PPL,FC Famalicão,CF Estrela da Amadora,0,0,19,D,2024
503862,2025-01-25,PPL,SC Farense,Rio Ave FC,1,2,19,A,2024
503855,2025-01-25,PPL,Sporting Clube de Portugal,CD Nacional,2,0,19,H,2024
499165,2025-01-26,DED,AZ,Sparta Rotterdam,1,2,20,A,2024
499168,2025-01-26,DED,Fortuna Sittard,PEC Zwolle,1,4,20,A,2024
499171,2025-01-26,DED,RKC Waalwijk,Willem II Tilburg,2,0,20,H,2024
503859,2025-01-26,PPL,FC Porto,CD Santa Clara,1,1,19,D,2024
503863,2025-01-26,PPL,GD Estoril Praia,Vitória SC,1,0,19,H,2024
503856,2025-01-26,PPL,Sporting Clube de Braga,Boavista FC,3,0,19,H,2024
503861,2025-01-27,PPL,AVS,Gil Vicente FC,1,0,19,H,2024
499141,2025-01-28,DED,Heracles Almelo,FC Groningen,1,1,17,D,2024
499176,2025-01-31,DED,NAC Breda,Heracles Almelo,1,1,21,D,2024
503853,2025-01-31,PPL,Boavista FC,FC Famalicão,0,2,20,A,2024
499177,2025-02-01,DED,NEC,PSV,3,3,21,D,2024
499178,2025-02-01,DED,PEC Zwolle,FC Utrecht,3,3,21,D,2024
499179,2025-02-01,DED,SC Heerenveen,Fortuna Sittard,2,2,21,D,2024
503846,2025-02-01,PPL,CD Nacional,FC Arouca,1,2,20,A,2024
503852,2025-02-01,PPL,CD Santa Clara,Casa Pia AC,2,1,20,H,2024
503850,2025-02-01,PPL,Gil Vicente FC,GD Estoril Praia,1,2,20,A,2024
503854,2025-02-01,PPL,Vitória SC,AVS,2,0,20,H,2024
499173,2025-02-02,DED,AFC Ajax,Feyenoord Rotterdam,2,1,21,H,2024
499174,2025-02-02,DED,Almere City FC,RKC Waalwijk,1,4,21,A,2024
499175,2025-02-02,DED,Go Ahead Eagles,FC Twente '65,2,2,21,D,2024
499180,2025-02-02,DED,Sparta Rotterdam,FC Groningen,1,0,21,H,2024
499181,2025-02-02,DED,Willem II Tilburg,AZ,0,2,21,A,2024
503849,2025-02-02,PPL,CF Estrela da Amadora,Sport Lisboa e Benfica,2,3,20,A,2024
503851,2025-02-02,PPL,Sporting Clube de Portugal,SC Farense,3,1,20,H,2024
503848,2025-02-03,PPL,Moreirense FC,Sporting Clube de Braga,1,2,20,A,2024
503847,2025-02-03,PPL,Rio Ave FC,FC Porto,2,2,20,D,2024
503837,2025-02-07,PPL,FC Porto,Sporting Clube de Portugal,1,1,21,D,2024
499183,2025-02-08,DED,FC Groningen,NEC,2,1,22,H,2024
499185,2025-02-08,DED,Feyenoord Rotterdam,Sparta Rotterdam,3,0,22,H,2024
499187,2025-02-08,DED,Heracles Almelo,Go Ahead Eagles,4,2,22,H,2024
499188,2025-02-08,DED,PSV,Willem II Tilburg,1,1,22,D,2024
503841,2025-02-08,PPL,AVS,CD Santa Clara,1,2,21,A,2024
503843,2025-02-08,PPL,FC Famalicão,Vitória SC,0,0,21,D,2024
503839,2025-02-08,PPL,Sport Lisboa e Benfica,Moreirense FC,3,2,21,H,2024
499182,2025-02-09,DED,AZ,PEC Zwolle,2,0,22,H,2024
499184,2025-02-09,DED,FC Utrecht,Almere City FC,0,1,22,A,2024
499186,2025-02-09,DED,Fortuna Sittard,AFC Ajax,0,2,22,A,2024
499189,2025-02-09,DED,RKC Waalwijk,NAC Breda,5,0,22,H,2024
499190,2025-02-09,DED,SC Heerenveen,FC Twente '65,3,3,22,D,2024
503845,2025-02-09,PPL,Casa Pia AC,CF Estrela da Amadora,1,0,21,H,2024
503838,2025-02-09,PPL,GD Estoril Praia,Boavista FC,2,1,21,H,2024
503844,2025-02-09,PPL,SC Farense,CD Nacional,0,2,21,A,2024
503840,2025-02-09,PPL,Sporting Clube de Braga,Gil Vicente FC,2,0,21,H,2024
503842,2025-02-10,PPL,FC Arouca,Rio Ave FC,1,1,21,D,2024
499193,2025-02-14,DED,Go Ahead Eagles,Sparta Rotterdam,1,0,23,H,2024
503835,2025-02-14,PPL,Boavista FC,CF Estrela da Amadora,0,1,22,A,2024
499194,2025-02-15,DED,NAC Breda,Feyenoord Rotterdam,0,0,23,D,2024
499197,2025-02-15,DED,PSV,FC Utrecht,2,2,23,D,2024
499199,2025-02-15,DED,Willem II Tilburg,FC Groningen,1,3,23,A,2024
503832,2025-02-15,PPL,CD Nacional,GD Estoril Praia,2,2,22,D,2024
503831,2025-02-15,PPL,CD Santa Clara,Sport Lisboa e Benfica,0,1,22,A,2024
503828,2025-02-15,PPL,Moreirense FC,Casa Pia AC,3,2,22,H,2024
503830,2025-02-15,PPL,Sporting Clube de Portugal,FC Arouca,2,2,22,D,2024
499191,2025-02-16,DED,AFC Ajax,Heracles Almelo,4,0,23,H,2024
499198,2025-02-16,DED,FC Twente '65,RKC Waalwijk,2,0,23,H,2024
499195,2025-02-16,DED,NEC,Almere City FC,2,2,23,D,2024
499196,2025-02-16,DED,PEC Zwolle,SC Heerenveen,1,1,23,D,2024
503836,2025-02-16,PPL,Rio Ave FC,AVS,1,1,22,D,2024
503834,2025-02-16,PPL,SC Farense,FC Porto,0,1,22,A,2024
503829,2025-02-16,PPL,Vitória SC,Sporting Clube de Braga,0,0,22,D,2024
503833,2025-02-17,PPL,Gil Vicente FC,FC Famalicão,0,2,22,A,2024
503822,2025-02-21,PPL,Sporting Clube de Braga,CD Nacional,1,0,23,H,2024
499167,2025-02-22,DED,Feyenoord Rotterdam,Almere City FC,2,1,20,H,2024
503827,2025-02-22,PPL,Casa Pia AC,Gil Vicente FC,1,0,23,H,2024
503826,2025-02-22,PPL,GD Estoril Praia,Rio Ave FC,2,1,23,H,2024
503819,2025-02-22,PPL,Sport Lisboa e Benfica,Boavista FC,3,0,23,H,2024
499164,2025-02-23,DED,AFC Ajax,Go Ahead Eagles,2,0,20,H,2024
499192,2025-02-23,DED,AZ,Fortuna Sittard,1,0,23,H,2024
499172,2025-02-23,DED,FC Twente '65,NEC,2,0,20,H,2024
503823,2025-02-23,PPL,AVS,Sporting Clube de Portugal,2,2,23,D,2024
503821,2025-02-23,PPL,CF Estrela da Amadora,CD Santa Clara,0,0,23,D,2024
503824,2025-02-23,PPL,FC Arouca,SC Farense,2,2,23,D,2024
503825,2025-02-23,PPL,FC Famalicão,Moreirense FC,2,0,23,H,2024
503820,2025-02-24,PPL,FC Porto,Vitória SC,1,1,23,D,2024
499206,2025-02-28,DED,RKC Waalwijk,Fortuna Sittard,1,2,24,A,2024
499201,2025-03-01,DED,FC Groningen,FC Twente '65,1,1,24,D,2024
499202,2025-03-01,DED,FC Utrecht,NAC Breda,1,0,24,H,2024
499203,2025-03-01,DED,Feyenoord Rotterdam,NEC,0,0,24,D,2024
499204,2025-03-01,DED,Go Ahead Eagles,PSV,3,2,24,H,2024
503818,2025-03-01,PPL,CD Nacional,FC Famalicão,2,1,24,H,2024
503816,2025-03-01,PPL,FC Arouca,FC Porto,0,2,24,A,2024
503810,2025-03-01,PPL,Vitória SC,Casa Pia AC,1,0,24,H,2024
499200,2025-03-02,DED,Almere City FC,AFC Ajax,0,1,24,A,2024
499205,2025-03-02,DED,Heracles Almelo,PEC Zwolle,4,2,24,H,2024
499207,2025-03-02,DED,SC Heerenveen,AZ,3,1,24,H,2024
499208,2025-03-02,DED,Sparta Rotterdam,Willem II Tilburg,4,0,24,H,2024
503814,2025-03-02,PPL,Boavista FC,CD Santa Clara,1,0,24,H,2024
503815,2025-03-02,PPL,Moreirense FC,CF Estrela da Amadora,1,1,24,D,2024
503812,2025-03-02,PPL,Rio Ave FC,Sporting Clube de Braga,2,1,24,H,2024
503817,2025-03-02,PPL,SC Farense,AVS,0,1,24,A,2024
503813,2025-03-03,PPL,Sporting Clube de Portugal,GD Estoril Praia,3,1,24,H,2024
499212,2025-03-07,DED,NAC Breda,Sparta Rotterdam,1,1,25,D,2024
503808,2025-03-07,PPL,CF Estrela da Amadora,Gil Vicente FC,1,1,25,D,2024
499211,2025-03-08,DED,Fortuna Sittard,Heracles Almelo,1,0,25,H,2024
499215,2025-03-08,DED,PSV,SC Heerenveen,2,1,25,H,2024
503802,2025-03-08,PPL,AVS,FC Arouca,0,1,25,A,2024
503809,2025-03-08,PPL,GD Estoril Praia,SC Farense,2,2,25,D,2024
503803,2025-03-08,PPL,Sport Lisboa e Benfica,CD Nacional,3,0,25,H,2024
503801,2025-03-08,PPL,Sporting Clube de Braga,FC Porto,1,0,25,H,2024
499216,2025-03-09,DED,FC Twente '65,Almere City FC,1,0,25,H,2024
499213,2025-03-09,DED,NEC,Go Ahead Eagles,2,3,25,A,2024
499214,2025-03-09,DED,PEC Zwolle,AFC Ajax,0,1,25,A,2024
499217,2025-03-09,DED,Willem II Tilburg,FC Utrecht,2,3,25,A,2024
503804,2025-03-09,PPL,Boavista FC,Vitória SC,1,2,25,A,2024
503806,2025-03-09,PPL,CD Santa Clara,Moreirense FC,1,1,25,D,2024
503805,2025-03-09,PPL,Casa Pia AC,Sporting Clube de Portugal,1,3,25,A,2024
503807,2025-03-10,PPL,FC Famalicão,Rio Ave FC,1,0,25,H,2024
499219,2025-03-14,DED,Almere City FC,NAC Breda,1,1,26,D,2024
499221,2025-03-15,DED,FC Utrecht,NEC,0,1,26,A,2024
499223,2025-03-15,DED,RKC Waalwijk,PSV,0,3,26,A,2024
499224,2025-03-15,DED,SC Heerenveen,Heracles Almelo,1,1,26,D,2024
499225,2025-03-15,DED,Sparta Rotterdam,PEC Zwolle,1,1,26,D,2024
503800,2025-03-15,PPL,FC Porto,AVS,2,0,26,H,2024
503798,2025-03-15,PPL,Gil Vicente FC,CD Santa Clara,0,1,26,A,2024
503794,2025-03-15,PPL,SC Farense,Sporting Clube de Braga,0,1,26,A,2024
503799,2025-03-15,PPL,Sporting Clube de Portugal,FC Famalicão,3,1,26,H,2024
499218,2025-03-16,DED,AFC Ajax,AZ,2,2,26,D,2024
499220,2025-03-16,DED,FC Groningen,Fortuna Sittard,1,0,26,H,2024
499226,2025-03-16,DED,FC Twente '65,Feyenoord Rotterdam,2,6,26,A,2024
499222,2025-03-16,DED,Go Ahead Eagles,Willem II Tilburg,1,0,26,H,2024
503792,2025-03-16,PPL,CD Nacional,Casa Pia AC,3,1,26,H,2024
503797,2025-03-16,PPL,FC Arouca,GD Estoril Praia,1,1,26,D,2024
503796,2025-03-16,PPL,Moreirense FC,Boavista FC,1,0,26,H,2024
503793,2025-03-16,PPL,Rio Ave FC,Sport Lisboa e Benfica,2,3,26,A,2024
503795,2025-03-16,PPL,Vitória SC,CF Estrela da Amadora,2,0,26,H,2024
503811,2025-03-28,PPL,Gil Vicente FC,Sport Lisboa e Benfica,0,3,24,A,2024
499229,2025-03-29,DED,Fortuna Sittard,Sparta Rotterdam,0,3,27,A,2024
499231,2025-03-29,DED,NAC Breda,FC Groningen,1,1,27,D,2024
499232,2025-03-29,DED,NEC,AZ,3,3,27,D,2024
499233,2025-03-29,DED,PEC Zwolle,RKC Waalwijk,2,0,27,H,2024
499235,2025-03-29,DED,Willem II Tilburg,Almere City FC,0,2,27,A,2024
503790,2025-03-29,PPL,CF Estrela da Amadora,Sporting Clube de Portugal,0,3,27,A,2024
503788,2025-03-29,PPL,Casa Pia AC,Rio Ave FC,2,1,27,H,2024
503786,2025-03-29,PPL,Sporting Clube de Braga,FC Arouca,2,1,27,H,2024
499227,2025-03-30,DED,FC Utrecht,SC Heerenveen,2,0,27,H,2024
499228,2025-03-30,DED,Feyenoord Rotterdam,Go Ahead Eagles,3,2,27,H,2024
499230,2025-03-30,DED,Heracles Almelo,FC Twente '65,2,1,27,H,2024
499234,2025-03-30,DED,PSV,AFC Ajax,0,2,27,A,2024
503789,2025-03-30,PPL,CD Santa Clara,CD Nacional,1,0,27,H,2024
503785,2025-03-30,PPL,FC Famalicão,AVS,4,1,27,H,2024
503791,2025-03-30,PPL,GD Estoril Praia,FC Porto,1,2,27,A,2024
503784,2025-03-30,PPL,Moreirense FC,Vitória SC,2,2,27,D,2024
499209,2025-04-01,DED,AZ,RKC Waalwijk,2,2,25,D,2024
503787,2025-04-01,PPL,Boavista FC,Gil Vicente FC,1,3,27,A,2024
499210,2025-04-02,DED,Feyenoord Rotterdam,FC Groningen,4,1,25,H,2024
503783,2025-04-02,PPL,Sport Lisboa e Benfica,SC Farense,3,2,27,H,2024
499242,2025-04-04,DED,SC Heerenveen,Willem II Tilburg,3,1,28,H,2024
503780,2025-04-04,PPL,AVS,GD Estoril Praia,0,3,28,A,2024
499238,2025-04-05,DED,AZ,Feyenoord Rotterdam,0,1,28,A,2024
499237,2025-04-05,DED,Almere City FC,PEC Zwolle,2,2,28,D,2024
499239,2025-04-05,DED,FC Groningen,PSV,1,3,28,A,2024
499244,2025-04-05,DED,FC Twente '65,Fortuna Sittard,1,1,28,D,2024
503782,2025-04-05,PPL,FC Arouca,FC Famalicão,1,2,28,A,2024
503779,2025-04-05,PPL,Vitória SC,CD Santa Clara,2,0,28,H,2024
499236,2025-04-06,DED,AFC Ajax,NAC Breda,3,1,28,H,2024
499240,2025-04-06,DED,Go Ahead Eagles,FC Utrecht,2,2,28,D,2024
499241,2025-04-06,DED,RKC Waalwijk,Heracles Almelo,0,0,28,D,2024
499243,2025-04-06,DED,Sparta Rotterdam,NEC,2,0,28,H,2024
503778,2025-04-06,PPL,CD Nacional,CF Estrela da Amadora,0,1,28,A,2024
503777,2025-04-06,PPL,FC Porto,Sport Lisboa e Benfica,1,4,28,A,2024
503781,2025-04-06,PPL,Gil Vicente FC,Moreirense FC,0,1,28,A,2024
503776,2025-04-07,PPL,Rio Ave FC,Boavista FC,0,2,28,A,2024
503774,2025-04-07,PPL,SC Farense,Casa Pia AC,0,0,28,D,2024
503775,2025-04-07,PPL,Sporting Clube de Portugal,Sporting Clube de Braga,1,1,28,D,2024
499249,2025-04-11,DED,NEC,RKC Waalwijk,2,1,29,H,2024
503766,2025-04-11,PPL,Gil Vicente FC,Vitória SC,0,1,29,A,2024
499246,2025-04-12,DED,Fortuna Sittard,Feyenoord Rotterdam,0,2,29,A,2024
499248,2025-04-12,DED,NAC Breda,Go Ahead Eagles,1,1,29,D,2024
499251,2025-04-12,DED,PSV,Almere City FC,5,0,29,H,2024
499252,2025-04-12,DED,Sparta Rotterdam,SC Heerenveen,3,1,29,H,2024
503769,2025-04-12,PPL,Boavista FC,CD Nacional,0,1,29,A,2024
503771,2025-04-12,PPL,CD Santa Clara,Sporting Clube de Portugal,0,1,29,A,2024
503770,2025-04-12,PPL,Casa Pia AC,FC Porto,0,1,29,A,2024
503767,2025-04-12,PPL,FC Famalicão,GD Estoril Praia,3,0,29,H,2024
499245,2025-04-13,DED,FC Utrecht,FC Groningen,3,1,29,H,2024
499247,2025-04-13,DED,Heracles Almelo,AZ,1,0,29,H,2024
499250,2025-04-13,DED,PEC Zwolle,FC Twente '65,1,1,29,D,2024
499253,2025-04-13,DED,Willem II Tilburg,AFC Ajax,1,2,29,A,2024
503773,2025-04-13,PPL,CF Estrela da Amadora,SC Farense,0,1,29,A,2024
503772,2025-04-13,PPL,Moreirense FC,Rio Ave FC,0,2,29,A,2024
503768,2025-04-13,PPL,Sport Lisboa e Benfica,FC Arouca,2,2,29,D,2024
503765,2025-04-13,PPL,Sporting Clube de Braga,AVS,4,1,29,H,2024
503764,2025-04-18,PPL,FC Porto,FC Famalicão,2,1,30,H,2024
503760,2025-04-18,PPL,Rio Ave FC,CD Santa Clara,1,1,30,D,2024
503756,2025-04-18,PPL,SC Farense,Boavista FC,0,1,30,A,2024
503761,2025-04-18,PPL,Sporting Clube de Portugal,Moreirense FC,3,1,30,H,2024
499270,2025-04-19,DED,SC Heerenveen,Almere City FC,2,1,31,H,2024
503762,2025-04-19,PPL,AVS,Casa Pia AC,1,1,30,D,2024
503759,2025-04-19,PPL,CD Nacional,Gil Vicente FC,0,3,30,A,2024
503763,2025-04-19,PPL,FC Arouca,CF Estrela da Amadora,1,0,30,H,2024
503758,2025-04-19,PPL,GD Estoril Praia,Sporting Clube de Braga,0,2,30,A,2024
503757,2025-04-19,PPL,Vitória SC,Sport Lisboa e Benfica,0,3,30,A,2024
499264,2025-04-20,DED,FC Utrecht,AFC Ajax,4,0,31,H,2024
499257,2025-04-23,DED,FC Groningen,Heracles Almelo,4,1,30,H,2024
499256,2025-04-24,DED,AZ,NAC Breda,1,1,30,D,2024
499262,2025-04-24,DED,FC Twente '65,PSV,1,3,30,A,2024
499258,2025-04-25,DED,Feyenoord Rotterdam,PEC Zwolle,4,0,30,H,2024
499260,2025-04-25,DED,RKC Waalwijk,FC Utrecht,0,4,30,A,2024
503750,2025-04-25,PPL,FC Famalicão,Sporting Clube de Braga,1,1,31,D,2024
503748,2025-04-26,PPL,CD Santa Clara,FC Arouca,2,0,31,H,2024
503754,2025-04-26,PPL,CF Estrela da Amadora,FC Porto,2,0,31,H,2024
503749,2025-04-26,PPL,Gil Vicente FC,SC Farense,1,0,31,H,2024
499254,2025-04-27,DED,AFC Ajax,Sparta Rotterdam,1,1,30,D,2024
499255,2025-04-27,DED,Almere City FC,Go Ahead Eagles,0,0,30,D,2024
499259,2025-04-27,DED,Fortuna Sittard,Willem II Tilburg,1,0,30,H,2024
499261,2025-04-27,DED,SC Heerenveen,NEC,1,0,30,H,2024
503752,2025-04-27,PPL,Boavista FC,Sporting Clube de Portugal,0,5,31,A,2024
503753,2025-04-27,PPL,Moreirense FC,CD Nacional,1,1,31,D,2024
503747,2025-04-27,PPL,Sport Lisboa e Benfica,AVS,6,0,31,H,2024
503751,2025-04-27,PPL,Vitória SC,Rio Ave FC,3,0,31,H,2024
503755,2025-04-29,PPL,Casa Pia AC,GD Estoril Praia,1,3,31,A,2024
503743,2025-05-02,PPL,FC Porto,Moreirense FC,3,1,32,H,2024
499263,2025-05-03,DED,FC Groningen,RKC Waalwijk,6,1,31,H,2024
499266,2025-05-03,DED,Heracles Almelo,Feyenoord Rotterdam,1,4,31,A,2024
499268,2025-05-03,DED,NEC,Willem II Tilburg,1,1,31,D,2024
499269,2025-05-03,DED,PSV,Fortuna Sittard,4,1,31,H,2024
503740,2025-05-03,PPL,CD Nacional,Vitória SC,1,2,32,A,2024
503739,2025-05-03,PPL,GD Estoril Praia,Sport Lisboa e Benfica,1,2,32,A,2024
503746,2025-05-03,PPL,SC Farense,FC Famalicão,2,1,32,H,2024
503742,2025-05-03,PPL,Sporting Clube de Braga,CD Santa Clara,1,1,32,D,2024
499265,2025-05-04,DED,Go Ahead Eagles,AZ,0,3,31,A,2024
499267,2025-05-04,DED,NAC Breda,PEC Zwolle,1,3,31,A,2024
499271,2025-05-04,DED,Sparta Rotterdam,FC Twente '65,0,2,31,A,2024
503745,2025-05-04,PPL,FC Arouca,Casa Pia AC,0,0,32,D,2024
503738,2025-05-04,PPL,Sporting Clube de Portugal,Gil Vicente FC,2,1,32,H,2024
503744,2025-05-05,PPL,AVS,Boavista FC,1,2,32,A,2024
503741,2025-05-05,PPL,Rio Ave FC,CF Estrela da Amadora,2,0,32,H,2024
499280,2025-05-09,DED,Willem II Tilburg,Heracles Almelo,1,2,32,A,2024
499273,2025-05-10,DED,Almere City FC,Sparta Rotterdam,0,3,32,A,2024
499276,2025-05-10,DED,Fortuna Sittard,NAC Breda,1,0,32,H,2024
499278,2025-05-10,DED,RKC Waalwijk,SC Heerenveen,3,1,32,H,2024
503736,2025-05-10,PPL,CD Nacional,Rio Ave FC,3,3,33,D,2024
503735,2025-05-10,PPL,CD Santa Clara,FC Famalicão,2,1,33,H,2024
503730,2025-05-10,PPL,Casa Pia AC,Sporting Clube de Braga,2,1,33,H,2024
503731,2025-05-10,PPL,Gil Vicente FC,FC Arouca,1,1,33,D,2024
503737,2025-05-10,PPL,Sport Lisboa e Benfica,Sporting Clube de Portugal,1,1,33,D,2024
499272,2025-05-11,DED,AFC Ajax,NEC,0,3,32,A,2024
499274,2025-05-11,DED,AZ,FC Groningen,3,0,32,H,2024
499279,2025-05-11,DED,FC Twente '65,FC Utrecht,2,0,32,H,2024
499275,2025-05-11,DED,Feyenoord Rotterdam,PSV,2,3,32,A,2024
499277,2025-05-11,DED,PEC Zwolle,Go Ahead Eagles,1,1,32,D,2024
503733,2025-05-11,PPL,Boavista FC,FC Porto,1,2,33,A,2024
503734,2025-05-11,PPL,CF Estrela da Amadora,AVS,0,1,33,A,2024
503729,2025-05-11,PPL,Moreirense FC,GD Estoril Praia,2,2,33,D,2024
503732,2025-05-11,PPL,Vitória SC,SC Farense,1,2,33,A,2024
499281,2025-05-14,DED,Almere City FC,Fortuna Sittard,1,1,33,D,2024
499282,2025-05-14,DED,FC Groningen,AFC Ajax,2,2,33,D,2024
499288,2025-05-14,DED,FC Twente '65,AZ,2,3,33,A,2024
499283,2025-05-14,DED,FC Utrecht,Sparta Rotterdam,1,1,33,D,2024
499284,2025-05-14,DED,Feyenoord Rotterdam,RKC Waalwijk,2,0,33,H,2024
499285,2025-05-14,DED,Go Ahead Eagles,SC Heerenveen,1,0,33,H,2024
499286,2025-05-14,DED,NEC,NAC Breda,3,0,33,H,2024
499287,2025-05-14,DED,PSV,Heracles Almelo,4,1,33,H,2024
499289,2025-05-14,DED,Willem II Tilburg,PEC Zwolle,1,2,33,A,2024
503724,2025-05-16,PPL,FC Famalicão,Casa Pia AC,2,1,34,H,2024
503721,2025-05-16,PPL,Rio Ave FC,Gil Vicente FC,1,1,34,D,2024
503726,2025-05-17,PPL,AVS,Moreirense FC,0,3,34,A,2024
503727,2025-05-17,PPL,FC Arouca,Boavista FC,4,1,34,H,2024
503725,2025-05-17,PPL,FC Porto,CD Nacional,3,0,34,H,2024
503719,2025-05-17,PPL,GD Estoril Praia,CF Estrela da Amadora,4,0,34,H,2024
503728,2025-05-17,PPL,SC Farense,CD Santa Clara,1,2,34,A,2024
503723,2025-05-17,PPL,Sporting Clube de Braga,Sport Lisboa e Benfica,1,1,34,D,2024
503722,2025-05-17,PPL,Sporting Clube de Portugal,Vitória SC,2,0,34,H,2024
499290,2025-05-18,DED,AFC Ajax,FC Twente '65,2,0,34,H,2024
499291,2025-05-18,DED,AZ,Almere City FC,1,1,34,D,2024
499292,2025-05-18,DED,Fortuna Sittard,FC Utrecht,0,0,34,D,2024
499293,2025-05-18,DED,Heracles Almelo,NEC,1,2,34,A,2024
499294,2025-05-18,DED,NAC Breda,Willem II Tilburg,1,1,34,D,2024
499295,2025-05-18,DED,PEC Zwolle,FC Groningen,2,0,34,H,2024
499296,2025-05-18,DED,RKC Waalwijk,Go Ahead Eagles,5,3,34,H,2024
499297,2025-05-18,DED,SC Heerenveen,Feyenoord Rotterdam,2,0,34,H,2024
499298,2025-05-18,DED,Sparta Rotterdam,PSV,1,3,34,A,2024
537441,2025-08-08,DED,Fortuna Sittard,Go Ahead Eagles,2,2,1,D,2025
545700,2025-08-08,PPL,Casa Pia AC,Sporting Clube de Portugal,0,2,1,A,2025
537443,2025-08-09,DED,Feyenoord Rotterdam,NAC Breda,2,0,1,H,2025
537442,2025-08-09,DED,NEC,SBV Excelsior,5,0,1,H,2025
537445,2025-08-09,DED,PSV,Sparta Rotterdam,6,1,1,H,2025
537444,2025-08-09,DED,SC Heerenveen,FC Volendam,1,1,1,D,2025
545706,2025-08-09,PPL,CD Nacional,Gil Vicente FC,0,2,1,A,2025
545703,2025-08-09,PPL,FC Arouca,AVS,3,1,1,H,2025
537447,2025-08-10,DED,AFC Ajax,Telstar 1963,2,0,1,H,2025
537448,2025-08-10,DED,AZ,FC Groningen,4,1,1,H,2025
537449,2025-08-10,DED,FC Utrecht,Heracles Almelo,4,0,1,H,2025
537446,2025-08-10,DED,PEC Zwolle,FC Twente '65,1,0,1,H,2025
545707,2025-08-10,PPL,FC Famalicão,CD Santa Clara,3,0,1,H,2025
545705,2025-08-10,PPL,Moreirense FC,FC Alverca,2,1,1,H,2025
545701,2025-08-10,PPL,Sporting Clube de Braga,CD Tondela,3,0,1,H,2025
545708,2025-08-11,PPL,FC Porto,Vitória SC,3,0,1,H,2025
545704,2025-08-11,PPL,GD Estoril Praia,CF Estrela da Amadora,1,1,1,D,2025
537450,2025-08-15,DED,Telstar 1963,PEC Zwolle,0,2,2,A,2025
545709,2025-08-15,PPL,AVS,Casa Pia AC,0,2,2,A,2025
537451,2025-08-16,DED,FC Groningen,SC Heerenveen,2,1,2,H,2025
537453,2025-08-16,DED,Heracles Almelo,NEC,1,4,2,A,2025
537452,2025-08-16,DED,SBV Excelsior,Feyenoord Rotterdam,1,2,2,A,2025
545716,2025-08-16,PPL,CD Tondela,FC Famalicão,0,1,2,A,2025
545717,2025-08-16,PPL,CF Estrela da Amadora,Sport Lisboa e Benfica,0,1,2,A,2025
545714,2025-08-16,PPL,Vitória SC,GD Estoril Praia,3,2,2,H,2025
537456,2025-08-17,DED,FC Twente '65,PSV,0,2,2,A,2025
537457,2025-08-17,DED,FC Volendam,AZ,2,2,2,D,2025
537454,2025-08-17,DED,Go Ahead Eagles,AFC Ajax,2,2,2,D,2025
537458,2025-08-17,DED,NAC Breda,Fortuna Sittard,2,1,2,H,2025
537455,2025-08-17,DED,Sparta Rotterdam,FC Utrecht,2,1,2,H,2025
545712,2025-08-17,PPL,CD Santa Clara,Moreirense FC,0,1,2,A,2025
545710,2025-08-17,PPL,FC Alverca,Sporting Clube de Braga,0,3,2,A,2025
545713,2025-08-17,PPL,Rio Ave FC,CD Nacional,1,1,2,D,2025
545715,2025-08-17,PPL,Sporting Clube de Portugal,FC Arouca,6,0,2,H,2025
545711,2025-08-18,PPL,Gil Vicente FC,FC Porto,0,2,2,A,2025
537459,2025-08-23,DED,Go Ahead Eagles,Sparta Rotterdam,0,3,3,A,2025
537460,2025-08-23,DED,PSV,FC Groningen,4,2,3,H,2025
537461,2025-08-23,DED,Telstar 1963,FC Volendam,2,2,3,D,2025
545718,2025-08-23,PPL,CD Nacional,Sporting Clube de Portugal,1,4,3,A,2025
545719,2025-08-23,PPL,FC Arouca,Rio Ave FC,3,3,3,D,2025
545726,2025-08-23,PPL,Moreirense FC,Vitória SC,2,0,3,H,2025
545721,2025-08-23,PPL,Sport Lisboa e Benfica,CD Tondela,3,0,3,H,2025
537466,2025-08-24,DED,AFC Ajax,Heracles Almelo,2,0,3,H,2025
537464,2025-08-24,DED,FC Utrecht,SBV Excelsior,4,1,3,H,2025
537465,2025-08-24,DED,NEC,NAC Breda,3,0,3,H,2025
537463,2025-08-24,DED,SC Heerenveen,FC Twente '65,1,2,3,A,2025
545720,2025-08-24,PPL,FC Famalicão,Gil Vicente FC,0,0,3,D,2025
545723,2025-08-24,PPL,FC Porto,Casa Pia AC,4,0,3,H,2025
545722,2025-08-24,PPL,Sporting Clube de Braga,AVS,2,2,3,D,2025
545724,2025-08-25,PPL,CF Estrela da Amadora,FC Alverca,2,2,3,D,2025
537468,2025-08-29,DED,FC Groningen,Heracles Almelo,4,0,4,H,2025
545730,2025-08-29,PPL,Gil Vicente FC,Moreirense FC,2,0,4,H,2025
537469,2025-08-30,DED,FC Volendam,AFC Ajax,1,1,4,D,2025
537471,2025-08-30,DED,PSV,Telstar 1963,0,2,4,A,2025
537472,2025-08-30,DED,SBV Excelsior,FC Twente '65,1,0,4,H,2025
537470,2025-08-30,DED,SC Heerenveen,Go Ahead Eagles,2,2,4,D,2025
545727,2025-08-30,PPL,AVS,FC Famalicão,0,1,4,A,2025
545728,2025-08-30,PPL,Casa Pia AC,CD Nacional,0,2,4,A,2025
545734,2025-08-30,PPL,Sporting Clube de Portugal,FC Porto,1,2,4,A,2025
545733,2025-08-30,PPL,Vitória SC,FC Arouca,1,1,4,D,2025
537473,2025-08-31,DED,Fortuna Sittard,NEC,3,2,4,H,2025
537476,2025-08-31,DED,NAC Breda,AZ,0,1,4,A,2025
537474,2025-08-31,DED,PEC Zwolle,FC Utrecht,0,2,4,A,2025
537475,2025-08-31,DED,Sparta Rotterdam,Feyenoord Rotterdam,0,4,4,A,2025
545731,2025-08-31,PPL,CD Santa Clara,CF Estrela da Amadora,0,0,4,D,2025
545732,2025-08-31,PPL,CD Tondela,GD Estoril Praia,2,2,4,D,2025
545729,2025-08-31,PPL,FC Alverca,Sport Lisboa e Benfica,1,2,4,A,2025
545735,2025-08-31,PPL,Rio Ave FC,Sporting Clube de Braga,2,2,4,D,2025
545725,2025-09-06,PPL,GD Estoril Praia,CD Santa Clara,0,1,3,A,2025
545737,2025-09-12,PPL,FC Alverca,CD Tondela,1,0,5,H,2025
545742,2025-09-12,PPL,Sport Lisboa e Benfica,CD Santa Clara,1,1,5,D,2025
537477,2025-09-13,DED,AFC Ajax,PEC Zwolle,3,1,5,H,2025
537481,2025-09-13,DED,FC Twente '65,NAC Breda,2,2,5,D,2025
537480,2025-09-13,DED,Feyenoord Rotterdam,SC Heerenveen,1,0,5,H,2025
537478,2025-09-13,DED,Go Ahead Eagles,FC Volendam,3,0,5,H,2025
537479,2025-09-13,DED,NEC,PSV,3,5,5,A,2025
545739,2025-09-13,PPL,FC Famalicão,Sporting Clube de Portugal,1,2,5,A,2025
545744,2025-09-13,PPL,FC Porto,CD Nacional,1,0,5,H,2025
545743,2025-09-13,PPL,GD Estoril Praia,AVS,3,1,5,H,2025
545740,2025-09-13,PPL,Moreirense FC,Rio Ave FC,3,1,5,H,2025
537483,2025-09-14,DED,FC Utrecht,FC Groningen,0,1,5,A,2025
537484,2025-09-14,DED,Heracles Almelo,AZ,1,2,5,A,2025
537482,2025-09-14,DED,SBV Excelsior,Sparta Rotterdam,0,1,5,A,2025
537485,2025-09-14,DED,Telstar 1963,Fortuna Sittard,1,3,5,A,2025
545736,2025-09-14,PPL,CF Estrela da Amadora,Vitória SC,0,2,5,A,2025
545738,2025-09-14,PPL,FC Arouca,Casa Pia AC,0,2,5,A,2025
545741,2025-09-14,PPL,Sporting Clube de Braga,Gil Vicente FC,0,1,5,A,2025
537467,2025-09-17,DED,Feyenoord Rotterdam,Fortuna Sittard,2,0,3,H,2025
537486,2025-09-19,DED,Sparta Rotterdam,FC Twente '65,1,5,6,A,2025
545751,2025-09-19,PPL,Rio Ave FC,FC Porto,0,3,6,A,2025
537488,2025-09-20,DED,FC Groningen,Telstar 1963,2,0,6,H,2025
537487,2025-09-20,DED,FC Volendam,SBV Excelsior,1,2,6,A,2025
537489,2025-09-20,DED,Fortuna Sittard,FC Utrecht,1,0,6,H,2025
537490,2025-09-20,DED,NAC Breda,Heracles Almelo,2,1,6,H,2025
545745,2025-09-20,PPL,AVS,Sport Lisboa e Benfica,0,3,6,A,2025
545750,2025-09-20,PPL,CD Nacional,FC Arouca,1,2,6,A,2025
545749,2025-09-20,PPL,CD Santa Clara,FC Alverca,2,1,6,H,2025
545753,2025-09-20,PPL,Vitória SC,Sporting Clube de Braga,1,1,6,D,2025
537494,2025-09-21,DED,AZ,Feyenoord Rotterdam,3,3,6,D,2025
537491,2025-09-21,DED,PEC Zwolle,Go Ahead Eagles,0,2,6,A,2025
537492,2025-09-21,DED,PSV,AFC Ajax,2,2,6,D,2025
537493,2025-09-21,DED,SC Heerenveen,NEC,3,2,6,H,2025
545748,2025-09-21,PPL,CD Tondela,CF Estrela da Amadora,0,0,6,D,2025
545746,2025-09-21,PPL,Casa Pia AC,FC Famalicão,1,1,6,D,2025
545747,2025-09-21,PPL,Gil Vicente FC,GD Estoril Praia,2,0,6,H,2025
545752,2025-09-22,PPL,Sporting Clube de Portugal,Moreirense FC,3,0,6,H,2025
545702,2025-09-23,PPL,Sport Lisboa e Benfica,Rio Ave FC,1,1,1,D,2025
537462,2025-09-24,DED,AZ,PEC Zwolle,2,2,3,D,2025
537495,2025-09-26,DED,FC Twente '65,Fortuna Sittard,3,2,7,H,2025
545760,2025-09-26,PPL,Sport Lisboa e Benfica,Gil Vicente FC,2,1,7,H,2025
537497,2025-09-27,DED,AFC Ajax,NAC Breda,2,1,7,H,2025
537498,2025-09-27,DED,FC Volendam,PEC Zwolle,2,1,7,H,2025
537502,2025-09-27,DED,Heracles Almelo,Sparta Rotterdam,3,0,7,H,2025
537499,2025-09-27,DED,SBV Excelsior,PSV,1,2,7,A,2025
545758,2025-09-27,PPL,CD Santa Clara,CD Tondela,1,2,7,A,2025
545761,2025-09-27,PPL,CF Estrela da Amadora,AVS,3,0,7,H,2025
545754,2025-09-27,PPL,GD Estoril Praia,Sporting Clube de Portugal,0,1,7,A,2025
545762,2025-09-27,PPL,Moreirense FC,Casa Pia AC,2,1,7,H,2025
537496,2025-09-28,DED,FC Groningen,Feyenoord Rotterdam,0,1,7,A,2025
537501,2025-09-28,DED,FC Utrecht,SC Heerenveen,2,2,7,D,2025
537500,2025-09-28,DED,NEC,AZ,2,1,7,H,2025
537503,2025-09-28,DED,Telstar 1963,Go Ahead Eagles,4,2,7,H,2025
545755,2025-09-28,PPL,FC Alverca,Vitória SC,2,0,7,H,2025
545757,2025-09-28,PPL,FC Famalicão,Rio Ave FC,0,0,7,D,2025
545759,2025-09-28,PPL,Sporting Clube de Braga,CD Nacional,0,1,7,A,2025
545756,2025-09-29,PPL,FC Arouca,FC Porto,0,4,7,A,2025
537504,2025-10-03,DED,NAC Breda,FC Groningen,1,2,8,A,2025
545764,2025-10-03,PPL,Casa Pia AC,GD Estoril Praia,2,2,8,D,2025
537506,2025-10-04,DED,Fortuna Sittard,FC Volendam,1,0,8,H,2025
537507,2025-10-04,DED,PEC Zwolle,PSV,0,4,8,A,2025
537508,2025-10-04,DED,SC Heerenveen,SBV Excelsior,2,1,8,H,2025
537505,2025-10-04,DED,Sparta Rotterdam,AFC Ajax,3,3,8,D,2025
545763,2025-10-04,PPL,AVS,FC Alverca,1,3,8,A,2025
545768,2025-10-04,PPL,CD Nacional,Moreirense FC,3,2,8,H,2025
545767,2025-10-04,PPL,Gil Vicente FC,CF Estrela da Amadora,2,0,8,H,2025
545769,2025-10-04,PPL,Vitória SC,CD Santa Clara,2,1,8,H,2025
537510,2025-10-05,DED,AZ,Telstar 1963,2,1,8,H,2025
537509,2025-10-05,DED,FC Twente '65,Heracles Almelo,2,1,8,H,2025
537511,2025-10-05,DED,Feyenoord Rotterdam,FC Utrecht,3,2,8,H,2025
537512,2025-10-05,DED,Go Ahead Eagles,NEC,1,1,8,D,2025
545765,2025-10-05,PPL,FC Arouca,FC Famalicão,1,1,8,D,2025
545771,2025-10-05,PPL,FC Porto,Sport Lisboa e Benfica,0,0,8,D,2025
545766,2025-10-05,PPL,Rio Ave FC,CD Tondela,3,0,8,H,2025
545770,2025-10-05,PPL,Sporting Clube de Portugal,Sporting Clube de Braga,1,1,8,D,2025
537516,2025-10-18,DED,AFC Ajax,AZ,0,2,9,A,2025
537514,2025-10-18,DED,FC Utrecht,FC Volendam,3,1,9,H,2025
537517,2025-10-18,DED,NAC Breda,PEC Zwolle,2,2,9,D,2025
537521,2025-10-18,DED,NEC,FC Twente '65,3,3,9,D,2025
537515,2025-10-18,DED,PSV,Go Ahead Eagles,2,1,9,H,2025
537518,2025-10-19,DED,FC Groningen,Sparta Rotterdam,0,2,9,A,2025
537513,2025-10-19,DED,Heracles Almelo,Feyenoord Rotterdam,0,7,9,A,2025
537519,2025-10-19,DED,SBV Excelsior,Fortuna Sittard,1,0,9,H,2025
537520,2025-10-19,DED,Telstar 1963,SC Heerenveen,2,3,9,A,2025
537522,2025-10-24,DED,SC Heerenveen,NAC Breda,3,3,10,D,2025
545774,2025-10-24,PPL,FC Alverca,Gil Vicente FC,0,4,9,A,2025
537524,2025-10-25,DED,FC Volendam,Heracles Almelo,3,0,10,H,2025
537523,2025-10-25,DED,Fortuna Sittard,FC Groningen,1,2,10,A,2025
537526,2025-10-25,DED,PEC Zwolle,NEC,2,2,10,D,2025
537525,2025-10-25,DED,Sparta Rotterdam,Telstar 1963,1,0,10,H,2025
545778,2025-10-25,PPL,CD Santa Clara,AVS,2,0,9,H,2025
545773,2025-10-25,PPL,CF Estrela da Amadora,Rio Ave FC,1,2,9,A,2025
545779,2025-10-25,PPL,Sport Lisboa e Benfica,FC Arouca,5,0,9,H,2025
537530,2025-10-26,DED,AZ,FC Utrecht,4,1,10,H,2025
537527,2025-10-26,DED,FC Twente '65,AFC Ajax,2,3,10,A,2025
537528,2025-10-26,DED,Feyenoord Rotterdam,PSV,2,3,10,A,2025
537529,2025-10-26,DED,Go Ahead Eagles,SBV Excelsior,2,0,10,H,2025
545780,2025-10-26,PPL,CD Tondela,Sporting Clube de Portugal,0,3,9,A,2025
545775,2025-10-26,PPL,FC Famalicão,Vitória SC,2,0,9,H,2025
545772,2025-10-26,PPL,GD Estoril Praia,CD Nacional,1,1,9,D,2025
545777,2025-10-26,PPL,Sporting Clube de Braga,Casa Pia AC,4,0,9,H,2025
545776,2025-10-27,PPL,Moreirense FC,FC Porto,1,2,9,A,2025
537531,2025-10-31,DED,PSV,Fortuna Sittard,5,2,11,H,2025
545785,2025-10-31,PPL,Sporting Clube de Portugal,FC Alverca,2,0,10,H,2025
537534,2025-11-01,DED,AFC Ajax,SC Heerenveen,1,1,11,D,2025
537532,2025-11-01,DED,Feyenoord Rotterdam,FC Volendam,3,1,11,H,2025
537533,2025-11-01,DED,NAC Breda,Go Ahead Eagles,1,0,11,H,2025
537535,2025-11-01,DED,Telstar 1963,SBV Excelsior,2,2,11,D,2025
545786,2025-11-01,PPL,CD Nacional,FC Famalicão,0,1,10,A,2025
545782,2025-11-01,PPL,Casa Pia AC,CF Estrela da Amadora,3,5,10,A,2025
545784,2025-11-01,PPL,Rio Ave FC,GD Estoril Praia,0,4,10,A,2025
545789,2025-11-01,PPL,Vitória SC,Sport Lisboa e Benfica,0,3,10,A,2025
537537,2025-11-02,DED,FC Groningen,FC Twente '65,1,1,11,D,2025
537539,2025-11-02,DED,FC Utrecht,NEC,1,0,11,H,2025
537536,2025-11-02,DED,Heracles Almelo,PEC Zwolle,8,2,11,H,2025
537538,2025-11-02,DED,Sparta Rotterdam,AZ,0,1,11,A,2025
545781,2025-11-02,PPL,AVS,CD Tondela,2,2,10,D,2025
545783,2025-11-02,PPL,FC Arouca,Moreirense FC,0,2,10,A,2025
545788,2025-11-02,PPL,FC Porto,Sporting Clube de Braga,2,1,10,H,2025
545787,2025-11-03,PPL,Gil Vicente FC,CD Santa Clara,1,0,10,H,2025
537540,2025-11-07,DED,FC Twente '65,Telstar 1963,0,0,12,D,2025
545797,2025-11-07,PPL,GD Estoril Praia,FC Arouca,4,3,11,H,2025
537542,2025-11-08,DED,FC Volendam,NAC Breda,2,1,12,H,2025
537543,2025-11-08,DED,Fortuna Sittard,SC Heerenveen,2,0,12,H,2025
537544,2025-11-08,DED,PEC Zwolle,Sparta Rotterdam,1,0,12,H,2025
537541,2025-11-08,DED,SBV Excelsior,Heracles Almelo,1,2,12,A,2025
545794,2025-11-08,PPL,CD Santa Clara,Sporting Clube de Portugal,1,2,11,A,2025
545798,2025-11-08,PPL,CD Tondela,Vitória SC,0,1,11,A,2025
545792,2025-11-08,PPL,FC Alverca,Rio Ave FC,1,1,11,D,2025
537546,2025-11-09,DED,AZ,PSV,1,5,12,A,2025
537545,2025-11-09,DED,FC Utrecht,AFC Ajax,2,1,12,H,2025
537548,2025-11-09,DED,Go Ahead Eagles,Feyenoord Rotterdam,2,1,12,H,2025
537547,2025-11-09,DED,NEC,FC Groningen,2,0,12,H,2025
545790,2025-11-09,PPL,AVS,Gil Vicente FC,1,1,11,D,2025
545791,2025-11-09,PPL,CF Estrela da Amadora,CD Nacional,1,1,11,D,2025
545793,2025-11-09,PPL,FC Famalicão,FC Porto,0,1,11,A,2025
545796,2025-11-09,PPL,Sport Lisboa e Benfica,Casa Pia AC,2,2,11,D,2025
545795,2025-11-09,PPL,Sporting Clube de Braga,Moreirense FC,2,1,11,H,2025
537549,2025-11-22,DED,AFC Ajax,SBV Excelsior,1,2,13,A,2025
537551,2025-11-22,DED,FC Volendam,FC Twente '65,1,1,13,D,2025
537553,2025-11-22,DED,Heracles Almelo,Go Ahead Eagles,4,2,13,H,2025
537554,2025-11-22,DED,NAC Breda,PSV,0,1,13,A,2025
537556,2025-11-22,DED,Sparta Rotterdam,Fortuna Sittard,1,1,13,D,2025
537550,2025-11-23,DED,FC Groningen,PEC Zwolle,2,2,13,D,2025
537552,2025-11-23,DED,Feyenoord Rotterdam,NEC,2,4,13,A,2025
537555,2025-11-23,DED,SC Heerenveen,AZ,3,1,13,H,2025
537557,2025-11-23,DED,Telstar 1963,FC Utrecht,1,1,13,D,2025
537563,2025-11-28,DED,PEC Zwolle,SC Heerenveen,2,1,14,H,2025
545801,2025-11-28,PPL,Vitória SC,AVS,4,0,12,H,2025
537560,2025-11-29,DED,Fortuna Sittard,Heracles Almelo,1,1,14,D,2025
537562,2025-11-29,DED,NEC,Sparta Rotterdam,3,1,14,H,2025
537559,2025-11-29,DED,SBV Excelsior,NAC Breda,1,0,14,H,2025
545807,2025-11-29,PPL,CD Nacional,Sport Lisboa e Benfica,1,2,12,A,2025
545804,2025-11-29,PPL,Casa Pia AC,FC Alverca,0,2,12,A,2025
545800,2025-11-29,PPL,Gil Vicente FC,CD Tondela,0,1,12,A,2025
545805,2025-11-29,PPL,Moreirense FC,FC Famalicão,2,2,12,D,2025
537566,2025-11-30,DED,FC Twente '65,AZ,1,0,14,H,2025
537561,2025-11-30,DED,Go Ahead Eagles,FC Utrecht,2,2,14,D,2025
537564,2025-11-30,DED,PSV,FC Volendam,3,0,14,H,2025
537565,2025-11-30,DED,Telstar 1963,Feyenoord Rotterdam,1,2,14,A,2025
545802,2025-11-30,PPL,FC Porto,GD Estoril Praia,1,0,12,H,2025
545806,2025-11-30,PPL,Rio Ave FC,CD Santa Clara,1,1,12,D,2025
545803,2025-11-30,PPL,Sporting Clube de Portugal,CF Estrela da Amadora,4,0,12,H,2025
545799,2025-12-01,PPL,FC Arouca,Sporting Clube de Braga,0,4,12,A,2025
537558,2025-12-02,DED,AFC Ajax,FC Groningen,2,0,14,H,2025
537568,2025-12-05,DED,SBV Excelsior,FC Groningen,0,2,15,A,2025
545812,2025-12-05,PPL,Sport Lisboa e Benfica,Sporting Clube de Portugal,1,1,13,D,2025
537571,2025-12-06,DED,Feyenoord Rotterdam,PEC Zwolle,6,1,15,H,2025
537572,2025-12-06,DED,Fortuna Sittard,AFC Ajax,1,3,15,A,2025
537573,2025-12-06,DED,Heracles Almelo,Telstar 1963,1,1,15,D,2025
537574,2025-12-06,DED,SC Heerenveen,PSV,0,2,15,A,2025
545808,2025-12-06,PPL,AVS,Rio Ave FC,1,2,13,A,2025
545811,2025-12-06,PPL,CD Santa Clara,Casa Pia AC,1,0,13,H,2025
545816,2025-12-06,PPL,FC Famalicão,Sporting Clube de Braga,1,2,13,A,2025
537567,2025-12-07,DED,AZ,Go Ahead Eagles,2,2,15,D,2025
537569,2025-12-07,DED,FC Utrecht,FC Twente '65,1,1,15,D,2025
537570,2025-12-07,DED,FC Volendam,NEC,2,3,15,A,2025
537575,2025-12-07,DED,Sparta Rotterdam,NAC Breda,1,0,15,H,2025
545815,2025-12-07,PPL,CD Tondela,FC Porto,0,2,13,A,2025
545814,2025-12-07,PPL,CF Estrela da Amadora,FC Arouca,3,1,13,H,2025
545810,2025-12-07,PPL,FC Alverca,CD Nacional,1,0,13,H,2025
545809,2025-12-07,PPL,GD Estoril Praia,Moreirense FC,3,3,13,D,2025
545813,2025-12-08,PPL,Vitória SC,Gil Vicente FC,0,0,13,D,2025
537578,2025-12-13,DED,FC Groningen,FC Volendam,3,0,16,H,2025
537580,2025-12-13,DED,PEC Zwolle,Fortuna Sittard,1,0,16,H,2025
537581,2025-12-13,DED,PSV,Heracles Almelo,4,3,16,H,2025
537583,2025-12-13,DED,Telstar 1963,NEC,2,2,16,D,2025
545817,2025-12-13,PPL,Casa Pia AC,Gil Vicente FC,1,1,14,D,2025
545825,2025-12-13,PPL,Rio Ave FC,Vitória SC,0,1,14,A,2025
545820,2025-12-13,PPL,Sporting Clube de Portugal,AVS,6,0,14,H,2025
537576,2025-12-14,DED,AFC Ajax,Feyenoord Rotterdam,2,0,16,H,2025
537584,2025-12-14,DED,FC Twente '65,Go Ahead Eagles,2,0,16,H,2025
537579,2025-12-14,DED,NAC Breda,FC Utrecht,1,1,16,D,2025
537582,2025-12-14,DED,Sparta Rotterdam,SC Heerenveen,0,3,16,A,2025
545823,2025-12-14,PPL,FC Arouca,FC Alverca,1,0,14,H,2025
545821,2025-12-14,PPL,FC Famalicão,GD Estoril Praia,4,0,14,H,2025
545824,2025-12-14,PPL,Moreirense FC,Sport Lisboa e Benfica,0,4,14,A,2025
545818,2025-12-15,PPL,CD Nacional,CD Tondela,3,1,14,H,2025
545822,2025-12-15,PPL,FC Porto,CF Estrela da Amadora,3,1,14,H,2025
545819,2025-12-15,PPL,Sporting Clube de Braga,CD Santa Clara,1,0,14,H,2025
545834,2025-12-19,PPL,GD Estoril Praia,Sporting Clube de Braga,1,0,15,H,2025
537591,2025-12-20,DED,Heracles Almelo,SC Heerenveen,0,3,17,A,2025
537592,2025-12-20,DED,NAC Breda,Telstar 1963,0,1,17,A,2025
537593,2025-12-20,DED,NEC,AFC Ajax,2,2,17,D,2025
537585,2025-12-20,DED,SBV Excelsior,PEC Zwolle,2,1,17,H,2025
545827,2025-12-20,PPL,CF Estrela da Amadora,Moreirense FC,0,0,15,D,2025
545829,2025-12-20,PPL,Gil Vicente FC,Rio Ave FC,2,2,15,D,2025
537586,2025-12-21,DED,FC Utrecht,PSV,1,2,17,A,2025
537587,2025-12-21,DED,FC Volendam,Sparta Rotterdam,0,1,17,A,2025
537588,2025-12-21,DED,Feyenoord Rotterdam,FC Twente '65,1,1,17,D,2025
537589,2025-12-21,DED,Fortuna Sittard,AZ,4,3,17,H,2025
537590,2025-12-21,DED,Go Ahead Eagles,FC Groningen,1,1,17,D,2025
545826,2025-12-21,PPL,AVS,CD Nacional,2,2,15,D,2025
545833,2025-12-21,PPL,CD Santa Clara,FC Arouca,0,0,15,D,2025
545832,2025-12-21,PPL,CD Tondela,Casa Pia AC,1,2,15,A,2025
545828,2025-12-22,PPL,FC Alverca,FC Porto,0,3,15,A,2025
545830,2025-12-22,PPL,Sport Lisboa e Benfica,FC Famalicão,1,0,15,H,2025
545831,2025-12-23,PPL,Vitória SC,Sporting Clube de Portugal,1,4,15,A,2025
545839,2025-12-27,PPL,FC Famalicão,CF Estrela da Amadora,2,3,16,A,2025
545840,2025-12-27,PPL,GD Estoril Praia,FC Alverca,4,1,16,H,2025
545835,2025-12-28,PPL,Casa Pia AC,Vitória SC,0,0,16,D,2025
545836,2025-12-28,PPL,FC Arouca,Gil Vicente FC,2,2,16,D,2025
545843,2025-12-28,PPL,Sporting Clube de Braga,Sport Lisboa e Benfica,2,2,16,D,2025
545841,2025-12-28,PPL,Sporting Clube de Portugal,Rio Ave FC,4,0,16,H,2025
545838,2025-12-29,PPL,FC Porto,AVS,2,0,16,H,2025
545846,2026-01-02,PPL,Gil Vicente FC,Sporting Clube de Portugal,1,1,17,D,2025
545849,2026-01-02,PPL,Vitória SC,CD Nacional,2,1,17,H,2025
545844,2026-01-03,PPL,AVS,Moreirense FC,0,2,17,A,2025
545851,2026-01-03,PPL,CD Tondela,FC Arouca,3,1,17,H,2025
545852,2026-01-03,PPL,CF Estrela da Amadora,Sporting Clube de Braga,3,3,17,D,2025
545848,2026-01-03,PPL,Sport Lisboa e Benfica,GD Estoril Praia,3,1,17,H,2025
545847,2026-01-04,PPL,CD Santa Clara,FC Porto,0,1,17,A,2025
545845,2026-01-04,PPL,FC Alverca,FC Famalicão,1,0,17,H,2025
545850,2026-01-04,PPL,Rio Ave FC,Casa Pia AC,3,1,17,H,2025
537594,2026-01-10,DED,AZ,FC Volendam,1,0,18,H,2025
537595,2026-01-10,DED,FC Groningen,NAC Breda,0,0,18,D,2025
537602,2026-01-10,DED,FC Twente '65,PEC Zwolle,1,1,18,D,2025
537598,2026-01-10,DED,PSV,SBV Excelsior,5,1,18,H,2025
537596,2026-01-11,DED,Go Ahead Eagles,Fortuna Sittard,2,2,18,D,2025
537599,2026-01-11,DED,SC Heerenveen,Feyenoord Rotterdam,2,2,18,D,2025
537600,2026-01-11,DED,Sparta Rotterdam,Heracles Almelo,2,0,18,H,2025
537601,2026-01-11,DED,Telstar 1963,AFC Ajax,2,3,18,A,2025
545842,2026-01-11,PPL,CD Nacional,CD Santa Clara,3,3,16,D,2025
545837,2026-01-11,PPL,Moreirense FC,CD Tondela,1,0,16,H,2025
545853,2026-01-16,PPL,Sporting Clube de Portugal,Casa Pia AC,3,0,18,H,2025
537603,2026-01-17,DED,AFC Ajax,Go Ahead Eagles,2,2,19,D,2025
537607,2026-01-17,DED,Fortuna Sittard,PSV,1,2,19,A,2025
537609,2026-01-17,DED,NAC Breda,NEC,3,4,19,A,2025
537610,2026-01-17,DED,PEC Zwolle,AZ,3,1,19,H,2025
537604,2026-01-17,DED,SBV Excelsior,Telstar 1963,2,2,19,D,2025
545856,2026-01-17,PPL,AVS,FC Arouca,0,1,18,A,2025
545858,2026-01-17,PPL,FC Alverca,Moreirense FC,2,1,18,H,2025
545859,2026-01-17,PPL,Gil Vicente FC,CD Nacional,2,1,18,H,2025
545855,2026-01-17,PPL,Rio Ave FC,Sport Lisboa e Benfica,0,2,18,A,2025
537605,2026-01-18,DED,FC Volendam,FC Utrecht,2,1,19,H,2025
537606,2026-01-18,DED,Feyenoord Rotterdam,Sparta Rotterdam,3,4,19,A,2025
537608,2026-01-18,DED,Heracles Almelo,FC Twente '65,0,2,19,A,2025
537611,2026-01-18,DED,SC Heerenveen,FC Groningen,0,2,19,A,2025
545860,2026-01-18,PPL,CD Santa Clara,FC Famalicão,0,1,18,A,2025
545854,2026-01-18,PPL,CD Tondela,Sporting Clube de Braga,0,1,18,A,2025
545861,2026-01-18,PPL,Vitória SC,FC Porto,0,1,18,A,2025
545857,2026-01-19,PPL,CF Estrela da Amadora,GD Estoril Praia,0,5,18,A,2025
537577,2026-01-21,DED,AZ,SBV Excelsior,1,1,16,D,2025
545862,2026-01-23,PPL,Casa Pia AC,AVS,3,3,19,D,2025
537612,2026-01-24,DED,AFC Ajax,FC Volendam,2,0,20,H,2025
537620,2026-01-24,DED,FC Twente '65,SBV Excelsior,0,0,20,D,2025
537617,2026-01-24,DED,NEC,PEC Zwolle,2,1,20,H,2025
537618,2026-01-24,DED,PSV,NAC Breda,2,2,20,D,2025
545868,2026-01-24,PPL,FC Arouca,Sporting Clube de Portugal,1,2,19,A,2025
545867,2026-01-24,PPL,GD Estoril Praia,Vitória SC,4,2,19,H,2025
545865,2026-01-24,PPL,Moreirense FC,CD Santa Clara,1,0,19,H,2025
537613,2026-01-25,DED,FC Groningen,Fortuna Sittard,1,2,20,A,2025
537614,2026-01-25,DED,FC Utrecht,Sparta Rotterdam,0,1,20,A,2025
537615,2026-01-25,DED,Feyenoord Rotterdam,Heracles Almelo,4,2,20,H,2025
537619,2026-01-25,DED,Telstar 1963,AZ,0,1,20,A,2025
545866,2026-01-25,PPL,CD Nacional,Rio Ave FC,4,0,19,H,2025
545869,2026-01-25,PPL,FC Famalicão,CD Tondela,3,0,19,H,2025
545870,2026-01-25,PPL,Sport Lisboa e Benfica,CF Estrela da Amadora,4,0,19,H,2025
545863,2026-01-25,PPL,Sporting Clube de Braga,FC Alverca,5,0,19,H,2025
545864,2026-01-26,PPL,FC Porto,Gil Vicente FC,3,0,19,H,2025
537625,2026-01-30,DED,NAC Breda,FC Twente '65,2,2,21,D,2025
545879,2026-01-30,PPL,Vitória SC,Moreirense FC,1,0,20,H,2025
537621,2026-01-31,DED,AZ,NEC,1,3,21,A,2025
537626,2026-01-31,DED,PEC Zwolle,Telstar 1963,4,1,21,H,2025
537629,2026-01-31,DED,Sparta Rotterdam,FC Groningen,2,0,21,H,2025
545878,2026-01-31,PPL,CD Santa Clara,GD Estoril Praia,2,4,20,A,2025
545877,2026-01-31,PPL,FC Alverca,CF Estrela da Amadora,1,1,20,D,2025
545872,2026-01-31,PPL,Rio Ave FC,FC Arouca,0,3,20,A,2025
537623,2026-02-01,DED,FC Volendam,Go Ahead Eagles,1,1,21,D,2025
537624,2026-02-01,DED,Heracles Almelo,Fortuna Sittard,2,1,21,H,2025
537627,2026-02-01,DED,PSV,Feyenoord Rotterdam,3,0,21,H,2025
537622,2026-02-01,DED,SBV Excelsior,AFC Ajax,2,2,21,D,2025
537628,2026-02-01,DED,SC Heerenveen,FC Utrecht,1,1,21,D,2025
545874,2026-02-01,PPL,CD Tondela,Sport Lisboa e Benfica,0,0,20,D,2025
545873,2026-02-01,PPL,Gil Vicente FC,FC Famalicão,5,0,20,H,2025
545871,2026-02-01,PPL,Sporting Clube de Portugal,CD Nacional,2,1,20,H,2025
545875,2026-02-02,PPL,AVS,Sporting Clube de Braga,0,4,20,A,2025
545876,2026-02-02,PPL,Casa Pia AC,FC Porto,2,1,20,H,2025
537635,2026-02-06,DED,NAC Breda,SBV Excelsior,0,2,22,A,2025
537638,2026-02-07,DED,FC Twente '65,SC Heerenveen,5,0,22,H,2025
537633,2026-02-07,DED,Fortuna Sittard,Sparta Rotterdam,2,2,22,D,2025
537636,2026-02-07,DED,NEC,Heracles Almelo,4,1,22,H,2025
537637,2026-02-07,DED,PEC Zwolle,FC Volendam,1,2,22,A,2025
545884,2026-02-07,PPL,CF Estrela da Amadora,CD Santa Clara,1,0,21,H,2025
545886,2026-02-07,PPL,FC Arouca,Vitória SC,3,2,21,H,2025
545885,2026-02-07,PPL,GD Estoril Praia,CD Tondela,2,2,21,D,2025
545883,2026-02-07,PPL,Moreirense FC,Gil Vicente FC,1,2,21,A,2025
537630,2026-02-08,DED,AZ,AFC Ajax,1,1,22,D,2025
537631,2026-02-08,DED,FC Groningen,PSV,1,2,22,A,2025
537632,2026-02-08,DED,FC Utrecht,Feyenoord Rotterdam,0,1,22,A,2025
537634,2026-02-08,DED,Go Ahead Eagles,Telstar 1963,1,1,22,D,2025
545881,2026-02-08,PPL,CD Nacional,Casa Pia AC,0,0,21,D,2025
545882,2026-02-08,PPL,Sport Lisboa e Benfica,FC Alverca,2,1,21,H,2025
545888,2026-02-08,PPL,Sporting Clube de Braga,Rio Ave FC,3,0,21,H,2025
545880,2026-02-09,PPL,FC Famalicão,AVS,3,1,21,H,2025
545887,2026-02-09,PPL,FC Porto,Sporting Clube de Portugal,1,1,21,D,2025
537616,2026-02-11,DED,Go Ahead Eagles,SC Heerenveen,1,3,20,A,2025
537597,2026-02-11,DED,NEC,FC Utrecht,1,3,18,A,2025
537642,2026-02-13,DED,FC Volendam,PSV,2,1,23,H,2025
545895,2026-02-13,PPL,CD Santa Clara,Sport Lisboa e Benfica,1,2,22,A,2025
545890,2026-02-13,PPL,CD Tondela,FC Alverca,1,1,22,D,2025
537639,2026-02-14,DED,AFC Ajax,Fortuna Sittard,4,1,23,H,2025
537641,2026-02-14,DED,FC Groningen,FC Utrecht,1,2,23,A,2025
537644,2026-02-14,DED,Heracles Almelo,NAC Breda,0,1,23,A,2025
537640,2026-02-14,DED,SBV Excelsior,AZ,1,2,23,A,2025
545891,2026-02-14,PPL,Casa Pia AC,FC Arouca,3,2,22,H,2025
545894,2026-02-14,PPL,Gil Vicente FC,Sporting Clube de Braga,2,1,22,H,2025
545889,2026-02-14,PPL,Vitória SC,CF Estrela da Amadora,2,1,22,H,2025
537643,2026-02-15,DED,Feyenoord Rotterdam,Go Ahead Eagles,1,0,23,H,2025
537645,2026-02-15,DED,SC Heerenveen,PEC Zwolle,4,2,23,H,2025
537647,2026-02-15,DED,Telstar 1963,FC Twente '65,1,1,23,D,2025
545896,2026-02-15,PPL,AVS,GD Estoril Praia,3,0,22,H,2025
545897,2026-02-15,PPL,CD Nacional,FC Porto,0,1,22,A,2025
545892,2026-02-15,PPL,Sporting Clube de Portugal,FC Famalicão,1,0,22,H,2025
545893,2026-02-16,PPL,Rio Ave FC,Moreirense FC,1,2,22,A,2025
537646,2026-02-17,DED,Sparta Rotterdam,NEC,1,1,23,D,2025
537652,2026-02-20,DED,Fortuna Sittard,SBV Excelsior,2,1,24,H,2025
545901,2026-02-20,PPL,CF Estrela da Amadora,CD Tondela,0,2,23,A,2025
537648,2026-02-21,DED,AFC Ajax,NEC,1,1,24,D,2025
537654,2026-02-21,DED,NAC Breda,FC Volendam,1,0,24,H,2025
537655,2026-02-21,DED,PSV,SC Heerenveen,3,1,24,H,2025
545902,2026-02-21,PPL,FC Alverca,CD Santa Clara,1,1,23,D,2025
545903,2026-02-21,PPL,FC Arouca,CD Nacional,3,0,23,H,2025
545905,2026-02-21,PPL,Moreirense FC,Sporting Clube de Portugal,0,3,23,A,2025
545898,2026-02-21,PPL,Sport Lisboa e Benfica,AVS,3,0,23,H,2025
545906,2026-02-21,PPL,Sporting Clube de Braga,Vitória SC,3,2,23,H,2025
537649,2026-02-22,DED,AZ,Sparta Rotterdam,3,1,24,H,2025
537656,2026-02-22,DED,FC Twente '65,FC Groningen,2,1,24,H,2025
537650,2026-02-22,DED,FC Utrecht,PEC Zwolle,1,1,24,D,2025
537651,2026-02-22,DED,Feyenoord Rotterdam,Telstar 1963,2,1,24,H,2025
537653,2026-02-22,DED,Go Ahead Eagles,Heracles Almelo,4,0,24,H,2025
545904,2026-02-22,PPL,FC Porto,Rio Ave FC,1,0,23,H,2025
545900,2026-02-22,PPL,GD Estoril Praia,Gil Vicente FC,3,1,23,H,2025
545899,2026-02-23,PPL,FC Famalicão,Casa Pia AC,2,0,23,H,2025
537664,2026-02-27,DED,Telstar 1963,NAC Breda,3,0,25,H,2025
545909,2026-02-27,PPL,FC Porto,FC Arouca,3,1,24,H,2025
545907,2026-02-27,PPL,Sporting Clube de Portugal,GD Estoril Praia,3,0,24,H,2025
537660,2026-02-28,DED,Heracles Almelo,PSV,1,3,25,A,2025
537661,2026-02-28,DED,NEC,Fortuna Sittard,2,3,25,A,2025
537663,2026-02-28,DED,SC Heerenveen,Sparta Rotterdam,2,1,25,H,2025
545914,2026-02-28,PPL,AVS,CF Estrela da Amadora,0,0,24,D,2025
545912,2026-02-28,PPL,CD Nacional,Sporting Clube de Braga,1,2,24,A,2025
545908,2026-02-28,PPL,Vitória SC,FC Alverca,1,1,24,D,2025
537665,2026-03-01,DED,FC Twente '65,Feyenoord Rotterdam,2,0,25,H,2025
537658,2026-03-01,DED,FC Utrecht,AZ,2,0,25,H,2025
537659,2026-03-01,DED,FC Volendam,FC Groningen,3,2,25,H,2025
537662,2026-03-01,DED,PEC Zwolle,AFC Ajax,0,0,25,D,2025
537657,2026-03-01,DED,SBV Excelsior,Go Ahead Eagles,0,1,25,A,2025
545911,2026-03-01,PPL,CD Tondela,CD Santa Clara,2,2,24,D,2025
545915,2026-03-01,PPL,Casa Pia AC,Moreirense FC,1,1,24,D,2025
545910,2026-03-01,PPL,Rio Ave FC,FC Famalicão,0,0,24,D,2025
545913,2026-03-02,PPL,Gil Vicente FC,Sport Lisboa e Benfica,1,2,24,A,2025
537670,2026-03-06,DED,Heracles Almelo,FC Utrecht,0,0,26,D,2025
545918,2026-03-06,PPL,FC Famalicão,FC Arouca,1,0,25,H,2025
537667,2026-03-07,DED,FC Groningen,AFC Ajax,3,1,26,H,2025
537673,2026-03-07,DED,PSV,AZ,2,1,26,H,2025
537666,2026-03-07,DED,SBV Excelsior,SC Heerenveen,1,2,26,A,2025
545916,2026-03-07,PPL,FC Alverca,AVS,0,0,25,D,2025
545917,2026-03-07,PPL,GD Estoril Praia,Casa Pia AC,0,0,25,D,2025
545921,2026-03-07,PPL,Moreirense FC,CD Nacional,1,1,25,D,2025
545923,2026-03-07,PPL,Sporting Clube de Braga,Sporting Clube de Portugal,2,2,25,D,2025
537668,2026-03-08,DED,Fortuna Sittard,Telstar 1963,1,4,26,A,2025
537669,2026-03-08,DED,Go Ahead Eagles,FC Twente '65,1,4,26,A,2025
537671,2026-03-08,DED,NAC Breda,Feyenoord Rotterdam,3,3,26,D,2025
537672,2026-03-08,DED,NEC,FC Volendam,3,0,26,H,2025
537674,2026-03-08,DED,Sparta Rotterdam,PEC Zwolle,1,1,26,D,2025
545922,2026-03-08,PPL,CD Santa Clara,Vitória SC,2,0,25,H,2025
545920,2026-03-08,PPL,CF Estrela da Amadora,Gil Vicente FC,2,2,25,D,2025
545924,2026-03-08,PPL,Sport Lisboa e Benfica,FC Porto,2,2,25,D,2025
545919,2026-03-09,PPL,CD Tondela,Rio Ave FC,0,1,25,A,2025
537680,2026-03-13,DED,PEC Zwolle,FC Groningen,1,1,27,D,2025
537675,2026-03-14,DED,AFC Ajax,Sparta Rotterdam,4,0,27,H,2025
537677,2026-03-14,DED,FC Volendam,Fortuna Sittard,1,2,27,A,2025
537681,2026-03-14,DED,PSV,NEC,2,3,27,A,2025
537682,2026-03-14,DED,SC Heerenveen,Telstar 1963,3,0,27,H,2025
545932,2026-03-14,PPL,FC Arouca,Sport Lisboa e Benfica,1,2,26,A,2025
545927,2026-03-14,PPL,Gil Vicente FC,FC Alverca,2,2,26,D,2025
545928,2026-03-14,PPL,Vitória SC,FC Famalicão,1,2,26,A,2025
537676,2026-03-15,DED,AZ,Heracles Almelo,4,0,27,H,2025
537683,2026-03-15,DED,FC Twente '65,FC Utrecht,0,2,27,A,2025
537678,2026-03-15,DED,Feyenoord Rotterdam,SBV Excelsior,2,1,27,H,2025
537679,2026-03-15,DED,Go Ahead Eagles,NAC Breda,6,0,27,H,2025
545931,2026-03-15,PPL,AVS,CD Santa Clara,0,1,26,A,2025
545925,2026-03-15,PPL,CD Nacional,GD Estoril Praia,0,1,26,A,2025
545929,2026-03-15,PPL,FC Porto,Moreirense FC,3,0,26,H,2025
545926,2026-03-15,PPL,Rio Ave FC,CF Estrela da Amadora,2,1,26,H,2025
537688,2026-03-20,DED,Heracles Almelo,SBV Excelsior,1,1,28,D,2025
545935,2026-03-20,PPL,CF Estrela da Amadora,Casa Pia AC,4,0,27,H,2025
537687,2026-03-21,DED,Fortuna Sittard,FC Twente '65,1,2,28,A,2025
537690,2026-03-21,DED,PEC Zwolle,NAC Breda,2,1,28,H,2025
537691,2026-03-21,DED,Sparta Rotterdam,FC Volendam,2,0,28,H,2025
545940,2026-03-21,PPL,CD Santa Clara,Gil Vicente FC,1,0,27,H,2025
545934,2026-03-21,PPL,CD Tondela,AVS,0,0,27,D,2025
545939,2026-03-21,PPL,FC Famalicão,CD Nacional,1,0,27,H,2025
545936,2026-03-21,PPL,Moreirense FC,FC Arouca,0,1,27,A,2025
545942,2026-03-21,PPL,Sport Lisboa e Benfica,Vitória SC,3,0,27,H,2025
537684,2026-03-22,DED,FC Groningen,AZ,3,0,28,H,2025
537685,2026-03-22,DED,FC Utrecht,Go Ahead Eagles,2,0,28,H,2025
537686,2026-03-22,DED,Feyenoord Rotterdam,AFC Ajax,1,1,28,D,2025
537689,2026-03-22,DED,NEC,SC Heerenveen,2,2,28,D,2025
537692,2026-03-22,DED,Telstar 1963,PSV,3,1,28,H,2025
545938,2026-03-22,PPL,FC Alverca,Sporting Clube de Portugal,1,4,27,A,2025
545937,2026-03-22,PPL,GD Estoril Praia,Rio Ave FC,1,2,27,A,2025
545941,2026-03-22,PPL,Sporting Clube de Braga,FC Porto,1,2,27,A,2025
545943,2026-04-03,PPL,Gil Vicente FC,AVS,3,0,28,H,2025
545947,2026-04-03,PPL,Sporting Clube de Portugal,CD Santa Clara,4,2,28,H,2025
545951,2026-04-03,PPL,Vitória SC,CD Tondela,5,0,28,H,2025
537693,2026-04-04,DED,AFC Ajax,FC Twente '65,1,2,29,A,2025
537694,2026-04-04,DED,AZ,Fortuna Sittard,2,0,29,H,2025
537699,2026-04-04,DED,PSV,FC Utrecht,4,3,29,H,2025
537695,2026-04-04,DED,SBV Excelsior,NEC,0,2,29,A,2025
537701,2026-04-04,DED,Telstar 1963,FC Groningen,0,2,29,A,2025
545944,2026-04-04,PPL,CD Nacional,CF Estrela da Amadora,2,0,28,H,2025
545946,2026-04-04,PPL,FC Porto,FC Famalicão,2,2,28,D,2025
545948,2026-04-04,PPL,Moreirense FC,Sporting Clube de Braga,0,1,28,A,2025
545945,2026-04-04,PPL,Rio Ave FC,FC Alverca,1,2,28,A,2025
537696,2026-04-05,DED,FC Volendam,Feyenoord Rotterdam,0,0,29,D,2025
537697,2026-04-05,DED,Go Ahead Eagles,PEC Zwolle,5,0,29,H,2025
537698,2026-04-05,DED,NAC Breda,Sparta Rotterdam,0,0,29,D,2025
537700,2026-04-05,DED,SC Heerenveen,Heracles Almelo,4,1,29,H,2025
545949,2026-04-06,PPL,Casa Pia AC,Sport Lisboa e Benfica,1,1,28,D,2025
545950,2026-04-06,PPL,FC Arouca,GD Estoril Praia,3,2,28,H,2025
537710,2026-04-10,DED,FC Twente '65,FC Volendam,2,1,30,H,2025
545958,2026-04-10,PPL,FC Famalicão,Moreirense FC,1,1,29,D,2025
537703,2026-04-11,DED,FC Groningen,Go Ahead Eagles,0,0,30,D,2025
537704,2026-04-11,DED,FC Utrecht,Telstar 1963,4,1,30,H,2025
537706,2026-04-11,DED,Heracles Almelo,AFC Ajax,0,3,30,A,2025
537709,2026-04-11,DED,Sparta Rotterdam,PSV,0,2,30,A,2025
545954,2026-04-11,PPL,AVS,Vitória SC,1,1,29,D,2025
545959,2026-04-11,PPL,CD Santa Clara,Rio Ave FC,0,2,29,A,2025
545956,2026-04-11,PPL,CF Estrela da Amadora,Sporting Clube de Portugal,0,1,29,A,2025
537702,2026-04-12,DED,AZ,SC Heerenveen,3,0,30,H,2025
537705,2026-04-12,DED,Fortuna Sittard,NAC Breda,1,1,30,D,2025
537707,2026-04-12,DED,NEC,Feyenoord Rotterdam,1,1,30,D,2025
537708,2026-04-12,DED,PEC Zwolle,SBV Excelsior,2,2,30,D,2025
545957,2026-04-12,PPL,FC Alverca,Casa Pia AC,3,1,29,H,2025
545955,2026-04-12,PPL,GD Estoril Praia,FC Porto,1,3,29,A,2025
545960,2026-04-12,PPL,Sport Lisboa e Benfica,CD Nacional,2,0,29,H,2025
545952,2026-04-12,PPL,Sporting Clube de Braga,FC Arouca,1,0,29,H,2025
545953,2026-04-13,PPL,CD Tondela,Gil Vicente FC,2,2,29,D,2025
545961,2026-04-17,PPL,Rio Ave FC,AVS,2,2,30,D,2025
545963,2026-04-18,PPL,CD Nacional,FC Alverca,1,0,30,H,2025
545964,2026-04-18,PPL,Casa Pia AC,CD Santa Clara,0,0,30,D,2025
545966,2026-04-18,PPL,Gil Vicente FC,Vitória SC,0,1,30,A,2025
545967,2026-04-19,PPL,FC Arouca,CF Estrela da Amadora,1,0,30,H,2025
545968,2026-04-19,PPL,FC Porto,CD Tondela,2,0,30,H,2025
545969,2026-04-19,PPL,Sporting Clube de Braga,FC Famalicão,2,2,30,D,2025
545965,2026-04-19,PPL,Sporting Clube de Portugal,Sport Lisboa e Benfica,1,2,30,A,2025
545962,2026-04-20,PPL,Moreirense FC,GD Estoril Praia,1,0,30,H,2025
537718,2026-04-22,DED,Telstar 1963,Sparta Rotterdam,4,1,31,H,2025
537713,2026-04-23,DED,Go Ahead Eagles,AZ,0,0,31,D,2025
537716,2026-04-23,DED,PSV,PEC Zwolle,6,1,31,H,2025
545930,2026-04-23,PPL,Casa Pia AC,Sporting Clube de Braga,0,1,26,A,2025
545976,2026-04-24,PPL,FC Alverca,FC Arouca,2,1,31,H,2025
537719,2026-04-25,DED,FC Twente '65,NEC,1,1,31,D,2025
537712,2026-04-25,DED,Feyenoord Rotterdam,FC Groningen,3,1,31,H,2025
537715,2026-04-25,DED,NAC Breda,AFC Ajax,0,2,31,A,2025
537717,2026-04-25,DED,SC Heerenveen,Fortuna Sittard,2,1,31,H,2025
545971,2026-04-25,PPL,CD Tondela,CD Nacional,0,2,31,A,2025
545977,2026-04-25,PPL,Sport Lisboa e Benfica,Moreirense FC,4,1,31,H,2025
545978,2026-04-25,PPL,Vitória SC,Rio Ave FC,2,0,31,H,2025
537714,2026-04-26,DED,Heracles Almelo,FC Volendam,0,2,31,A,2025
537711,2026-04-26,DED,SBV Excelsior,FC Utrecht,5,0,31,H,2025
545973,2026-04-26,PPL,AVS,Sporting Clube de Portugal,1,1,31,D,2025
545972,2026-04-26,PPL,CD Santa Clara,Sporting Clube de Braga,2,1,31,H,2025
545975,2026-04-26,PPL,CF Estrela da Amadora,FC Porto,1,2,31,A,2025
545974,2026-04-26,PPL,GD Estoril Praia,FC Famalicão,0,1,31,A,2025
545970,2026-04-27,PPL,Gil Vicente FC,Casa Pia AC,2,1,31,H,2025
545933,2026-04-29,PPL,Sporting Clube de Portugal,CD Tondela,2,2,26,D,2025
537720,2026-05-02,DED,AFC Ajax,PSV,2,2,32,D,2025
537722,2026-05-02,DED,FC Groningen,SBV Excelsior,2,3,32,A,2025
537723,2026-05-02,DED,FC Utrecht,NAC Breda,2,0,32,H,2025
537726,2026-05-02,DED,NEC,Telstar 1963,1,1,32,D,2025
545979,2026-05-02,PPL,CD Nacional,AVS,1,2,32,A,2025
545986,2026-05-02,PPL,FC Arouca,CD Santa Clara,2,2,32,D,2025
545983,2026-05-02,PPL,FC Famalicão,Sport Lisboa e Benfica,2,2,32,D,2025
545981,2026-05-02,PPL,FC Porto,FC Alverca,1,0,32,H,2025
545980,2026-05-02,PPL,Moreirense FC,CF Estrela da Amadora,3,2,32,H,2025
537721,2026-05-03,DED,AZ,FC Twente '65,2,2,32,D,2025
537724,2026-05-03,DED,FC Volendam,SC Heerenveen,0,2,32,A,2025
537725,2026-05-03,DED,Fortuna Sittard,Feyenoord Rotterdam,1,2,32,A,2025
537727,2026-05-03,DED,PEC Zwolle,Heracles Almelo,1,0,32,H,2025
537728,2026-05-03,DED,Sparta Rotterdam,Go Ahead Eagles,2,2,32,D,2025
545985,2026-05-03,PPL,Casa Pia AC,CD Tondela,0,1,32,A,2025
545982,2026-05-03,PPL,Rio Ave FC,Gil Vicente FC,0,0,32,D,2025
545987,2026-05-03,PPL,Sporting Clube de Braga,GD Estoril Praia,1,1,32,D,2025
545984,2026-05-04,PPL,Sporting Clube de Portugal,Vitória SC,5,1,32,H,2025
537729,2026-05-10,DED,AFC Ajax,FC Utrecht,1,2,33,A,2025
537731,2026-05-10,DED,FC Groningen,NEC,2,1,33,H,2025
537737,2026-05-10,DED,FC Twente '65,Sparta Rotterdam,4,0,33,H,2025
537732,2026-05-10,DED,Feyenoord Rotterdam,AZ,1,1,33,D,2025
537733,2026-05-10,DED,Fortuna Sittard,PEC Zwolle,3,2,33,H,2025
537734,2026-05-10,DED,Go Ahead Eagles,PSV,1,4,33,A,2025
537730,2026-05-10,DED,SBV Excelsior,FC Volendam,1,1,33,D,2025
537736,2026-05-10,DED,Telstar 1963,Heracles Almelo,3,0,33,H,2025
545991,2026-05-10,PPL,AVS,FC Porto,3,1,33,H,2025
545993,2026-05-10,PPL,FC Alverca,GD Estoril Praia,1,1,33,D,2025
537735,2026-05-11,DED,NAC Breda,SC Heerenveen,2,0,33,H,2025
545995,2026-05-11,PPL,CD Santa Clara,CD Nacional,2,0,33,H,2025
545990,2026-05-11,PPL,CD Tondela,Moreirense FC,2,0,33,H,2025
545992,2026-05-11,PPL,CF Estrela da Amadora,FC Famalicão,0,0,33,D,2025
545989,2026-05-11,PPL,Gil Vicente FC,FC Arouca,1,3,33,A,2025
545994,2026-05-11,PPL,Rio Ave FC,Sporting Clube de Portugal,1,4,33,A,2025
545996,2026-05-11,PPL,Sport Lisboa e Benfica,Sporting Clube de Braga,2,2,33,D,2025
545988,2026-05-11,PPL,Vitória SC,Casa Pia AC,0,1,33,A,2025
546002,2026-05-16,PPL,CD Nacional,Vitória SC,2,0,34,H,2025
546003,2026-05-16,PPL,Casa Pia AC,Rio Ave FC,1,1,34,D,2025
546004,2026-05-16,PPL,FC Arouca,CD Tondela,3,1,34,H,2025
545998,2026-05-16,PPL,FC Famalicão,FC Alverca,1,0,34,H,2025
546000,2026-05-16,PPL,FC Porto,CD Santa Clara,1,0,34,H,2025
546001,2026-05-16,PPL,GD Estoril Praia,Sport Lisboa e Benfica,1,3,34,A,2025
545997,2026-05-16,PPL,Moreirense FC,AVS,0,0,34,D,2025
546005,2026-05-16,PPL,Sporting Clube de Braga,CF Estrela da Amadora,2,2,34,D,2025
545999,2026-05-16,PPL,Sporting Clube de Portugal,Gil Vicente FC,3,0,34,H,2025
537738,2026-05-17,DED,AZ,NAC Breda,3,3,34,D,2025
537739,2026-05-17,DED,FC Utrecht,Fortuna Sittard,2,0,34,H,2025
537740,2026-05-17,DED,FC Volendam,Telstar 1963,1,2,34,A,2025
537741,2026-05-17,DED,Heracles Almelo,FC Groningen,1,2,34,A,2025
537742,2026-05-17,DED,NEC,Go Ahead Eagles,2,1,34,H,2025
537743,2026-05-17,DED,PEC Zwolle,Feyenoord Rotterdam,0,2,34,A,2025
537744,2026-05-17,DED,PSV,FC Twente '65,5,1,34,H,2025
537745,2026-05-17,DED,SC Heerenveen,AFC Ajax,0,0,34,D,2025
537746,2026-05-17,DED,Sparta Rotterdam,SBV Excelsior,2,3,34,A,2025
558214,2026-08-07,DED,SC Cambuur-Leeuwarden,SBV Excelsior,0,4,1,A,2026
567264,2026-08-07,PPL,GD Estoril Praia,FC Famalicão,1,1,1,D,2026
558218,2026-08-08,DED,AZ,ADO Den Haag,2,0,1,H,2026
558216,2026-08-08,DED,Go Ahead Eagles,Willem II Tilburg,4,1,1,H,2026
558215,2026-08-08,DED,NEC,Telstar 1963,1,2,1,A,2026
558217,2026-08-08,DED,PSV,Fortuna Sittard,2,2,1,D,2026
567260,2026-08-08,PPL,CF Estrela da Amadora,Sporting Clube de Portugal,2,2,1,D,2026
567263,2026-08-08,PPL,CS Marítimo,Casa Pia AC,1,0,1,H,2026
567258,2026-08-08,PPL,Vitória SC,FC Arouca,0,1,1,A,2026
558220,2026-08-09,DED,FC Groningen,FC Utrecht,2,1,1,H,2026
558221,2026-08-09,DED,PEC Zwolle,AFC Ajax,0,2,1,A,2026
558222,2026-08-09,DED,SC Heerenveen,FC Twente '65,1,0,1,H,2026
558219,2026-08-09,DED,Sparta Rotterdam,Feyenoord Rotterdam,0,1,1,A,2026
567265,2026-08-09,PPL,FC Porto,FC Alverca,2,0,1,H,2026
567261,2026-08-09,PPL,Gil Vicente FC,Rio Ave FC,1,0,1,H,2026
567259,2026-08-09,PPL,Moreirense FC,Sporting Clube de Braga,2,2,1,D,2026
567262,2026-08-09,PPL,Sport Lisboa e Benfica,Académico de Viseu FC,2,2,1,D,2026
567257,2026-08-10,PPL,CD Santa Clara,CD Nacional,2,2,1,D,2026
558223,2026-08-14,DED,Telstar 1963,Sparta Rotterdam,1,3,2,A,2026
567268,2026-08-14,PPL,Sporting Clube de Portugal,Vitória SC,3,2,2,H,2026
558225,2026-08-15,DED,FC Utrecht,AZ,1,4,2,A,2026
558227,2026-08-15,DED,Fortuna Sittard,SC Cambuur-Leeuwarden,3,1,2,H,2026
558226,2026-08-15,DED,SBV Excelsior,PSV,1,2,2,A,2026
558224,2026-08-15,DED,Willem II Tilburg,NEC,1,4,2,A,2026
567273,2026-08-15,PPL,Académico de Viseu FC,CD Santa Clara,0,1,2,A,2026
567266,2026-08-15,PPL,FC Alverca,CF Estrela da Amadora,2,2,2,D,2026
567274,2026-08-15,PPL,Rio Ave FC,FC Porto,0,2,2,A,2026
558228,2026-08-16,DED,ADO Den Haag,FC Groningen,1,4,2,A,2026
558231,2026-08-16,DED,AFC Ajax,SC Heerenveen,2,2,2,D,2026
558230,2026-08-16,DED,FC Twente '65,PEC Zwolle,3,1,2,H,2026
558229,2026-08-16,DED,Feyenoord Rotterdam,Go Ahead Eagles,2,2,2,D,2026
567270,2026-08-16,PPL,CD Nacional,GD Estoril Praia,2,0,2,H,2026
567272,2026-08-16,PPL,FC Arouca,Moreirense FC,4,0,2,H,2026
567269,2026-08-16,PPL,FC Famalicão,CS Marítimo,1,2,2,A,2026
567267,2026-08-17,PPL,Casa Pia AC,Sport Lisboa e Benfica,0,7,2,A,2026
558232,2026-08-22,DED,Fortuna Sittard,AZ,0,2,3,A,2026
558235,2026-08-22,DED,SC Heerenveen,PEC Zwolle,0,2,3,A,2026
558234,2026-08-22,DED,Sparta Rotterdam,FC Utrecht,3,3,3,D,2026
567283,2026-08-22,PPL,CS Marítimo,Académico de Viseu FC,2,2,3,D,2026
567279,2026-08-22,PPL,GD Estoril Praia,Rio Ave FC,0,2,3,A,2026
567275,2026-08-22,PPL,Sporting Clube de Portugal,FC Alverca,3,1,3,H,2026
558236,2026-08-23,DED,Go Ahead Eagles,ADO Den Haag,3,1,3,H,2026
558237,2026-08-23,DED,PSV,FC Groningen,5,1,3,H,2026
558238,2026-08-23,DED,SC Cambuur-Leeuwarden,Feyenoord Rotterdam,2,5,3,A,2026
567281,2026-08-23,PPL,CD Santa Clara,FC Famalicão,1,0,3,H,2026
567280,2026-08-23,PPL,FC Porto,FC Arouca,2,0,3,H,2026
567278,2026-08-23,PPL,Vitória SC,CD Nacional,1,0,3,H,2026
567277,2026-08-24,PPL,Gil Vicente FC,Casa Pia AC,2,0,3,H,2026
558241,2026-08-28,DED,FC Groningen,Fortuna Sittard,2,3,4,A,2026
567291,2026-08-28,PPL,Rio Ave FC,Sporting Clube de Portugal,0,4,4,A,2026
558243,2026-08-29,DED,AZ,Go Ahead Eagles,5,2,4,H,2026
558244,2026-08-29,DED,PEC Zwolle,NEC,1,3,4,A,2026
558242,2026-08-29,DED,SBV Excelsior,Sparta Rotterdam,2,1,4,H,2026
567289,2026-08-29,PPL,Académico de Viseu FC,FC Porto,0,3,4,A,2026
567285,2026-08-29,PPL,FC Alverca,CD Santa Clara,1,1,4,D,2026
567287,2026-08-29,PPL,FC Arouca,CS Marítimo,2,1,4,H,2026
558245,2026-08-30,DED,FC Utrecht,PSV,1,6,4,A,2026
558247,2026-08-30,DED,Feyenoord Rotterdam,ADO Den Haag,2,2,4,D,2026
558249,2026-08-30,DED,SC Cambuur-Leeuwarden,FC Twente '65,1,4,4,A,2026
558248,2026-08-30,DED,Telstar 1963,AFC Ajax,0,4,4,A,2026
558246,2026-08-30,DED,Willem II Tilburg,SC Heerenveen,2,2,4,D,2026
567286,2026-08-30,PPL,CD Nacional,CF Estrela da Amadora,2,3,4,A,2026
567290,2026-08-30,PPL,Casa Pia AC,Moreirense FC,0,1,4,A,2026
567284,2026-08-30,PPL,FC Famalicão,Gil Vicente FC,0,0,4,D,2026
567288,2026-08-31,PPL,Sport Lisboa e Benfica,GD Estoril Praia,2,1,4,H,2026
567292,2026-08-31,PPL,Sporting Clube de Braga,Vitória SC,1,0,4,H,2026
558250,2026-09-04,DED,Sparta Rotterdam,PEC Zwolle,2,2,5,D,2026
567299,2026-09-04,PPL,FC Porto,Moreirense FC,2,1,5,H,2026
558253,2026-09-05,DED,AFC Ajax,PSV,1,3,5,A,2026
558251,2026-09-05,DED,NEC,Feyenoord Rotterdam,1,3,5,A,2026
558254,2026-09-05,DED,Willem II Tilburg,SBV Excelsior,0,3,5,A,2026
567297,2026-09-05,PPL,CF Estrela da Amadora,FC Famalicão,2,2,5,D,2026
567293,2026-09-05,PPL,CS Marítimo,Sport Lisboa e Benfica,0,3,5,A,2026
567296,2026-09-05,PPL,FC Alverca,Sporting Clube de Braga,1,2,5,A,2026
567298,2026-09-05,PPL,Sporting Clube de Portugal,CD Nacional,2,0,5,H,2026
558258,2026-09-06,DED,ADO Den Haag,Fortuna Sittard,2,3,5,A,2026
558255,2026-09-06,DED,FC Groningen,FC Twente '65,2,2,5,D,2026
558256,2026-09-06,DED,SC Heerenveen,AZ,2,3,5,A,2026
558257,2026-09-06,DED,Telstar 1963,SC Cambuur-Leeuwarden,2,2,5,D,2026
567300,2026-09-06,PPL,CD Santa Clara,Rio Ave FC,4,0,5,H,2026
567301,2026-09-06,PPL,Gil Vicente FC,Académico de Viseu FC,0,1,5,A,2026
567294,2026-09-06,PPL,Vitória SC,Casa Pia AC,0,0,5,D,2026
567295,2026-09-07,PPL,GD Estoril Praia,FC Arouca,0,0,5,D,2026
558252,2026-09-08,DED,FC Utrecht,Go Ahead Eagles,3,3,5,D,2026
558233,2026-09-08,DED,NEC,SBV Excelsior,2,2,3,D,2026
558239,2026-09-09,DED,FC Twente '65,Telstar 1963,1,0,3,H,2026
567282,2026-09-09,PPL,Moreirense FC,Sport Lisboa e Benfica,0,4,3,A,2026
567276,2026-09-10,PPL,CF Estrela da Amadora,Sporting Clube de Braga,2,1,3,H,2026
558899,2026-09-11,DED,AZ,Willem II Tilburg,1,1,6,D,2026
558898,2026-09-12,DED,FC Twente '65,ADO Den Haag,2,0,6,H,2026
558896,2026-09-12,DED,Fortuna Sittard,AFC Ajax,1,5,6,A,2026
558897,2026-09-12,DED,Go Ahead Eagles,FC Groningen,1,1,6,D,2026
558892,2026-09-12,DED,SC Cambuur-Leeuwarden,NEC,3,0,6,H,2026
567309,2026-09-12,PPL,Académico de Viseu FC,Vitória SC,2,1,6,H,2026
567306,2026-09-12,PPL,CD Nacional,FC Alverca,1,3,6,A,2026
567307,2026-09-12,PPL,Casa Pia AC,FC Porto,1,4,6,A,2026
558891,2026-09-13,DED,PEC Zwolle,Feyenoord Rotterdam,0,7,6,A,2026
558893,2026-09-13,DED,PSV,Sparta Rotterdam,4,1,6,H,2026
558894,2026-09-13,DED,SBV Excelsior,FC Utrecht,1,2,6,A,2026
558895,2026-09-13,DED,SC Heerenveen,Telstar 1963,0,0,6,D,2026
567310,2026-09-13,PPL,FC Arouca,CD Santa Clara,1,2,6,A,2026
567305,2026-09-13,PPL,FC Famalicão,Sporting Clube de Portugal,1,1,6,D,2026
567304,2026-09-13,PPL,Sport Lisboa e Benfica,Gil Vicente FC,3,1,6,H,2026
567302,2026-09-14,PPL,Moreirense FC,CS Marítimo,3,1,6,H,2026
567303,2026-09-14,PPL,Rio Ave FC,CF Estrela da Amadora,3,3,6,D,2026
567308,2026-09-14,PPL,Sporting Clube de Braga,GD Estoril Praia,1,0,6,H,2026
558240,2026-09-15,DED,AFC Ajax,Willem II Tilburg,5,1,3,H,2026
558888,2026-09-18,DED,FC Groningen,PEC Zwolle,3,0,7,H,2026
558889,2026-09-19,DED,ADO Den Haag,SC Cambuur-Leeuwarden,1,1,7,D,2026
558887,2026-09-19,DED,AFC Ajax,SBV Excelsior,2,2,7,D,2026
558890,2026-09-19,DED,Sparta Rotterdam,SC Heerenveen,0,4,7,A,2026
558886,2026-09-19,DED,Willem II Tilburg,Fortuna Sittard,0,1,7,A,2026
567311,2026-09-19,PPL,CD Nacional,FC Famalicão,0,4,7,A,2026
567318,2026-09-19,PPL,FC Alverca,Rio Ave FC,1,0,7,H,2026
567312,2026-09-19,PPL,Gil Vicente FC,CS Marítimo,1,1,7,D,2026
567313,2026-09-19,PPL,Sporting Clube de Portugal,FC Arouca,2,2,7,D,2026
558884,2026-09-20,DED,AZ,Telstar 1963,1,0,7,H,2026
558882,2026-09-20,DED,FC Twente '65,PSV,3,2,7,H,2026
558885,2026-09-20,DED,Feyenoord Rotterdam,FC Utrecht,5,0,7,H,2026
558883,2026-09-20,DED,NEC,Go Ahead Eagles,1,1,7,D,2026
567314,2026-09-20,PPL,CD Santa Clara,Sporting Clube de Braga,0,0,7,D,2026
567317,2026-09-20,PPL,CF Estrela da Amadora,Académico de Viseu FC,0,2,7,A,2026
567316,2026-09-20,PPL,FC Porto,Sport Lisboa e Benfica,3,1,7,H,2026
567319,2026-09-20,PPL,GD Estoril Praia,Casa Pia AC,1,2,7,A,2026
567315,2026-09-20,PPL,Vitória SC,Moreirense FC,1,1,7,D,2026
558881,2026-10-09,DED,PSV,SC Heerenveen,2,0,8,H,2026
567327,2026-10-09,PPL,Moreirense FC,Gil Vicente FC,0,1,8,A,2026
567326,2026-10-09,PPL,Sporting Clube de Braga,Sporting Clube de Portugal,1,3,8,A,2026
